j,s,t,demand
Decline 1,0,2025,4072.129212
Decline 1,0,2026,4050.943895
Decline 1,0,2027,3670.555031
Decline 1,0,2028,3736.943895
Decline 1,0,2029,2882.610705
Decline 1,0,2030,1544.11092
Decline 1,0,2031,1544.11092
Decline 1,0,2032,1256.713338
Decline 2,0,2025,663.8815771
Decline 2,0,2026,496.8337191
Decline 2,0,2027,464.2887564
Decline 2,0,2028,483.5003857
Decline 2,0,2029,458.4887564
Decline 2,0,2030,397.4300391
Decline 2,0,2031,404.3279044
Decline 2,0,2032,379.4511235
Decline 3,0,2025,1223.0
Decline 3,0,2026,1062.0
Decline 3,0,2027,670.0
Decline 3,0,2028,458.0181405
Decline 3,0,2029,268.0
Decline 3,0,2030,201.0
Decline 3,0,2031,134.0
Decline 3,0,2032,67.0
Decline 4,0,2025,214.4533333
Decline 4,0,2026,208.4533333
Decline 4,0,2027,191.7866667
Decline 4,0,2028,181.12
Decline 4,0,2029,76.43331867
Decline 4,0,2030,36.66666667
Decline 4,0,2031,0.0
Decline 4,0,2032,0.0
Decline 5,0,2025,1809.32464
Decline 5,0,2026,1297.792
Decline 5,0,2027,1152.897648
Decline 5,0,2028,1152.897648
Decline 5,0,2029,964.182804
Decline 5,0,2030,843.004
Decline 5,0,2031,416.4759425
Decline 5,0,2032,189.5069516
Growth 1,0,2025,0.0
Growth 1,0,2026,0.0
Growth 1,0,2027,0.0
Growth 1,0,2028,0.0
Growth 1,0,2029,0.0
Growth 1,0,2030,0.0
Growth 1,0,2031,0.0
Growth 1,0,2032,0.0
Growth 2,0,2025,0.0
Growth 2,0,2026,0.0
Growth 2,0,2027,0.0
Growth 2,0,2028,0.0
Growth 2,0,2029,0.0
Growth 2,0,2030,0.0
Growth 2,0,2031,0.0
Growth 2,0,2032,0.0
Growth 3,0,2025,0.0
Growth 3,0,2026,0.0
Growth 3,0,2027,55.76354826
Growth 3,0,2028,172.0499227
Growth 3,0,2029,789.1875069
Growth 3,0,2030,2013.330648
Growth 3,0,2031,2975.817231
Growth 3,0,2032,4040.98506
Growth 4,0,2025,0.0
Growth 4,0,2026,0.0
Growth 4,0,2027,0.0
Growth 4,0,2028,0.0
Growth 4,0,2029,0.0
Growth 4,0,2030,0.0
Growth 4,0,2031,0.0
Growth 4,0,2032,0.0
Growth 5,0,2025,0.0
Growth 5,0,2026,0.0
Growth 5,0,2027,0.0
Growth 5,0,2028,0.0
Growth 5,0,2029,0.0
Growth 5,0,2030,0.0
Growth 5,0,2031,0.0
Growth 5,0,2032,0.0
Growth 6,0,2025,0.0
Growth 6,0,2026,127.0
Growth 6,0,2027,289.2264985
Growth 6,0,2028,1451.424447
Growth 6,0,2029,3787.146281
Growth 6,0,2030,7476.161161
Growth 6,0,2031,11429.1313
Growth 6,0,2032,14217.23982
Growth 7,0,2025,93.73946666
Growth 7,0,2026,187.4789333
Growth 7,0,2027,287.0685692
Growth 7,0,2028,468.1073593
Growth 7,0,2029,610.666967
Growth 7,0,2030,736.5398098
Growth 7,0,2031,796.2716264
Growth 7,0,2032,710.5446219
Growth 8,0,2025,0.0
Growth 8,0,2026,0.0
Growth 8,0,2027,0.0
Growth 8,0,2028,0.0
Growth 8,0,2029,0.0
Growth 8,0,2030,0.0
Growth 8,0,2031,0.0
Growth 8,0,2032,0.0
Growth 9,0,2025,0.0
Growth 9,0,2026,0.0
Growth 9,0,2027,0.0
Growth 9,0,2028,420.5743846
Growth 9,0,2029,1836.071143
Growth 9,0,2030,3774.986971
Growth 9,0,2031,5274.56421
Growth 9,0,2032,6166.945734
Mature 1,0,2025,228.0
Mature 1,0,2026,228.0
Mature 1,0,2027,228.0
Mature 1,0,2028,289.95
Mature 1,0,2029,292.95
Mature 1,0,2030,297.3308939
Mature 1,0,2031,566.9015648
Mature 1,0,2032,558.6735597
Mature 2,0,2025,1622.078506
Mature 2,0,2026,1946.722985
Mature 2,0,2027,1637.12799
Mature 2,0,2028,2184.0
Mature 2,0,2029,2079.0
Mature 2,0,2030,1947.0
Mature 2,0,2031,1511.0
Mature 2,0,2032,1896.191757
Mature 3,0,2025,1567.329269
Mature 3,0,2026,1719.115854
Mature 3,0,2027,1800.516064
Mature 3,0,2028,2114.430603
Mature 3,0,2029,1921.259676
Mature 3,0,2030,2129.139135
Mature 3,0,2031,2384.464011
Mature 3,0,2032,2399.333908
Mature 4,0,2025,870.5
Mature 4,0,2026,1016.0
Mature 4,0,2027,952.5
Mature 4,0,2028,876.0
Mature 4,0,2029,612.0
Mature 4,0,2030,464.9813969
Mature 4,0,2031,551.5
Mature 4,0,2032,589.550909
Decline 1,1,2025,4072.129212
Decline 1,1,2026,4050.943895
Decline 1,1,2027,3670.555031
Decline 1,1,2028,3736.943895
Decline 1,1,2029,2882.610705
Decline 1,1,2030,1544.11092
Decline 1,1,2031,1544.11092
Decline 1,1,2032,1256.713338
Decline 2,1,2025,1097.826268
Decline 2,1,2026,782.7680227
Decline 2,1,2027,823.0560987
Decline 2,1,2028,853.1148208
Decline 2,1,2029,853.1148208
Decline 2,1,2030,793.1148207
Decline 2,1,2031,665.5923062
Decline 2,1,2032,714.3560987
Decline 3,1,2025,1223.0
Decline 3,1,2026,1062.0
Decline 3,1,2027,670.0
Decline 3,1,2028,458.0181405
Decline 3,1,2029,268.0
Decline 3,1,2030,201.0
Decline 3,1,2031,134.0
Decline 3,1,2032,67.0
Decline 4,1,2025,214.4533333
Decline 4,1,2026,208.4533333
Decline 4,1,2027,191.7866667
Decline 4,1,2028,181.12
Decline 4,1,2029,76.43331867
Decline 4,1,2030,36.66666667
Decline 4,1,2031,0.0
Decline 4,1,2032,0.0
Decline 5,1,2025,2040.800368
Decline 5,1,2026,1710.304
Decline 5,1,2027,1592.103307
Decline 5,1,2028,1511.695501
Decline 5,1,2029,1356.812827
Decline 5,1,2030,1218.610036
Decline 5,1,2031,1020.198713
Decline 5,1,2032,823.9449517
Growth 1,1,2025,0.0
Growth 1,1,2026,0.0
Growth 1,1,2027,0.0
Growth 1,1,2028,73.49999999
Growth 1,1,2029,147.0
Growth 1,1,2030,241.6564707
Growth 1,1,2031,294.0
Growth 1,1,2032,298.2983199
Growth 2,1,2025,0.0
Growth 2,1,2026,0.0
Growth 2,1,2027,0.0
Growth 2,1,2028,0.0
Growth 2,1,2029,115.0
Growth 2,1,2030,230.0
Growth 2,1,2031,690.0
Growth 2,1,2032,1265.0
Growth 3,1,2025,0.0
Growth 3,1,2026,0.0
Growth 3,1,2027,46.48360656
Growth 3,1,2028,91.44756544
Growth 3,1,2029,367.0185388
Growth 3,1,2030,758.976408
Growth 3,1,2031,1038.178471
Growth 3,1,2032,1679.068804
Growth 4,1,2025,0.0
Growth 4,1,2026,0.0
Growth 4,1,2027,0.0
Growth 4,1,2028,0.036969178
Growth 4,1,2029,2.444174196
Growth 4,1,2030,39.279279
Growth 4,1,2031,121.9648213
Growth 4,1,2032,168.129366
Growth 5,1,2025,0.0
Growth 5,1,2026,0.0
Growth 5,1,2027,14.78274778
Growth 5,1,2028,93.0650761
Growth 5,1,2029,225.5690067
Growth 5,1,2030,331.837604
Growth 5,1,2031,395.9472962
Growth 5,1,2032,449.7006275
Growth 6,1,2025,0.0
Growth 6,1,2026,0.0
Growth 6,1,2027,0.0
Growth 6,1,2028,0.0
Growth 6,1,2029,0.0
Growth 6,1,2030,0.0
Growth 6,1,2031,0.0
Growth 6,1,2032,0.0
Growth 7,1,2025,215.2184
Growth 7,1,2026,333.6516932
Growth 7,1,2027,489.4022653
Growth 7,1,2028,835.2893713
Growth 7,1,2029,1163.923767
Growth 7,1,2030,1394.012203
Growth 7,1,2031,1223.348171
Growth 7,1,2032,1319.852451
Growth 8,1,2025,0.0
Growth 8,1,2026,0.0
Growth 8,1,2027,0.0
Growth 8,1,2028,0.0
Growth 8,1,2029,0.0
Growth 8,1,2030,0.0
Growth 8,1,2031,0.0
Growth 8,1,2032,0.0
Growth 9,1,2025,0.0
Growth 9,1,2026,0.0
Growth 9,1,2027,0.0
Growth 9,1,2028,0.0
Growth 9,1,2029,0.0
Growth 9,1,2030,0.0
Growth 9,1,2031,0.0
Growth 9,1,2032,0.0
Mature 1,1,2025,38.2
Mature 1,1,2026,38.2
Mature 1,1,2027,38.2
Mature 1,1,2028,61.33333333
Mature 1,1,2029,62.19999999
Mature 1,1,2030,61.33333333
Mature 1,1,2031,91.79059773
Mature 1,1,2032,108.2223361
Mature 2,1,2025,2650.016952
Mature 2,1,2026,3353.577983
Mature 2,1,2027,3031.589928
Mature 2,1,2028,3521.875
Mature 2,1,2029,3445.732255
Mature 2,1,2030,3823.4375
Mature 2,1,2031,3941.936731
Mature 2,1,2032,4681.54962
Mature 3,1,2025,1567.329269
Mature 3,1,2026,1719.115854
Mature 3,1,2027,1800.516064
Mature 3,1,2028,2114.430603
Mature 3,1,2029,1921.259676
Mature 3,1,2030,2129.139135
Mature 3,1,2031,2384.464011
Mature 3,1,2032,2399.333908
Mature 4,1,2025,870.5
Mature 4,1,2026,1016.0
Mature 4,1,2027,952.5
Mature 4,1,2028,876.0
Mature 4,1,2029,612.0
Mature 4,1,2030,464.9813969
Mature 4,1,2031,551.5
Mature 4,1,2032,589.550909
Decline 1,2,2025,4072.129212
Decline 1,2,2026,4050.943895
Decline 1,2,2027,3670.555031
Decline 1,2,2028,3736.943895
Decline 1,2,2029,2882.610705
Decline 1,2,2030,1544.11092
Decline 1,2,2031,1544.11092
Decline 1,2,2032,1256.713338
Decline 2,2,2025,1382.830353
Decline 2,2,2026,1089.841929
Decline 2,2,2027,1065.886626
Decline 2,2,2028,1179.327024
Decline 2,2,2029,1189.841929
Decline 2,2,2030,991.393526
Decline 2,2,2031,944.9238804
Decline 2,2,2032,1194.99404
Decline 3,2,2025,1223.0
Decline 3,2,2026,1062.0
Decline 3,2,2027,670.0
Decline 3,2,2028,458.0181405
Decline 3,2,2029,268.0
Decline 3,2,2030,201.0
Decline 3,2,2031,134.0
Decline 3,2,2032,67.0
Decline 4,2,2025,559.68
Decline 4,2,2026,549.68
Decline 4,2,2027,539.68
Decline 4,2,2028,529.68
Decline 4,2,2029,373.12
Decline 4,2,2030,186.5600001
Decline 4,2,2031,0.0
Decline 4,2,2032,0.0
Decline 5,2,2025,1809.32464
Decline 5,2,2026,1297.792
Decline 5,2,2027,1152.897648
Decline 5,2,2028,1152.897648
Decline 5,2,2029,964.182804
Decline 5,2,2030,843.004
Decline 5,2,2031,416.4759425
Decline 5,2,2032,189.5069516
Growth 1,2,2025,0.0
Growth 1,2,2026,0.0
Growth 1,2,2027,0.0
Growth 1,2,2028,73.49999999
Growth 1,2,2029,147.0
Growth 1,2,2030,241.6564707
Growth 1,2,2031,294.0
Growth 1,2,2032,298.2983199
Growth 2,2,2025,0.0
Growth 2,2,2026,0.0
Growth 2,2,2027,0.0
Growth 2,2,2028,0.0
Growth 2,2,2029,115.0
Growth 2,2,2030,230.0
Growth 2,2,2031,690.0
Growth 2,2,2032,1265.0
Growth 3,2,2025,0.0
Growth 3,2,2026,0.0
Growth 3,2,2027,71.55173043
Growth 3,2,2028,365.2770063
Growth 3,2,2029,1442.793851
Growth 3,2,2030,3070.038021
Growth 3,2,2031,4124.136222
Growth 3,2,2032,5688.024813
Growth 4,2,2025,0.0
Growth 4,2,2026,0.0
Growth 4,2,2027,0.0
Growth 4,2,2028,0.0
Growth 4,2,2029,0.75
Growth 4,2,2030,35.12
Growth 4,2,2031,119.5
Growth 4,2,2032,105.198
Growth 5,2,2025,0.0
Growth 5,2,2026,0.0
Growth 5,2,2027,14.78274778
Growth 5,2,2028,77.21633571
Growth 5,2,2029,168.7795756
Growth 5,2,2030,235.2845834
Growth 5,2,2031,274.3130356
Growth 5,2,2032,307.8233761
Growth 6,2,2025,0.0
Growth 6,2,2026,0.0
Growth 6,2,2027,0.0
Growth 6,2,2028,404.8659044
Growth 6,2,2029,1127.547098
Growth 6,2,2030,2224.568158
Growth 6,2,2031,3385.53918
Growth 6,2,2032,4198.824283
Growth 7,2,2025,93.73946666
Growth 7,2,2026,187.4789333
Growth 7,2,2027,287.0685692
Growth 7,2,2028,468.1073593
Growth 7,2,2029,610.666967
Growth 7,2,2030,736.5398098
Growth 7,2,2031,796.2716264
Growth 7,2,2032,710.5446219
Growth 8,2,2025,0.0
Growth 8,2,2026,0.0
Growth 8,2,2027,0.0
Growth 8,2,2028,0.0
Growth 8,2,2029,0.0
Growth 8,2,2030,0.0
Growth 8,2,2031,96.39344262
Growth 8,2,2032,545.4421738
Growth 9,2,2025,0.0
Growth 9,2,2026,0.0
Growth 9,2,2027,0.0
Growth 9,2,2028,684.6243048
Growth 9,2,2029,3137.725002
Growth 9,2,2030,6550.566579
Growth 9,2,2031,9302.979184
Growth 9,2,2032,11088.26749
Mature 1,2,2025,38.2
Mature 1,2,2026,38.2
Mature 1,2,2027,38.2
Mature 1,2,2028,61.33333333
Mature 1,2,2029,62.19999999
Mature 1,2,2030,61.33333333
Mature 1,2,2031,91.79059773
Mature 1,2,2032,108.2223361
Mature 2,2,2025,818.0246624
Mature 2,2,2026,839.3377254
Mature 2,2,2027,908.3808986
Mature 2,2,2028,1013.76
Mature 2,2,2029,1079.04
Mature 2,2,2030,897.92
Mature 2,2,2031,810.24
Mature 2,2,2032,1069.461686
Mature 3,2,2025,832.5756098
Mature 3,2,2026,886.5756098
Mature 3,2,2027,810.6839595
Mature 3,2,2028,917.035907
Mature 3,2,2029,875.1454061
Mature 3,2,2030,653.9194086
Mature 3,2,2031,421.7170732
Mature 3,2,2032,421.7170732
Mature 4,2,2025,1821.5
Mature 4,2,2026,2003.5
Mature 4,2,2027,1912.5
Mature 4,2,2028,1734.0
Mature 4,2,2029,1580.5
Mature 4,2,2030,1410.333334
Mature 4,2,2031,1244.333334
Mature 4,2,2032,1078.333334
Decline 1,3,2025,3456.259145
Decline 1,3,2026,3407.943895
Decline 1,3,2027,3113.55503
Decline 1,3,2028,3047.166165
Decline 1,3,2029,2259.22184
Decline 1,3,2030,977.7220551
Decline 1,3,2031,977.7220551
Decline 1,3,2032,607.5554601
Decline 2,3,2025,1097.826268
Decline 2,3,2026,782.7680227
Decline 2,3,2027,823.0560987
Decline 2,3,2028,853.1148208
Decline 2,3,2029,853.1148208
Decline 2,3,2030,793.1148207
Decline 2,3,2031,665.5923062
Decline 2,3,2032,714.3560987
Decline 3,3,2025,2599.0
Decline 3,3,2026,2314.0
Decline 3,3,2027,2188.0
Decline 3,3,2028,1497.667701
Decline 3,3,2029,1171.788571
Decline 3,3,2030,691.2601275
Decline 3,3,2031,492.4739318
Decline 3,3,2032,584.2266571
Decline 4,3,2025,559.68
Decline 4,3,2026,549.68
Decline 4,3,2027,539.68
Decline 4,3,2028,529.68
Decline 4,3,2029,373.12
Decline 4,3,2030,186.5600001
Decline 4,3,2031,0.0
Decline 4,3,2032,0.0
Decline 5,3,2025,1809.32464
Decline 5,3,2026,1297.792
Decline 5,3,2027,1152.897648
Decline 5,3,2028,1152.897648
Decline 5,3,2029,964.182804
Decline 5,3,2030,843.004
Decline 5,3,2031,416.4759425
Decline 5,3,2032,189.5069516
Growth 1,3,2025,0.0
Growth 1,3,2026,0.0
Growth 1,3,2027,0.0
Growth 1,3,2028,0.0
Growth 1,3,2029,0.0
Growth 1,3,2030,0.0
Growth 1,3,2031,0.0
Growth 1,3,2032,0.0
Growth 2,3,2025,0.0
Growth 2,3,2026,0.0
Growth 2,3,2027,0.0
Growth 2,3,2028,115.0
Growth 2,3,2029,460.0
Growth 2,3,2030,1610.0
Growth 2,3,2031,3450.0
Growth 2,3,2032,3758.265744
Growth 3,3,2025,0.0
Growth 3,3,2026,0.0
Growth 3,3,2027,71.55173043
Growth 3,3,2028,365.2770063
Growth 3,3,2029,1442.793851
Growth 3,3,2030,3070.038021
Growth 3,3,2031,4124.136222
Growth 3,3,2032,5688.024813
Growth 4,3,2025,0.0
Growth 4,3,2026,0.0
Growth 4,3,2027,0.0
Growth 4,3,2028,0.055453767
Growth 4,3,2029,3.666261294
Growth 4,3,2030,58.9189185
Growth 4,3,2031,182.947232
Growth 4,3,2032,252.194049
Growth 5,3,2025,0.0
Growth 5,3,2026,0.0
Growth 5,3,2027,14.78274778
Growth 5,3,2028,77.21633571
Growth 5,3,2029,168.7795756
Growth 5,3,2030,235.2845834
Growth 5,3,2031,274.3130356
Growth 5,3,2032,307.8233761
Growth 6,3,2025,0.0
Growth 6,3,2026,127.0
Growth 6,3,2027,289.2264985
Growth 6,3,2028,1451.424447
Growth 6,3,2029,3787.146281
Growth 6,3,2030,7476.161161
Growth 6,3,2031,11429.1313
Growth 6,3,2032,14217.23982
Growth 7,3,2025,93.73946666
Growth 7,3,2026,187.4789333
Growth 7,3,2027,287.0685692
Growth 7,3,2028,468.1073593
Growth 7,3,2029,610.666967
Growth 7,3,2030,736.5398098
Growth 7,3,2031,796.2716264
Growth 7,3,2032,710.5446219
Growth 8,3,2025,0.0
Growth 8,3,2026,0.0
Growth 8,3,2027,0.0
Growth 8,3,2028,0.0
Growth 8,3,2029,0.0
Growth 8,3,2030,0.0
Growth 8,3,2031,96.39344262
Growth 8,3,2032,545.4421738
Growth 9,3,2025,0.0
Growth 9,3,2026,0.0
Growth 9,3,2027,0.0
Growth 9,3,2028,1358.224305
Growth 9,3,2029,4302.525002
Growth 9,3,2030,8206.566576
Growth 9,3,2031,11450.17918
Growth 9,3,2032,13726.66749
Mature 1,3,2025,228.0
Mature 1,3,2026,228.0
Mature 1,3,2027,228.0
Mature 1,3,2028,289.95
Mature 1,3,2029,292.95
Mature 1,3,2030,297.3308939
Mature 1,3,2031,566.9015648
Mature 1,3,2032,558.6735597
Mature 2,3,2025,1622.078506
Mature 2,3,2026,1946.722985
Mature 2,3,2027,1637.12799
Mature 2,3,2028,2184.0
Mature 2,3,2029,2079.0
Mature 2,3,2030,1947.0
Mature 2,3,2031,1511.0
Mature 2,3,2032,1896.191757
Mature 3,3,2025,1168.863415
Mature 3,3,2026,1240.863415
Mature 3,3,2027,1201.256541
Mature 3,3,2028,1404.974944
Mature 3,3,2029,1367.619723
Mature 3,3,2030,1045.063032
Mature 3,3,2031,1142.910101
Mature 3,3,2032,1011.38572
Mature 4,3,2025,1821.5
Mature 4,3,2026,2003.5
Mature 4,3,2027,1912.5
Mature 4,3,2028,1734.0
Mature 4,3,2029,1580.5
Mature 4,3,2030,1410.333334
Mature 4,3,2031,1244.333334
Mature 4,3,2032,1078.333334
Decline 1,4,2025,3456.259145
Decline 1,4,2026,3407.943895
Decline 1,4,2027,3113.55503
Decline 1,4,2028,3047.166165
Decline 1,4,2029,2259.22184
Decline 1,4,2030,977.7220551
Decline 1,4,2031,977.7220551
Decline 1,4,2032,607.5554601
Decline 2,4,2025,1097.826268
Decline 2,4,2026,782.7680227
Decline 2,4,2027,823.0560987
Decline 2,4,2028,853.1148208
Decline 2,4,2029,853.1148208
Decline 2,4,2030,793.1148207
Decline 2,4,2031,665.5923062
Decline 2,4,2032,714.3560987
Decline 3,4,2025,1223.0
Decline 3,4,2026,1062.0
Decline 3,4,2027,670.0
Decline 3,4,2028,458.0181405
Decline 3,4,2029,268.0
Decline 3,4,2030,201.0
Decline 3,4,2031,134.0
Decline 3,4,2032,67.0
Decline 4,4,2025,559.68
Decline 4,4,2026,549.68
Decline 4,4,2027,539.68
Decline 4,4,2028,529.68
Decline 4,4,2029,373.12
Decline 4,4,2030,186.5600001
Decline 4,4,2031,0.0
Decline 4,4,2032,0.0
Decline 5,4,2025,2040.800368
Decline 5,4,2026,1710.304
Decline 5,4,2027,1592.103307
Decline 5,4,2028,1511.695501
Decline 5,4,2029,1356.812827
Decline 5,4,2030,1218.610036
Decline 5,4,2031,1020.198713
Decline 5,4,2032,823.9449517
Growth 1,4,2025,0.0
Growth 1,4,2026,0.0
Growth 1,4,2027,0.0
Growth 1,4,2028,73.49999999
Growth 1,4,2029,147.0
Growth 1,4,2030,241.6564707
Growth 1,4,2031,294.0
Growth 1,4,2032,298.2983199
Growth 2,4,2025,0.0
Growth 2,4,2026,0.0
Growth 2,4,2027,0.0
Growth 2,4,2028,115.0
Growth 2,4,2029,460.0
Growth 2,4,2030,1610.0
Growth 2,4,2031,3450.0
Growth 2,4,2032,3758.265744
Growth 3,4,2025,0.0
Growth 3,4,2026,0.0
Growth 3,4,2027,55.76354826
Growth 3,4,2028,172.0499227
Growth 3,4,2029,789.1875069
Growth 3,4,2030,2013.330648
Growth 3,4,2031,2975.817231
Growth 3,4,2032,4040.98506
Growth 4,4,2025,0.0
Growth 4,4,2026,0.0
Growth 4,4,2027,0.0
Growth 4,4,2028,0.0
Growth 4,4,2029,0.75
Growth 4,4,2030,35.12
Growth 4,4,2031,119.5
Growth 4,4,2032,105.198
Growth 5,4,2025,0.0
Growth 5,4,2026,0.0
Growth 5,4,2027,14.78274778
Growth 5,4,2028,93.0650761
Growth 5,4,2029,225.5690067
Growth 5,4,2030,331.837604
Growth 5,4,2031,395.9472962
Growth 5,4,2032,449.7006275
Growth 6,4,2025,0.0
Growth 6,4,2026,0.0
Growth 6,4,2027,0.0
Growth 6,4,2028,404.8659044
Growth 6,4,2029,1127.547098
Growth 6,4,2030,2224.568158
Growth 6,4,2031,3385.53918
Growth 6,4,2032,4198.824283
Growth 7,4,2025,159.7394667
Growth 7,4,2026,242.9578667
Growth 7,4,2027,373.9353065
Growth 7,4,2028,639.8787984
Growth 7,4,2029,877.2871368
Growth 7,4,2030,1028.385008
Growth 7,4,2031,1096.432133
Growth 7,4,2032,1149.609816
Growth 8,4,2025,0.0
Growth 8,4,2026,0.0
Growth 8,4,2027,0.0
Growth 8,4,2028,0.0
Growth 8,4,2029,0.0
Growth 8,4,2030,0.0
Growth 8,4,2031,96.39344262
Growth 8,4,2032,545.4421738
Growth 9,4,2025,0.0
Growth 9,4,2026,0.0
Growth 9,4,2027,0.0
Growth 9,4,2028,0.0
Growth 9,4,2029,0.0
Growth 9,4,2030,0.0
Growth 9,4,2031,0.0
Growth 9,4,2032,0.0
Mature 1,4,2025,228.0
Mature 1,4,2026,228.0
Mature 1,4,2027,228.0
Mature 1,4,2028,289.95
Mature 1,4,2029,292.95
Mature 1,4,2030,297.3308939
Mature 1,4,2031,566.9015648
Mature 1,4,2032,558.6735597
Mature 2,4,2025,818.0246624
Mature 2,4,2026,839.3377254
Mature 2,4,2027,908.3808986
Mature 2,4,2028,1013.76
Mature 2,4,2029,1079.04
Mature 2,4,2030,897.92
Mature 2,4,2031,810.24
Mature 2,4,2032,1069.461686
Mature 3,4,2025,1567.329269
Mature 3,4,2026,1719.115854
Mature 3,4,2027,1800.516064
Mature 3,4,2028,2114.430603
Mature 3,4,2029,1921.259676
Mature 3,4,2030,2129.139135
Mature 3,4,2031,2384.464011
Mature 3,4,2032,2399.333908
Mature 4,4,2025,1821.5
Mature 4,4,2026,2003.5
Mature 4,4,2027,1912.5
Mature 4,4,2028,1734.0
Mature 4,4,2029,1580.5
Mature 4,4,2030,1410.333334
Mature 4,4,2031,1244.333334
Mature 4,4,2032,1078.333334
Decline 1,5,2025,4072.129212
Decline 1,5,2026,4050.943895
Decline 1,5,2027,3670.555031
Decline 1,5,2028,3736.943895
Decline 1,5,2029,2882.610705
Decline 1,5,2030,1544.11092
Decline 1,5,2031,1544.11092
Decline 1,5,2032,1256.713338
Decline 2,5,2025,1382.830353
Decline 2,5,2026,1089.841929
Decline 2,5,2027,1065.886626
Decline 2,5,2028,1179.327024
Decline 2,5,2029,1189.841929
Decline 2,5,2030,991.393526
Decline 2,5,2031,944.9238804
Decline 2,5,2032,1194.99404
Decline 3,5,2025,2375.133859
Decline 3,5,2026,1923.0
Decline 3,5,2027,1645.0
Decline 3,5,2028,1119.0
Decline 3,5,2029,526.0000001
Decline 3,5,2030,392.0
Decline 3,5,2031,201.0
Decline 3,5,2032,316.305327
Decline 4,5,2025,214.4533333
Decline 4,5,2026,208.4533333
Decline 4,5,2027,191.7866667
Decline 4,5,2028,181.12
Decline 4,5,2029,76.43331867
Decline 4,5,2030,36.66666667
Decline 4,5,2031,0.0
Decline 4,5,2032,0.0
Decline 5,5,2025,1809.32464
Decline 5,5,2026,1297.792
Decline 5,5,2027,1152.897648
Decline 5,5,2028,1152.897648
Decline 5,5,2029,964.182804
Decline 5,5,2030,843.004
Decline 5,5,2031,416.4759425
Decline 5,5,2032,189.5069516
Growth 1,5,2025,0.0
Growth 1,5,2026,0.0
Growth 1,5,2027,0.0
Growth 1,5,2028,48.99999999
Growth 1,5,2029,79.01491413
Growth 1,5,2030,161.1043138
Growth 1,5,2031,194.5313599
Growth 1,5,2032,198.8655466
Growth 2,5,2025,0.0
Growth 2,5,2026,0.0
Growth 2,5,2027,0.0
Growth 2,5,2028,0.0
Growth 2,5,2029,115.0
Growth 2,5,2030,230.0
Growth 2,5,2031,690.0
Growth 2,5,2032,1265.0
Growth 3,5,2025,0.0
Growth 3,5,2026,0.0
Growth 3,5,2027,0.0
Growth 3,5,2028,0.0
Growth 3,5,2029,0.0
Growth 3,5,2030,0.0
Growth 3,5,2031,0.0
Growth 3,5,2032,0.0
Growth 4,5,2025,0.0
Growth 4,5,2026,0.0
Growth 4,5,2027,0.0
Growth 4,5,2028,0.0
Growth 4,5,2029,0.75
Growth 4,5,2030,35.12
Growth 4,5,2031,119.5
Growth 4,5,2032,105.198
Growth 5,5,2025,0.0
Growth 5,5,2026,0.0
Growth 5,5,2027,3.711344179
Growth 5,5,2028,24.12748395
Growth 5,5,2029,58.41395903
Growth 5,5,2030,86.00016675
Growth 5,5,2031,103.3280894
Growth 5,5,2032,118.15574
Growth 6,5,2025,0.0
Growth 6,5,2026,190.0
Growth 6,5,2027,815.8364985
Growth 6,5,2028,2053.264447
Growth 6,5,2029,4464.216281
Growth 6,5,2030,8228.461161
Growth 6,5,2031,12256.6613
Growth 6,5,2032,15119.99982
Growth 7,5,2025,159.7394667
Growth 7,5,2026,242.9578667
Growth 7,5,2027,373.9353065
Growth 7,5,2028,639.8787984
Growth 7,5,2029,877.2871368
Growth 7,5,2030,1028.385008
Growth 7,5,2031,1096.432133
Growth 7,5,2032,1149.609816
Growth 8,5,2025,0.0
Growth 8,5,2026,0.0
Growth 8,5,2027,0.0
Growth 8,5,2028,0.0
Growth 8,5,2029,0.0
Growth 8,5,2030,0.0
Growth 8,5,2031,0.0
Growth 8,5,2032,0.0
Growth 9,5,2025,0.0
Growth 9,5,2026,0.0
Growth 9,5,2027,0.0
Growth 9,5,2028,420.5743846
Growth 9,5,2029,1836.071143
Growth 9,5,2030,3774.986971
Growth 9,5,2031,5274.56421
Growth 9,5,2032,6166.945734
Mature 1,5,2025,103.3
Mature 1,5,2026,103.3
Mature 1,5,2027,103.3
Mature 1,5,2028,149.3
Mature 1,5,2029,149.3
Mature 1,5,2030,149.3
Mature 1,5,2031,297.8258984
Mature 1,5,2032,339.3104838
Mature 2,5,2025,1622.078506
Mature 2,5,2026,1946.722985
Mature 2,5,2027,1637.12799
Mature 2,5,2028,2184.0
Mature 2,5,2029,2079.0
Mature 2,5,2030,1947.0
Mature 2,5,2031,1511.0
Mature 2,5,2032,1896.191757
Mature 3,5,2025,1567.329269
Mature 3,5,2026,1719.115854
Mature 3,5,2027,1800.516064
Mature 3,5,2028,2114.430603
Mature 3,5,2029,1921.259676
Mature 3,5,2030,2129.139135
Mature 3,5,2031,2384.464011
Mature 3,5,2032,2399.333908
Mature 4,5,2025,870.5
Mature 4,5,2026,1016.0
Mature 4,5,2027,952.5
Mature 4,5,2028,876.0
Mature 4,5,2029,612.0
Mature 4,5,2030,464.9813969
Mature 4,5,2031,551.5
Mature 4,5,2032,589.550909
Decline 1,6,2025,4072.129212
Decline 1,6,2026,4050.943895
Decline 1,6,2027,3670.555031
Decline 1,6,2028,3736.943895
Decline 1,6,2029,2882.610705
Decline 1,6,2030,1544.11092
Decline 1,6,2031,1544.11092
Decline 1,6,2032,1256.713338
Decline 2,6,2025,663.8815771
Decline 2,6,2026,496.8337191
Decline 2,6,2027,464.2887564
Decline 2,6,2028,483.5003857
Decline 2,6,2029,458.4887564
Decline 2,6,2030,397.4300391
Decline 2,6,2031,404.3279044
Decline 2,6,2032,379.4511235
Decline 3,6,2025,2599.0
Decline 3,6,2026,2314.0
Decline 3,6,2027,2188.0
Decline 3,6,2028,1497.667701
Decline 3,6,2029,1171.788571
Decline 3,6,2030,691.2601275
Decline 3,6,2031,492.4739318
Decline 3,6,2032,584.2266571
Decline 4,6,2025,214.4533333
Decline 4,6,2026,208.4533333
Decline 4,6,2027,191.7866667
Decline 4,6,2028,181.12
Decline 4,6,2029,76.43331867
Decline 4,6,2030,36.66666667
Decline 4,6,2031,0.0
Decline 4,6,2032,0.0
Decline 5,6,2025,1809.32464
Decline 5,6,2026,1297.792
Decline 5,6,2027,1152.897648
Decline 5,6,2028,1152.897648
Decline 5,6,2029,964.182804
Decline 5,6,2030,843.004
Decline 5,6,2031,416.4759425
Decline 5,6,2032,189.5069516
Growth 1,6,2025,0.0
Growth 1,6,2026,0.0
Growth 1,6,2027,0.0
Growth 1,6,2028,12.86693097
Growth 1,6,2029,79.01491413
Growth 1,6,2030,147.0
Growth 1,6,2031,194.5313599
Growth 1,6,2032,196.0
Growth 2,6,2025,0.0
Growth 2,6,2026,0.0
Growth 2,6,2027,0.0
Growth 2,6,2028,115.0
Growth 2,6,2029,460.0
Growth 2,6,2030,1610.0
Growth 2,6,2031,3450.0
Growth 2,6,2032,3758.265744
Growth 3,6,2025,0.0
Growth 3,6,2026,0.0
Growth 3,6,2027,55.76354826
Growth 3,6,2028,172.0499227
Growth 3,6,2029,789.1875069
Growth 3,6,2030,2013.330648
Growth 3,6,2031,2975.817231
Growth 3,6,2032,4040.98506
Growth 4,6,2025,0.0
Growth 4,6,2026,0.0
Growth 4,6,2027,0.0
Growth 4,6,2028,0.055453767
Growth 4,6,2029,3.666261294
Growth 4,6,2030,58.9189185
Growth 4,6,2031,182.947232
Growth 4,6,2032,252.194049
Growth 5,6,2025,0.0
Growth 5,6,2026,0.0
Growth 5,6,2027,14.78274778
Growth 5,6,2028,93.0650761
Growth 5,6,2029,225.5690067
Growth 5,6,2030,331.837604
Growth 5,6,2031,395.9472962
Growth 5,6,2032,449.7006275
Growth 6,6,2025,0.0
Growth 6,6,2026,190.0
Growth 6,6,2027,815.8364985
Growth 6,6,2028,2053.264447
Growth 6,6,2029,4464.216281
Growth 6,6,2030,8228.461161
Growth 6,6,2031,12256.6613
Growth 6,6,2032,15119.99982
Growth 7,6,2025,159.7394667
Growth 7,6,2026,242.9578667
Growth 7,6,2027,373.9353065
Growth 7,6,2028,639.8787984
Growth 7,6,2029,877.2871368
Growth 7,6,2030,1028.385008
Growth 7,6,2031,1096.432133
Growth 7,6,2032,1149.609816
Growth 8,6,2025,0.0
Growth 8,6,2026,0.0
Growth 8,6,2027,0.0
Growth 8,6,2028,0.0
Growth 8,6,2029,0.0
Growth 8,6,2030,0.0
Growth 8,6,2031,0.0
Growth 8,6,2032,0.0
Growth 9,6,2025,0.0
Growth 9,6,2026,0.0
Growth 9,6,2027,0.0
Growth 9,6,2028,1358.224305
Growth 9,6,2029,4302.525002
Growth 9,6,2030,8206.566576
Growth 9,6,2031,11450.17918
Growth 9,6,2032,13726.66749
Mature 1,6,2025,228.0
Mature 1,6,2026,228.0
Mature 1,6,2027,228.0
Mature 1,6,2028,289.95
Mature 1,6,2029,292.95
Mature 1,6,2030,297.3308939
Mature 1,6,2031,566.9015648
Mature 1,6,2032,558.6735597
Mature 2,6,2025,2650.016952
Mature 2,6,2026,3353.577983
Mature 2,6,2027,3031.589928
Mature 2,6,2028,3521.875
Mature 2,6,2029,3445.732255
Mature 2,6,2030,3823.4375
Mature 2,6,2031,3941.936731
Mature 2,6,2032,4681.54962
Mature 3,6,2025,832.5756098
Mature 3,6,2026,886.5756098
Mature 3,6,2027,810.6839595
Mature 3,6,2028,917.035907
Mature 3,6,2029,875.1454061
Mature 3,6,2030,653.9194086
Mature 3,6,2031,421.7170732
Mature 3,6,2032,421.7170732
Mature 4,6,2025,870.5
Mature 4,6,2026,1016.0
Mature 4,6,2027,952.5
Mature 4,6,2028,876.0
Mature 4,6,2029,612.0
Mature 4,6,2030,464.9813969
Mature 4,6,2031,551.5
Mature 4,6,2032,589.550909
Decline 1,7,2025,3456.259145
Decline 1,7,2026,3407.943895
Decline 1,7,2027,3113.55503
Decline 1,7,2028,3047.166165
Decline 1,7,2029,2259.22184
Decline 1,7,2030,977.7220551
Decline 1,7,2031,977.7220551
Decline 1,7,2032,607.5554601
Decline 2,7,2025,1097.826268
Decline 2,7,2026,782.7680227
Decline 2,7,2027,823.0560987
Decline 2,7,2028,853.1148208
Decline 2,7,2029,853.1148208
Decline 2,7,2030,793.1148207
Decline 2,7,2031,665.5923062
Decline 2,7,2032,714.3560987
Decline 3,7,2025,1223.0
Decline 3,7,2026,1062.0
Decline 3,7,2027,670.0
Decline 3,7,2028,458.0181405
Decline 3,7,2029,268.0
Decline 3,7,2030,201.0
Decline 3,7,2031,134.0
Decline 3,7,2032,67.0
Decline 4,7,2025,214.4533333
Decline 4,7,2026,208.4533333
Decline 4,7,2027,191.7866667
Decline 4,7,2028,181.12
Decline 4,7,2029,76.43331867
Decline 4,7,2030,36.66666667
Decline 4,7,2031,0.0
Decline 4,7,2032,0.0
Decline 5,7,2025,2040.800368
Decline 5,7,2026,1710.304
Decline 5,7,2027,1592.103307
Decline 5,7,2028,1511.695501
Decline 5,7,2029,1356.812827
Decline 5,7,2030,1218.610036
Decline 5,7,2031,1020.198713
Decline 5,7,2032,823.9449517
Growth 1,7,2025,0.0
Growth 1,7,2026,0.0
Growth 1,7,2027,0.0
Growth 1,7,2028,73.49999999
Growth 1,7,2029,147.0
Growth 1,7,2030,241.6564707
Growth 1,7,2031,294.0
Growth 1,7,2032,298.2983199
Growth 2,7,2025,0.0
Growth 2,7,2026,0.0
Growth 2,7,2027,0.0
Growth 2,7,2028,0.0
Growth 2,7,2029,115.0
Growth 2,7,2030,230.0
Growth 2,7,2031,690.0
Growth 2,7,2032,1265.0
Growth 3,7,2025,0.0
Growth 3,7,2026,0.0
Growth 3,7,2027,46.48360656
Growth 3,7,2028,91.44756544
Growth 3,7,2029,367.0185388
Growth 3,7,2030,758.976408
Growth 3,7,2031,1038.178471
Growth 3,7,2032,1679.068804
Growth 4,7,2025,0.0
Growth 4,7,2026,0.0
Growth 4,7,2027,0.0
Growth 4,7,2028,0.0
Growth 4,7,2029,0.0
Growth 4,7,2030,0.0
Growth 4,7,2031,0.0
Growth 4,7,2032,0.0
Growth 5,7,2025,0.0
Growth 5,7,2026,0.0
Growth 5,7,2027,14.78274778
Growth 5,7,2028,93.0650761
Growth 5,7,2029,225.5690067
Growth 5,7,2030,331.837604
Growth 5,7,2031,395.9472962
Growth 5,7,2032,449.7006275
Growth 6,7,2025,0.0
Growth 6,7,2026,0.0
Growth 6,7,2027,0.0
Growth 6,7,2028,404.8659044
Growth 6,7,2029,1127.547098
Growth 6,7,2030,2224.568158
Growth 6,7,2031,3385.53918
Growth 6,7,2032,4198.824283
Growth 7,7,2025,0.0
Growth 7,7,2026,0.0
Growth 7,7,2027,0.0
Growth 7,7,2028,0.0
Growth 7,7,2029,0.0
Growth 7,7,2030,0.0
Growth 7,7,2031,0.0
Growth 7,7,2032,0.0
Growth 8,7,2025,0.0
Growth 8,7,2026,0.0
Growth 8,7,2027,0.0
Growth 8,7,2028,0.0
Growth 8,7,2029,0.0
Growth 8,7,2030,0.0
Growth 8,7,2031,0.0
Growth 8,7,2032,0.0
Growth 9,7,2025,0.0
Growth 9,7,2026,0.0
Growth 9,7,2027,0.0
Growth 9,7,2028,420.5743846
Growth 9,7,2029,1836.071143
Growth 9,7,2030,3774.986971
Growth 9,7,2031,5274.56421
Growth 9,7,2032,6166.945734
Mature 1,7,2025,228.0
Mature 1,7,2026,228.0
Mature 1,7,2027,228.0
Mature 1,7,2028,289.95
Mature 1,7,2029,292.95
Mature 1,7,2030,297.3308939
Mature 1,7,2031,566.9015648
Mature 1,7,2032,558.6735597
Mature 2,7,2025,818.0246624
Mature 2,7,2026,839.3377254
Mature 2,7,2027,908.3808986
Mature 2,7,2028,1013.76
Mature 2,7,2029,1079.04
Mature 2,7,2030,897.92
Mature 2,7,2031,810.24
Mature 2,7,2032,1069.461686
Mature 3,7,2025,1567.329269
Mature 3,7,2026,1719.115854
Mature 3,7,2027,1800.516064
Mature 3,7,2028,2114.430603
Mature 3,7,2029,1921.259676
Mature 3,7,2030,2129.139135
Mature 3,7,2031,2384.464011
Mature 3,7,2032,2399.333908
Mature 4,7,2025,870.5
Mature 4,7,2026,1016.0
Mature 4,7,2027,952.5
Mature 4,7,2028,876.0
Mature 4,7,2029,612.0
Mature 4,7,2030,464.9813969
Mature 4,7,2031,551.5
Mature 4,7,2032,589.550909
Decline 1,8,2025,2894.7773
Decline 1,8,2026,2600.388435
Decline 1,8,2027,2543.388435
Decline 1,8,2028,2666.7773
Decline 1,8,2029,1565.66638
Decline 1,8,2030,473.9443251
Decline 1,8,2031,239.7990071
Decline 1,8,2032,32.8432985
Decline 2,8,2025,1382.830353
Decline 2,8,2026,1089.841929
Decline 2,8,2027,1065.886626
Decline 2,8,2028,1179.327024
Decline 2,8,2029,1189.841929
Decline 2,8,2030,991.393526
Decline 2,8,2031,944.9238804
Decline 2,8,2032,1194.99404
Decline 3,8,2025,2599.0
Decline 3,8,2026,2314.0
Decline 3,8,2027,2188.0
Decline 3,8,2028,1497.667701
Decline 3,8,2029,1171.788571
Decline 3,8,2030,691.2601275
Decline 3,8,2031,492.4739318
Decline 3,8,2032,584.2266571
Decline 4,8,2025,559.68
Decline 4,8,2026,549.68
Decline 4,8,2027,539.68
Decline 4,8,2028,529.68
Decline 4,8,2029,373.12
Decline 4,8,2030,186.5600001
Decline 4,8,2031,0.0
Decline 4,8,2032,0.0
Decline 5,8,2025,1809.32464
Decline 5,8,2026,1297.792
Decline 5,8,2027,1152.897648
Decline 5,8,2028,1152.897648
Decline 5,8,2029,964.182804
Decline 5,8,2030,843.004
Decline 5,8,2031,416.4759425
Decline 5,8,2032,189.5069516
Growth 1,8,2025,0.0
Growth 1,8,2026,0.0
Growth 1,8,2027,0.0
Growth 1,8,2028,48.99999999
Growth 1,8,2029,79.01491413
Growth 1,8,2030,161.1043138
Growth 1,8,2031,194.5313599
Growth 1,8,2032,198.8655466
Growth 2,8,2025,0.0
Growth 2,8,2026,0.0
Growth 2,8,2027,0.0
Growth 2,8,2028,0.0
Growth 2,8,2029,115.0
Growth 2,8,2030,230.0
Growth 2,8,2031,690.0
Growth 2,8,2032,1265.0
Growth 3,8,2025,0.0
Growth 3,8,2026,0.0
Growth 3,8,2027,55.76354826
Growth 3,8,2028,172.0499227
Growth 3,8,2029,789.1875069
Growth 3,8,2030,2013.330648
Growth 3,8,2031,2975.817231
Growth 3,8,2032,4040.98506
Growth 4,8,2025,0.0
Growth 4,8,2026,0.0
Growth 4,8,2027,0.0
Growth 4,8,2028,0.055453767
Growth 4,8,2029,3.666261294
Growth 4,8,2030,58.9189185
Growth 4,8,2031,182.947232
Growth 4,8,2032,252.194049
Growth 5,8,2025,0.0
Growth 5,8,2026,0.0
Growth 5,8,2027,3.711344179
Growth 5,8,2028,24.12748395
Growth 5,8,2029,58.41395903
Growth 5,8,2030,86.00016675
Growth 5,8,2031,103.3280894
Growth 5,8,2032,118.15574
Growth 6,8,2025,0.0
Growth 6,8,2026,190.0
Growth 6,8,2027,815.8364985
Growth 6,8,2028,2053.264447
Growth 6,8,2029,4464.216281
Growth 6,8,2030,8228.461161
Growth 6,8,2031,12256.6613
Growth 6,8,2032,15119.99982
Growth 7,8,2025,0.0
Growth 7,8,2026,0.0
Growth 7,8,2027,0.0
Growth 7,8,2028,0.0
Growth 7,8,2029,0.0
Growth 7,8,2030,0.0
Growth 7,8,2031,0.0
Growth 7,8,2032,0.0
Growth 8,8,2025,0.0
Growth 8,8,2026,0.0
Growth 8,8,2027,0.0
Growth 8,8,2028,0.0
Growth 8,8,2029,0.0
Growth 8,8,2030,0.0
Growth 8,8,2031,96.39344262
Growth 8,8,2032,545.4421738
Growth 9,8,2025,0.0
Growth 9,8,2026,0.0
Growth 9,8,2027,0.0
Growth 9,8,2028,420.5743846
Growth 9,8,2029,1836.071143
Growth 9,8,2030,3774.986971
Growth 9,8,2031,5274.56421
Growth 9,8,2032,6166.945734
Mature 1,8,2025,228.0
Mature 1,8,2026,228.0
Mature 1,8,2027,228.0
Mature 1,8,2028,289.95
Mature 1,8,2029,292.95
Mature 1,8,2030,297.3308939
Mature 1,8,2031,566.9015648
Mature 1,8,2032,558.6735597
Mature 2,8,2025,2650.016952
Mature 2,8,2026,3353.577983
Mature 2,8,2027,3031.589928
Mature 2,8,2028,3521.875
Mature 2,8,2029,3445.732255
Mature 2,8,2030,3823.4375
Mature 2,8,2031,3941.936731
Mature 2,8,2032,4681.54962
Mature 3,8,2025,832.5756098
Mature 3,8,2026,886.5756098
Mature 3,8,2027,810.6839595
Mature 3,8,2028,917.035907
Mature 3,8,2029,875.1454061
Mature 3,8,2030,653.9194086
Mature 3,8,2031,421.7170732
Mature 3,8,2032,421.7170732
Mature 4,8,2025,2308.75
Mature 4,8,2026,2504.375
Mature 4,8,2027,2397.5
Mature 4,8,2028,2385.625
Mature 4,8,2029,2410.0
Mature 4,8,2030,2600.625
Mature 4,8,2031,2572.973603
Mature 4,8,2032,2437.80992
Decline 1,9,2025,2894.7773
Decline 1,9,2026,2600.388435
Decline 1,9,2027,2543.388435
Decline 1,9,2028,2666.7773
Decline 1,9,2029,1565.66638
Decline 1,9,2030,473.9443251
Decline 1,9,2031,239.7990071
Decline 1,9,2032,32.8432985
Decline 2,9,2025,663.8815771
Decline 2,9,2026,496.8337191
Decline 2,9,2027,464.2887564
Decline 2,9,2028,483.5003857
Decline 2,9,2029,458.4887564
Decline 2,9,2030,397.4300391
Decline 2,9,2031,404.3279044
Decline 2,9,2032,379.4511235
Decline 3,9,2025,1223.0
Decline 3,9,2026,1062.0
Decline 3,9,2027,670.0
Decline 3,9,2028,458.0181405
Decline 3,9,2029,268.0
Decline 3,9,2030,201.0
Decline 3,9,2031,134.0
Decline 3,9,2032,67.0
Decline 4,9,2025,1091.52
Decline 4,9,2026,1063.02
Decline 4,9,2027,1019.52
Decline 4,9,2028,1004.52
Decline 4,9,2029,744.18
Decline 4,9,2030,458.3400002
Decline 4,9,2031,0.0
Decline 4,9,2032,0.0
Decline 5,9,2025,1809.32464
Decline 5,9,2026,1297.792
Decline 5,9,2027,1152.897648
Decline 5,9,2028,1152.897648
Decline 5,9,2029,964.182804
Decline 5,9,2030,843.004
Decline 5,9,2031,416.4759425
Decline 5,9,2032,189.5069516
Growth 1,9,2025,0.0
Growth 1,9,2026,0.0
Growth 1,9,2027,0.0
Growth 1,9,2028,73.49999999
Growth 1,9,2029,147.0
Growth 1,9,2030,241.6564707
Growth 1,9,2031,294.0
Growth 1,9,2032,298.2983199
Growth 2,9,2025,0.0
Growth 2,9,2026,0.0
Growth 2,9,2027,0.0
Growth 2,9,2028,0.0
Growth 2,9,2029,115.0
Growth 2,9,2030,230.0
Growth 2,9,2031,690.0
Growth 2,9,2032,1265.0
Growth 3,9,2025,0.0
Growth 3,9,2026,0.0
Growth 3,9,2027,55.76354826
Growth 3,9,2028,172.0499227
Growth 3,9,2029,789.1875069
Growth 3,9,2030,2013.330648
Growth 3,9,2031,2975.817231
Growth 3,9,2032,4040.98506
Growth 4,9,2025,0.0
Growth 4,9,2026,0.0
Growth 4,9,2027,0.0
Growth 4,9,2028,0.0
Growth 4,9,2029,0.75
Growth 4,9,2030,35.12
Growth 4,9,2031,119.5
Growth 4,9,2032,105.198
Growth 5,9,2025,0.0
Growth 5,9,2026,0.0
Growth 5,9,2027,14.78274778
Growth 5,9,2028,93.0650761
Growth 5,9,2029,225.5690067
Growth 5,9,2030,331.837604
Growth 5,9,2031,395.9472962
Growth 5,9,2032,449.7006275
Growth 6,9,2025,0.0
Growth 6,9,2026,127.0
Growth 6,9,2027,289.2264985
Growth 6,9,2028,1451.424447
Growth 6,9,2029,3787.146281
Growth 6,9,2030,7476.161161
Growth 6,9,2031,11429.1313
Growth 6,9,2032,14217.23982
Growth 7,9,2025,159.7394667
Growth 7,9,2026,242.9578667
Growth 7,9,2027,373.9353065
Growth 7,9,2028,639.8787984
Growth 7,9,2029,877.2871368
Growth 7,9,2030,1028.385008
Growth 7,9,2031,1096.432133
Growth 7,9,2032,1149.609816
Growth 8,9,2025,0.0
Growth 8,9,2026,0.0
Growth 8,9,2027,0.0
Growth 8,9,2028,0.0
Growth 8,9,2029,0.0
Growth 8,9,2030,0.0
Growth 8,9,2031,0.0
Growth 8,9,2032,0.0
Growth 9,9,2025,0.0
Growth 9,9,2026,0.0
Growth 9,9,2027,0.0
Growth 9,9,2028,684.6243048
Growth 9,9,2029,3137.725002
Growth 9,9,2030,6550.566579
Growth 9,9,2031,9302.979184
Growth 9,9,2032,11088.26749
Mature 1,9,2025,228.0
Mature 1,9,2026,228.0
Mature 1,9,2027,228.0
Mature 1,9,2028,289.95
Mature 1,9,2029,292.95
Mature 1,9,2030,297.3308939
Mature 1,9,2031,566.9015648
Mature 1,9,2032,558.6735597
Mature 2,9,2025,2650.016952
Mature 2,9,2026,3353.577983
Mature 2,9,2027,3031.589928
Mature 2,9,2028,3521.875
Mature 2,9,2029,3445.732255
Mature 2,9,2030,3823.4375
Mature 2,9,2031,3941.936731
Mature 2,9,2032,4681.54962
Mature 3,9,2025,1168.863415
Mature 3,9,2026,1240.863415
Mature 3,9,2027,1201.256541
Mature 3,9,2028,1404.974944
Mature 3,9,2029,1367.619723
Mature 3,9,2030,1045.063032
Mature 3,9,2031,1142.910101
Mature 3,9,2032,1011.38572
Mature 4,9,2025,2308.75
Mature 4,9,2026,2504.375
Mature 4,9,2027,2397.5
Mature 4,9,2028,2385.625
Mature 4,9,2029,2410.0
Mature 4,9,2030,2600.625
Mature 4,9,2031,2572.973603
Mature 4,9,2032,2437.80992
Decline 1,10,2025,3456.259145
Decline 1,10,2026,3407.943895
Decline 1,10,2027,3113.55503
Decline 1,10,2028,3047.166165
Decline 1,10,2029,2259.22184
Decline 1,10,2030,977.7220551
Decline 1,10,2031,977.7220551
Decline 1,10,2032,607.5554601
Decline 2,10,2025,663.8815771
Decline 2,10,2026,496.8337191
Decline 2,10,2027,464.2887564
Decline 2,10,2028,483.5003857
Decline 2,10,2029,458.4887564
Decline 2,10,2030,397.4300391
Decline 2,10,2031,404.3279044
Decline 2,10,2032,379.4511235
Decline 3,10,2025,2375.133859
Decline 3,10,2026,1923.0
Decline 3,10,2027,1645.0
Decline 3,10,2028,1119.0
Decline 3,10,2029,526.0000001
Decline 3,10,2030,392.0
Decline 3,10,2031,201.0
Decline 3,10,2032,316.305327
Decline 4,10,2025,214.4533333
Decline 4,10,2026,208.4533333
Decline 4,10,2027,191.7866667
Decline 4,10,2028,181.12
Decline 4,10,2029,76.43331867
Decline 4,10,2030,36.66666667
Decline 4,10,2031,0.0
Decline 4,10,2032,0.0
Decline 5,10,2025,1809.32464
Decline 5,10,2026,1297.792
Decline 5,10,2027,1152.897648
Decline 5,10,2028,1152.897648
Decline 5,10,2029,964.182804
Decline 5,10,2030,843.004
Decline 5,10,2031,416.4759425
Decline 5,10,2032,189.5069516
Growth 1,10,2025,0.0
Growth 1,10,2026,0.0
Growth 1,10,2027,0.0
Growth 1,10,2028,73.49999999
Growth 1,10,2029,147.0
Growth 1,10,2030,241.6564707
Growth 1,10,2031,294.0
Growth 1,10,2032,298.2983199
Growth 2,10,2025,0.0
Growth 2,10,2026,0.0
Growth 2,10,2027,0.0
Growth 2,10,2028,0.0
Growth 2,10,2029,115.0
Growth 2,10,2030,230.0
Growth 2,10,2031,690.0
Growth 2,10,2032,1265.0
Growth 3,10,2025,0.0
Growth 3,10,2026,0.0
Growth 3,10,2027,55.76354826
Growth 3,10,2028,172.0499227
Growth 3,10,2029,789.1875069
Growth 3,10,2030,2013.330648
Growth 3,10,2031,2975.817231
Growth 3,10,2032,4040.98506
Growth 4,10,2025,0.0
Growth 4,10,2026,0.0
Growth 4,10,2027,0.0
Growth 4,10,2028,0.0
Growth 4,10,2029,0.0
Growth 4,10,2030,0.0
Growth 4,10,2031,0.0
Growth 4,10,2032,0.0
Growth 5,10,2025,0.0
Growth 5,10,2026,0.0
Growth 5,10,2027,14.78274778
Growth 5,10,2028,77.21633571
Growth 5,10,2029,168.7795756
Growth 5,10,2030,235.2845834
Growth 5,10,2031,274.3130356
Growth 5,10,2032,307.8233761
Growth 6,10,2025,0.0
Growth 6,10,2026,127.0
Growth 6,10,2027,289.2264985
Growth 6,10,2028,1451.424447
Growth 6,10,2029,3787.146281
Growth 6,10,2030,7476.161161
Growth 6,10,2031,11429.1313
Growth 6,10,2032,14217.23982
Growth 7,10,2025,0.0
Growth 7,10,2026,0.0
Growth 7,10,2027,0.0
Growth 7,10,2028,0.0
Growth 7,10,2029,0.0
Growth 7,10,2030,0.0
Growth 7,10,2031,0.0
Growth 7,10,2032,0.0
Growth 8,10,2025,0.0
Growth 8,10,2026,0.0
Growth 8,10,2027,0.0
Growth 8,10,2028,0.0
Growth 8,10,2029,0.0
Growth 8,10,2030,0.0
Growth 8,10,2031,308.852459
Growth 8,10,2032,1434.681788
Growth 9,10,2025,0.0
Growth 9,10,2026,0.0
Growth 9,10,2027,0.0
Growth 9,10,2028,0.0
Growth 9,10,2029,0.0
Growth 9,10,2030,0.0
Growth 9,10,2031,0.0
Growth 9,10,2032,0.0
Mature 1,10,2025,103.3
Mature 1,10,2026,103.3
Mature 1,10,2027,103.3
Mature 1,10,2028,149.3
Mature 1,10,2029,149.3
Mature 1,10,2030,149.3
Mature 1,10,2031,297.8258984
Mature 1,10,2032,339.3104838
Mature 2,10,2025,818.0246624
Mature 2,10,2026,839.3377254
Mature 2,10,2027,908.3808986
Mature 2,10,2028,1013.76
Mature 2,10,2029,1079.04
Mature 2,10,2030,897.92
Mature 2,10,2031,810.24
Mature 2,10,2032,1069.461686
Mature 3,10,2025,832.5756098
Mature 3,10,2026,886.5756098
Mature 3,10,2027,810.6839595
Mature 3,10,2028,917.035907
Mature 3,10,2029,875.1454061
Mature 3,10,2030,653.9194086
Mature 3,10,2031,421.7170732
Mature 3,10,2032,421.7170732
Mature 4,10,2025,870.5
Mature 4,10,2026,1016.0
Mature 4,10,2027,952.5
Mature 4,10,2028,876.0
Mature 4,10,2029,612.0
Mature 4,10,2030,464.9813969
Mature 4,10,2031,551.5
Mature 4,10,2032,589.550909
Decline 1,11,2025,2894.7773
Decline 1,11,2026,2600.388435
Decline 1,11,2027,2543.388435
Decline 1,11,2028,2666.7773
Decline 1,11,2029,1565.66638
Decline 1,11,2030,473.9443251
Decline 1,11,2031,239.7990071
Decline 1,11,2032,32.8432985
Decline 2,11,2025,663.8815771
Decline 2,11,2026,496.8337191
Decline 2,11,2027,464.2887564
Decline 2,11,2028,483.5003857
Decline 2,11,2029,458.4887564
Decline 2,11,2030,397.4300391
Decline 2,11,2031,404.3279044
Decline 2,11,2032,379.4511235
Decline 3,11,2025,2599.0
Decline 3,11,2026,2314.0
Decline 3,11,2027,2188.0
Decline 3,11,2028,1497.667701
Decline 3,11,2029,1171.788571
Decline 3,11,2030,691.2601275
Decline 3,11,2031,492.4739318
Decline 3,11,2032,584.2266571
Decline 4,11,2025,214.4533333
Decline 4,11,2026,208.4533333
Decline 4,11,2027,191.7866667
Decline 4,11,2028,181.12
Decline 4,11,2029,76.43331867
Decline 4,11,2030,36.66666667
Decline 4,11,2031,0.0
Decline 4,11,2032,0.0
Decline 5,11,2025,2040.800368
Decline 5,11,2026,1710.304
Decline 5,11,2027,1592.103307
Decline 5,11,2028,1511.695501
Decline 5,11,2029,1356.812827
Decline 5,11,2030,1218.610036
Decline 5,11,2031,1020.198713
Decline 5,11,2032,823.9449517
Growth 1,11,2025,0.0
Growth 1,11,2026,0.0
Growth 1,11,2027,0.0
Growth 1,11,2028,48.99999999
Growth 1,11,2029,79.01491413
Growth 1,11,2030,161.1043138
Growth 1,11,2031,194.5313599
Growth 1,11,2032,198.8655466
Growth 2,11,2025,0.0
Growth 2,11,2026,0.0
Growth 2,11,2027,0.0
Growth 2,11,2028,115.0
Growth 2,11,2029,460.0
Growth 2,11,2030,1610.0
Growth 2,11,2031,3450.0
Growth 2,11,2032,3758.265744
Growth 3,11,2025,0.0
Growth 3,11,2026,0.0
Growth 3,11,2027,46.48360656
Growth 3,11,2028,91.44756544
Growth 3,11,2029,367.0185388
Growth 3,11,2030,758.976408
Growth 3,11,2031,1038.178471
Growth 3,11,2032,1679.068804
Growth 4,11,2025,0.0
Growth 4,11,2026,0.0
Growth 4,11,2027,0.0
Growth 4,11,2028,0.036969178
Growth 4,11,2029,2.444174196
Growth 4,11,2030,39.279279
Growth 4,11,2031,121.9648213
Growth 4,11,2032,168.129366
Growth 5,11,2025,0.0
Growth 5,11,2026,0.0
Growth 5,11,2027,0.0
Growth 5,11,2028,0.0
Growth 5,11,2029,0.0
Growth 5,11,2030,0.0
Growth 5,11,2031,0.0
Growth 5,11,2032,0.0
Growth 6,11,2025,0.0
Growth 6,11,2026,0.0
Growth 6,11,2027,0.0
Growth 6,11,2028,0.0
Growth 6,11,2029,0.0
Growth 6,11,2030,0.0
Growth 6,11,2031,0.0
Growth 6,11,2032,0.0
Growth 7,11,2025,159.7394667
Growth 7,11,2026,242.9578667
Growth 7,11,2027,373.9353065
Growth 7,11,2028,639.8787984
Growth 7,11,2029,877.2871368
Growth 7,11,2030,1028.385008
Growth 7,11,2031,1096.432133
Growth 7,11,2032,1149.609816
Growth 8,11,2025,0.0
Growth 8,11,2026,0.0
Growth 8,11,2027,0.0
Growth 8,11,2028,0.0
Growth 8,11,2029,0.0
Growth 8,11,2030,0.0
Growth 8,11,2031,96.39344262
Growth 8,11,2032,545.4421738
Growth 9,11,2025,0.0
Growth 9,11,2026,0.0
Growth 9,11,2027,0.0
Growth 9,11,2028,684.6243048
Growth 9,11,2029,3137.725002
Growth 9,11,2030,6550.566579
Growth 9,11,2031,9302.979184
Growth 9,11,2032,11088.26749
Mature 1,11,2025,103.3
Mature 1,11,2026,103.3
Mature 1,11,2027,103.3
Mature 1,11,2028,149.3
Mature 1,11,2029,149.3
Mature 1,11,2030,149.3
Mature 1,11,2031,297.8258984
Mature 1,11,2032,339.3104838
Mature 2,11,2025,2650.016952
Mature 2,11,2026,3353.577983
Mature 2,11,2027,3031.589928
Mature 2,11,2028,3521.875
Mature 2,11,2029,3445.732255
Mature 2,11,2030,3823.4375
Mature 2,11,2031,3941.936731
Mature 2,11,2032,4681.54962
Mature 3,11,2025,1567.329269
Mature 3,11,2026,1719.115854
Mature 3,11,2027,1800.516064
Mature 3,11,2028,2114.430603
Mature 3,11,2029,1921.259676
Mature 3,11,2030,2129.139135
Mature 3,11,2031,2384.464011
Mature 3,11,2032,2399.333908
Mature 4,11,2025,870.5
Mature 4,11,2026,1016.0
Mature 4,11,2027,952.5
Mature 4,11,2028,876.0
Mature 4,11,2029,612.0
Mature 4,11,2030,464.9813969
Mature 4,11,2031,551.5
Mature 4,11,2032,589.550909
Decline 1,12,2025,2894.7773
Decline 1,12,2026,2600.388435
Decline 1,12,2027,2543.388435
Decline 1,12,2028,2666.7773
Decline 1,12,2029,1565.66638
Decline 1,12,2030,473.9443251
Decline 1,12,2031,239.7990071
Decline 1,12,2032,32.8432985
Decline 2,12,2025,1382.830353
Decline 2,12,2026,1089.841929
Decline 2,12,2027,1065.886626
Decline 2,12,2028,1179.327024
Decline 2,12,2029,1189.841929
Decline 2,12,2030,991.393526
Decline 2,12,2031,944.9238804
Decline 2,12,2032,1194.99404
Decline 3,12,2025,2375.133859
Decline 3,12,2026,1923.0
Decline 3,12,2027,1645.0
Decline 3,12,2028,1119.0
Decline 3,12,2029,526.0000001
Decline 3,12,2030,392.0
Decline 3,12,2031,201.0
Decline 3,12,2032,316.305327
Decline 4,12,2025,1091.52
Decline 4,12,2026,1063.02
Decline 4,12,2027,1019.52
Decline 4,12,2028,1004.52
Decline 4,12,2029,744.18
Decline 4,12,2030,458.3400002
Decline 4,12,2031,0.0
Decline 4,12,2032,0.0
Decline 5,12,2025,2040.800368
Decline 5,12,2026,1710.304
Decline 5,12,2027,1592.103307
Decline 5,12,2028,1511.695501
Decline 5,12,2029,1356.812827
Decline 5,12,2030,1218.610036
Decline 5,12,2031,1020.198713
Decline 5,12,2032,823.9449517
Growth 1,12,2025,0.0
Growth 1,12,2026,0.0
Growth 1,12,2027,0.0
Growth 1,12,2028,12.86693097
Growth 1,12,2029,79.01491413
Growth 1,12,2030,147.0
Growth 1,12,2031,194.5313599
Growth 1,12,2032,196.0
Growth 2,12,2025,0.0
Growth 2,12,2026,0.0
Growth 2,12,2027,0.0
Growth 2,12,2028,1083.0
Growth 2,12,2029,1549.0
Growth 2,12,2030,2820.0
Growth 2,12,2031,4781.0
Growth 2,12,2032,5758.265744
Growth 3,12,2025,0.0
Growth 3,12,2026,0.0
Growth 3,12,2027,0.0
Growth 3,12,2028,0.0
Growth 3,12,2029,0.0
Growth 3,12,2030,0.0
Growth 3,12,2031,0.0
Growth 3,12,2032,0.0
Growth 4,12,2025,0.0
Growth 4,12,2026,0.0
Growth 4,12,2027,0.0
Growth 4,12,2028,0.036969178
Growth 4,12,2029,2.444174196
Growth 4,12,2030,39.279279
Growth 4,12,2031,121.9648213
Growth 4,12,2032,168.129366
Growth 5,12,2025,0.0
Growth 5,12,2026,0.0
Growth 5,12,2027,0.0
Growth 5,12,2028,0.0
Growth 5,12,2029,0.0
Growth 5,12,2030,0.0
Growth 5,12,2031,0.0
Growth 5,12,2032,0.0
Growth 6,12,2025,0.0
Growth 6,12,2026,0.0
Growth 6,12,2027,0.0
Growth 6,12,2028,404.8659044
Growth 6,12,2029,1127.547098
Growth 6,12,2030,2224.568158
Growth 6,12,2031,3385.53918
Growth 6,12,2032,4198.824283
Growth 7,12,2025,93.73946666
Growth 7,12,2026,187.4789333
Growth 7,12,2027,287.0685692
Growth 7,12,2028,468.1073593
Growth 7,12,2029,610.666967
Growth 7,12,2030,736.5398098
Growth 7,12,2031,796.2716264
Growth 7,12,2032,710.5446219
Growth 8,12,2025,0.0
Growth 8,12,2026,0.0
Growth 8,12,2027,0.0
Growth 8,12,2028,0.0
Growth 8,12,2029,0.0
Growth 8,12,2030,0.0
Growth 8,12,2031,96.39344262
Growth 8,12,2032,545.4421738
Growth 9,12,2025,0.0
Growth 9,12,2026,0.0
Growth 9,12,2027,0.0
Growth 9,12,2028,684.6243048
Growth 9,12,2029,3137.725002
Growth 9,12,2030,6550.566579
Growth 9,12,2031,9302.979184
Growth 9,12,2032,11088.26749
Mature 1,12,2025,228.0
Mature 1,12,2026,228.0
Mature 1,12,2027,228.0
Mature 1,12,2028,289.95
Mature 1,12,2029,292.95
Mature 1,12,2030,297.3308939
Mature 1,12,2031,566.9015648
Mature 1,12,2032,558.6735597
Mature 2,12,2025,2650.016952
Mature 2,12,2026,3353.577983
Mature 2,12,2027,3031.589928
Mature 2,12,2028,3521.875
Mature 2,12,2029,3445.732255
Mature 2,12,2030,3823.4375
Mature 2,12,2031,3941.936731
Mature 2,12,2032,4681.54962
Mature 3,12,2025,1168.863415
Mature 3,12,2026,1240.863415
Mature 3,12,2027,1201.256541
Mature 3,12,2028,1404.974944
Mature 3,12,2029,1367.619723
Mature 3,12,2030,1045.063032
Mature 3,12,2031,1142.910101
Mature 3,12,2032,1011.38572
Mature 4,12,2025,2308.75
Mature 4,12,2026,2504.375
Mature 4,12,2027,2397.5
Mature 4,12,2028,2385.625
Mature 4,12,2029,2410.0
Mature 4,12,2030,2600.625
Mature 4,12,2031,2572.973603
Mature 4,12,2032,2437.80992
Decline 1,13,2025,3456.259145
Decline 1,13,2026,3407.943895
Decline 1,13,2027,3113.55503
Decline 1,13,2028,3047.166165
Decline 1,13,2029,2259.22184
Decline 1,13,2030,977.7220551
Decline 1,13,2031,977.7220551
Decline 1,13,2032,607.5554601
Decline 2,13,2025,1382.830353
Decline 2,13,2026,1089.841929
Decline 2,13,2027,1065.886626
Decline 2,13,2028,1179.327024
Decline 2,13,2029,1189.841929
Decline 2,13,2030,991.393526
Decline 2,13,2031,944.9238804
Decline 2,13,2032,1194.99404
Decline 3,13,2025,1223.0
Decline 3,13,2026,1062.0
Decline 3,13,2027,670.0
Decline 3,13,2028,458.0181405
Decline 3,13,2029,268.0
Decline 3,13,2030,201.0
Decline 3,13,2031,134.0
Decline 3,13,2032,67.0
Decline 4,13,2025,559.68
Decline 4,13,2026,549.68
Decline 4,13,2027,539.68
Decline 4,13,2028,529.68
Decline 4,13,2029,373.12
Decline 4,13,2030,186.5600001
Decline 4,13,2031,0.0
Decline 4,13,2032,0.0
Decline 5,13,2025,2040.800368
Decline 5,13,2026,1910.304
Decline 5,13,2027,1792.103307
Decline 5,13,2028,1711.695501
Decline 5,13,2029,1556.812827
Decline 5,13,2030,1418.610036
Decline 5,13,2031,1367.367525
Decline 5,13,2032,1111.797171
Growth 1,13,2025,0.0
Growth 1,13,2026,0.0
Growth 1,13,2027,0.0
Growth 1,13,2028,73.49999999
Growth 1,13,2029,147.0
Growth 1,13,2030,241.6564707
Growth 1,13,2031,294.0
Growth 1,13,2032,298.2983199
Growth 2,13,2025,0.0
Growth 2,13,2026,0.0
Growth 2,13,2027,0.0
Growth 2,13,2028,1083.0
Growth 2,13,2029,1549.0
Growth 2,13,2030,2820.0
Growth 2,13,2031,4781.0
Growth 2,13,2032,5758.265744
Growth 3,13,2025,0.0
Growth 3,13,2026,0.0
Growth 3,13,2027,0.0
Growth 3,13,2028,0.0
Growth 3,13,2029,0.0
Growth 3,13,2030,0.0
Growth 3,13,2031,0.0
Growth 3,13,2032,0.0
Growth 4,13,2025,0.0
Growth 4,13,2026,0.0
Growth 4,13,2027,0.0
Growth 4,13,2028,0.0
Growth 4,13,2029,0.75
Growth 4,13,2030,35.12
Growth 4,13,2031,119.5
Growth 4,13,2032,105.198
Growth 5,13,2025,0.0
Growth 5,13,2026,0.0
Growth 5,13,2027,3.711344179
Growth 5,13,2028,24.12748395
Growth 5,13,2029,58.41395903
Growth 5,13,2030,86.00016675
Growth 5,13,2031,103.3280894
Growth 5,13,2032,118.15574
Growth 6,13,2025,0.0
Growth 6,13,2026,0.0
Growth 6,13,2027,0.0
Growth 6,13,2028,404.8659044
Growth 6,13,2029,1127.547098
Growth 6,13,2030,2224.568158
Growth 6,13,2031,3385.53918
Growth 6,13,2032,4198.824283
Growth 7,13,2025,215.2184
Growth 7,13,2026,333.6516932
Growth 7,13,2027,489.4022653
Growth 7,13,2028,835.2893713
Growth 7,13,2029,1163.923767
Growth 7,13,2030,1394.012203
Growth 7,13,2031,1223.348171
Growth 7,13,2032,1319.852451
Growth 8,13,2025,0.0
Growth 8,13,2026,0.0
Growth 8,13,2027,0.0
Growth 8,13,2028,0.0
Growth 8,13,2029,0.0
Growth 8,13,2030,0.0
Growth 8,13,2031,96.39344262
Growth 8,13,2032,545.4421738
Growth 9,13,2025,0.0
Growth 9,13,2026,0.0
Growth 9,13,2027,0.0
Growth 9,13,2028,420.5743846
Growth 9,13,2029,1836.071143
Growth 9,13,2030,3774.986971
Growth 9,13,2031,5274.56421
Growth 9,13,2032,6166.945734
Mature 1,13,2025,38.2
Mature 1,13,2026,38.2
Mature 1,13,2027,38.2
Mature 1,13,2028,61.33333333
Mature 1,13,2029,62.19999999
Mature 1,13,2030,61.33333333
Mature 1,13,2031,91.79059773
Mature 1,13,2032,108.2223361
Mature 2,13,2025,1622.078506
Mature 2,13,2026,1946.722985
Mature 2,13,2027,1637.12799
Mature 2,13,2028,2184.0
Mature 2,13,2029,2079.0
Mature 2,13,2030,1947.0
Mature 2,13,2031,1511.0
Mature 2,13,2032,1896.191757
Mature 3,13,2025,1168.863415
Mature 3,13,2026,1240.863415
Mature 3,13,2027,1201.256541
Mature 3,13,2028,1404.974944
Mature 3,13,2029,1367.619723
Mature 3,13,2030,1045.063032
Mature 3,13,2031,1142.910101
Mature 3,13,2032,1011.38572
Mature 4,13,2025,2308.75
Mature 4,13,2026,2504.375
Mature 4,13,2027,2397.5
Mature 4,13,2028,2385.625
Mature 4,13,2029,2410.0
Mature 4,13,2030,2600.625
Mature 4,13,2031,2572.973603
Mature 4,13,2032,2437.80992
Decline 1,14,2025,3456.259145
Decline 1,14,2026,3407.943895
Decline 1,14,2027,3113.55503
Decline 1,14,2028,3047.166165
Decline 1,14,2029,2259.22184
Decline 1,14,2030,977.7220551
Decline 1,14,2031,977.7220551
Decline 1,14,2032,607.5554601
Decline 2,14,2025,1382.830353
Decline 2,14,2026,1089.841929
Decline 2,14,2027,1065.886626
Decline 2,14,2028,1179.327024
Decline 2,14,2029,1189.841929
Decline 2,14,2030,991.393526
Decline 2,14,2031,944.9238804
Decline 2,14,2032,1194.99404
Decline 3,14,2025,2375.133859
Decline 3,14,2026,1923.0
Decline 3,14,2027,1645.0
Decline 3,14,2028,1119.0
Decline 3,14,2029,526.0000001
Decline 3,14,2030,392.0
Decline 3,14,2031,201.0
Decline 3,14,2032,316.305327
Decline 4,14,2025,559.68
Decline 4,14,2026,549.68
Decline 4,14,2027,539.68
Decline 4,14,2028,529.68
Decline 4,14,2029,373.12
Decline 4,14,2030,186.5600001
Decline 4,14,2031,0.0
Decline 4,14,2032,0.0
Decline 5,14,2025,2040.800368
Decline 5,14,2026,1910.304
Decline 5,14,2027,1792.103307
Decline 5,14,2028,1711.695501
Decline 5,14,2029,1556.812827
Decline 5,14,2030,1418.610036
Decline 5,14,2031,1367.367525
Decline 5,14,2032,1111.797171
Growth 1,14,2025,0.0
Growth 1,14,2026,0.0
Growth 1,14,2027,0.0
Growth 1,14,2028,12.86693097
Growth 1,14,2029,79.01491413
Growth 1,14,2030,147.0
Growth 1,14,2031,194.5313599
Growth 1,14,2032,196.0
Growth 2,14,2025,0.0
Growth 2,14,2026,0.0
Growth 2,14,2027,0.0
Growth 2,14,2028,0.0
Growth 2,14,2029,0.0
Growth 2,14,2030,0.0
Growth 2,14,2031,0.0
Growth 2,14,2032,0.0
Growth 3,14,2025,0.0
Growth 3,14,2026,0.0
Growth 3,14,2027,71.55173043
Growth 3,14,2028,365.2770063
Growth 3,14,2029,1442.793851
Growth 3,14,2030,3070.038021
Growth 3,14,2031,4124.136222
Growth 3,14,2032,5688.024813
Growth 4,14,2025,0.0
Growth 4,14,2026,0.0
Growth 4,14,2027,0.0
Growth 4,14,2028,0.0
Growth 4,14,2029,0.0
Growth 4,14,2030,0.0
Growth 4,14,2031,0.0
Growth 4,14,2032,0.0
Growth 5,14,2025,0.0
Growth 5,14,2026,0.0
Growth 5,14,2027,3.711344179
Growth 5,14,2028,24.12748395
Growth 5,14,2029,58.41395903
Growth 5,14,2030,86.00016675
Growth 5,14,2031,103.3280894
Growth 5,14,2032,118.15574
Growth 6,14,2025,0.0
Growth 6,14,2026,0.0
Growth 6,14,2027,0.0
Growth 6,14,2028,404.8659044
Growth 6,14,2029,1127.547098
Growth 6,14,2030,2224.568158
Growth 6,14,2031,3385.53918
Growth 6,14,2032,4198.824283
Growth 7,14,2025,159.7394667
Growth 7,14,2026,242.9578667
Growth 7,14,2027,373.9353065
Growth 7,14,2028,639.8787984
Growth 7,14,2029,877.2871368
Growth 7,14,2030,1028.385008
Growth 7,14,2031,1096.432133
Growth 7,14,2032,1149.609816
Growth 8,14,2025,0.0
Growth 8,14,2026,0.0
Growth 8,14,2027,0.0
Growth 8,14,2028,0.0
Growth 8,14,2029,0.0
Growth 8,14,2030,0.0
Growth 8,14,2031,0.0
Growth 8,14,2032,0.0
Growth 9,14,2025,0.0
Growth 9,14,2026,0.0
Growth 9,14,2027,0.0
Growth 9,14,2028,420.5743846
Growth 9,14,2029,1836.071143
Growth 9,14,2030,3774.986971
Growth 9,14,2031,5274.56421
Growth 9,14,2032,6166.945734
Mature 1,14,2025,103.3
Mature 1,14,2026,103.3
Mature 1,14,2027,103.3
Mature 1,14,2028,149.3
Mature 1,14,2029,149.3
Mature 1,14,2030,149.3
Mature 1,14,2031,297.8258984
Mature 1,14,2032,339.3104838
Mature 2,14,2025,2650.016952
Mature 2,14,2026,3353.577983
Mature 2,14,2027,3031.589928
Mature 2,14,2028,3521.875
Mature 2,14,2029,3445.732255
Mature 2,14,2030,3823.4375
Mature 2,14,2031,3941.936731
Mature 2,14,2032,4681.54962
Mature 3,14,2025,1567.329269
Mature 3,14,2026,1719.115854
Mature 3,14,2027,1800.516064
Mature 3,14,2028,2114.430603
Mature 3,14,2029,1921.259676
Mature 3,14,2030,2129.139135
Mature 3,14,2031,2384.464011
Mature 3,14,2032,2399.333908
Mature 4,14,2025,870.5
Mature 4,14,2026,1016.0
Mature 4,14,2027,952.5
Mature 4,14,2028,876.0
Mature 4,14,2029,612.0
Mature 4,14,2030,464.9813969
Mature 4,14,2031,551.5
Mature 4,14,2032,589.550909
Decline 1,15,2025,4072.129212
Decline 1,15,2026,4050.943895
Decline 1,15,2027,3670.555031
Decline 1,15,2028,3736.943895
Decline 1,15,2029,2882.610705
Decline 1,15,2030,1544.11092
Decline 1,15,2031,1544.11092
Decline 1,15,2032,1256.713338
Decline 2,15,2025,663.8815771
Decline 2,15,2026,496.8337191
Decline 2,15,2027,464.2887564
Decline 2,15,2028,483.5003857
Decline 2,15,2029,458.4887564
Decline 2,15,2030,397.4300391
Decline 2,15,2031,404.3279044
Decline 2,15,2032,379.4511235
Decline 3,15,2025,1223.0
Decline 3,15,2026,1062.0
Decline 3,15,2027,670.0
Decline 3,15,2028,458.0181405
Decline 3,15,2029,268.0
Decline 3,15,2030,201.0
Decline 3,15,2031,134.0
Decline 3,15,2032,67.0
Decline 4,15,2025,1091.52
Decline 4,15,2026,1063.02
Decline 4,15,2027,1019.52
Decline 4,15,2028,1004.52
Decline 4,15,2029,744.18
Decline 4,15,2030,458.3400002
Decline 4,15,2031,0.0
Decline 4,15,2032,0.0
Decline 5,15,2025,1809.32464
Decline 5,15,2026,1297.792
Decline 5,15,2027,1152.897648
Decline 5,15,2028,1152.897648
Decline 5,15,2029,964.182804
Decline 5,15,2030,843.004
Decline 5,15,2031,416.4759425
Decline 5,15,2032,189.5069516
Growth 1,15,2025,0.0
Growth 1,15,2026,0.0
Growth 1,15,2027,0.0
Growth 1,15,2028,0.0
Growth 1,15,2029,0.0
Growth 1,15,2030,0.0
Growth 1,15,2031,0.0
Growth 1,15,2032,0.0
Growth 2,15,2025,0.0
Growth 2,15,2026,0.0
Growth 2,15,2027,0.0
Growth 2,15,2028,115.0
Growth 2,15,2029,460.0
Growth 2,15,2030,1610.0
Growth 2,15,2031,3450.0
Growth 2,15,2032,3758.265744
Growth 3,15,2025,0.0
Growth 3,15,2026,0.0
Growth 3,15,2027,46.48360656
Growth 3,15,2028,91.44756544
Growth 3,15,2029,367.0185388
Growth 3,15,2030,758.976408
Growth 3,15,2031,1038.178471
Growth 3,15,2032,1679.068804
Growth 4,15,2025,0.0
Growth 4,15,2026,0.0
Growth 4,15,2027,0.0
Growth 4,15,2028,0.055453767
Growth 4,15,2029,3.666261294
Growth 4,15,2030,58.9189185
Growth 4,15,2031,182.947232
Growth 4,15,2032,252.194049
Growth 5,15,2025,0.0
Growth 5,15,2026,0.0
Growth 5,15,2027,14.78274778
Growth 5,15,2028,77.21633571
Growth 5,15,2029,168.7795756
Growth 5,15,2030,235.2845834
Growth 5,15,2031,274.3130356
Growth 5,15,2032,307.8233761
Growth 6,15,2025,0.0
Growth 6,15,2026,0.0
Growth 6,15,2027,0.0
Growth 6,15,2028,0.0
Growth 6,15,2029,0.0
Growth 6,15,2030,0.0
Growth 6,15,2031,0.0
Growth 6,15,2032,0.0
Growth 7,15,2025,159.7394667
Growth 7,15,2026,242.9578667
Growth 7,15,2027,373.9353065
Growth 7,15,2028,639.8787984
Growth 7,15,2029,877.2871368
Growth 7,15,2030,1028.385008
Growth 7,15,2031,1096.432133
Growth 7,15,2032,1149.609816
Growth 8,15,2025,0.0
Growth 8,15,2026,0.0
Growth 8,15,2027,0.0
Growth 8,15,2028,0.0
Growth 8,15,2029,0.0
Growth 8,15,2030,0.0
Growth 8,15,2031,0.0
Growth 8,15,2032,0.0
Growth 9,15,2025,0.0
Growth 9,15,2026,0.0
Growth 9,15,2027,0.0
Growth 9,15,2028,420.5743846
Growth 9,15,2029,1836.071143
Growth 9,15,2030,3774.986971
Growth 9,15,2031,5274.56421
Growth 9,15,2032,6166.945734
Mature 1,15,2025,38.2
Mature 1,15,2026,38.2
Mature 1,15,2027,38.2
Mature 1,15,2028,61.33333333
Mature 1,15,2029,62.19999999
Mature 1,15,2030,61.33333333
Mature 1,15,2031,91.79059773
Mature 1,15,2032,108.2223361
Mature 2,15,2025,818.0246624
Mature 2,15,2026,839.3377254
Mature 2,15,2027,908.3808986
Mature 2,15,2028,1013.76
Mature 2,15,2029,1079.04
Mature 2,15,2030,897.92
Mature 2,15,2031,810.24
Mature 2,15,2032,1069.461686
Mature 3,15,2025,832.5756098
Mature 3,15,2026,886.5756098
Mature 3,15,2027,810.6839595
Mature 3,15,2028,917.035907
Mature 3,15,2029,875.1454061
Mature 3,15,2030,653.9194086
Mature 3,15,2031,421.7170732
Mature 3,15,2032,421.7170732
Mature 4,15,2025,870.5
Mature 4,15,2026,1016.0
Mature 4,15,2027,952.5
Mature 4,15,2028,876.0
Mature 4,15,2029,612.0
Mature 4,15,2030,464.9813969
Mature 4,15,2031,551.5
Mature 4,15,2032,589.550909
Decline 1,16,2025,4072.129212
Decline 1,16,2026,4050.943895
Decline 1,16,2027,3670.555031
Decline 1,16,2028,3736.943895
Decline 1,16,2029,2882.610705
Decline 1,16,2030,1544.11092
Decline 1,16,2031,1544.11092
Decline 1,16,2032,1256.713338
Decline 2,16,2025,1382.830353
Decline 2,16,2026,1089.841929
Decline 2,16,2027,1065.886626
Decline 2,16,2028,1179.327024
Decline 2,16,2029,1189.841929
Decline 2,16,2030,991.393526
Decline 2,16,2031,944.9238804
Decline 2,16,2032,1194.99404
Decline 3,16,2025,2375.133859
Decline 3,16,2026,1923.0
Decline 3,16,2027,1645.0
Decline 3,16,2028,1119.0
Decline 3,16,2029,526.0000001
Decline 3,16,2030,392.0
Decline 3,16,2031,201.0
Decline 3,16,2032,316.305327
Decline 4,16,2025,1091.52
Decline 4,16,2026,1063.02
Decline 4,16,2027,1019.52
Decline 4,16,2028,1004.52
Decline 4,16,2029,744.18
Decline 4,16,2030,458.3400002
Decline 4,16,2031,0.0
Decline 4,16,2032,0.0
Decline 5,16,2025,2040.800368
Decline 5,16,2026,1710.304
Decline 5,16,2027,1592.103307
Decline 5,16,2028,1511.695501
Decline 5,16,2029,1356.812827
Decline 5,16,2030,1218.610036
Decline 5,16,2031,1020.198713
Decline 5,16,2032,823.9449517
Growth 1,16,2025,0.0
Growth 1,16,2026,0.0
Growth 1,16,2027,0.0
Growth 1,16,2028,73.49999999
Growth 1,16,2029,147.0
Growth 1,16,2030,241.6564707
Growth 1,16,2031,294.0
Growth 1,16,2032,298.2983199
Growth 2,16,2025,0.0
Growth 2,16,2026,0.0
Growth 2,16,2027,0.0
Growth 2,16,2028,1083.0
Growth 2,16,2029,1549.0
Growth 2,16,2030,2820.0
Growth 2,16,2031,4781.0
Growth 2,16,2032,5758.265744
Growth 3,16,2025,0.0
Growth 3,16,2026,0.0
Growth 3,16,2027,55.76354826
Growth 3,16,2028,172.0499227
Growth 3,16,2029,789.1875069
Growth 3,16,2030,2013.330648
Growth 3,16,2031,2975.817231
Growth 3,16,2032,4040.98506
Growth 4,16,2025,0.0
Growth 4,16,2026,0.0
Growth 4,16,2027,0.0
Growth 4,16,2028,0.036969178
Growth 4,16,2029,2.444174196
Growth 4,16,2030,39.279279
Growth 4,16,2031,121.9648213
Growth 4,16,2032,168.129366
Growth 5,16,2025,0.0
Growth 5,16,2026,0.0
Growth 5,16,2027,0.0
Growth 5,16,2028,0.0
Growth 5,16,2029,0.0
Growth 5,16,2030,0.0
Growth 5,16,2031,0.0
Growth 5,16,2032,0.0
Growth 6,16,2025,0.0
Growth 6,16,2026,127.0
Growth 6,16,2027,289.2264985
Growth 6,16,2028,1451.424447
Growth 6,16,2029,3787.146281
Growth 6,16,2030,7476.161161
Growth 6,16,2031,11429.1313
Growth 6,16,2032,14217.23982
Growth 7,16,2025,159.7394667
Growth 7,16,2026,242.9578667
Growth 7,16,2027,373.9353065
Growth 7,16,2028,639.8787984
Growth 7,16,2029,877.2871368
Growth 7,16,2030,1028.385008
Growth 7,16,2031,1096.432133
Growth 7,16,2032,1149.609816
Growth 8,16,2025,0.0
Growth 8,16,2026,0.0
Growth 8,16,2027,0.0
Growth 8,16,2028,0.0
Growth 8,16,2029,0.0
Growth 8,16,2030,0.0
Growth 8,16,2031,96.39344262
Growth 8,16,2032,545.4421738
Growth 9,16,2025,0.0
Growth 9,16,2026,0.0
Growth 9,16,2027,0.0
Growth 9,16,2028,1358.224305
Growth 9,16,2029,4302.525002
Growth 9,16,2030,8206.566576
Growth 9,16,2031,11450.17918
Growth 9,16,2032,13726.66749
Mature 1,16,2025,103.3
Mature 1,16,2026,103.3
Mature 1,16,2027,103.3
Mature 1,16,2028,149.3
Mature 1,16,2029,149.3
Mature 1,16,2030,149.3
Mature 1,16,2031,297.8258984
Mature 1,16,2032,339.3104838
Mature 2,16,2025,1622.078506
Mature 2,16,2026,1946.722985
Mature 2,16,2027,1637.12799
Mature 2,16,2028,2184.0
Mature 2,16,2029,2079.0
Mature 2,16,2030,1947.0
Mature 2,16,2031,1511.0
Mature 2,16,2032,1896.191757
Mature 3,16,2025,1168.863415
Mature 3,16,2026,1240.863415
Mature 3,16,2027,1201.256541
Mature 3,16,2028,1404.974944
Mature 3,16,2029,1367.619723
Mature 3,16,2030,1045.063032
Mature 3,16,2031,1142.910101
Mature 3,16,2032,1011.38572
Mature 4,16,2025,1821.5
Mature 4,16,2026,2003.5
Mature 4,16,2027,1912.5
Mature 4,16,2028,1734.0
Mature 4,16,2029,1580.5
Mature 4,16,2030,1410.333334
Mature 4,16,2031,1244.333334
Mature 4,16,2032,1078.333334
Decline 1,17,2025,3456.259145
Decline 1,17,2026,3407.943895
Decline 1,17,2027,3113.55503
Decline 1,17,2028,3047.166165
Decline 1,17,2029,2259.22184
Decline 1,17,2030,977.7220551
Decline 1,17,2031,977.7220551
Decline 1,17,2032,607.5554601
Decline 2,17,2025,1382.830353
Decline 2,17,2026,1089.841929
Decline 2,17,2027,1065.886626
Decline 2,17,2028,1179.327024
Decline 2,17,2029,1189.841929
Decline 2,17,2030,991.393526
Decline 2,17,2031,944.9238804
Decline 2,17,2032,1194.99404
Decline 3,17,2025,1223.0
Decline 3,17,2026,1062.0
Decline 3,17,2027,670.0
Decline 3,17,2028,458.0181405
Decline 3,17,2029,268.0
Decline 3,17,2030,201.0
Decline 3,17,2031,134.0
Decline 3,17,2032,67.0
Decline 4,17,2025,1091.52
Decline 4,17,2026,1063.02
Decline 4,17,2027,1019.52
Decline 4,17,2028,1004.52
Decline 4,17,2029,744.18
Decline 4,17,2030,458.3400002
Decline 4,17,2031,0.0
Decline 4,17,2032,0.0
Decline 5,17,2025,1809.32464
Decline 5,17,2026,1297.792
Decline 5,17,2027,1152.897648
Decline 5,17,2028,1152.897648
Decline 5,17,2029,964.182804
Decline 5,17,2030,843.004
Decline 5,17,2031,416.4759425
Decline 5,17,2032,189.5069516
Growth 1,17,2025,0.0
Growth 1,17,2026,0.0
Growth 1,17,2027,0.0
Growth 1,17,2028,0.0
Growth 1,17,2029,0.0
Growth 1,17,2030,0.0
Growth 1,17,2031,0.0
Growth 1,17,2032,0.0
Growth 2,17,2025,0.0
Growth 2,17,2026,0.0
Growth 2,17,2027,0.0
Growth 2,17,2028,115.0
Growth 2,17,2029,460.0
Growth 2,17,2030,1610.0
Growth 2,17,2031,3450.0
Growth 2,17,2032,3758.265744
Growth 3,17,2025,0.0
Growth 3,17,2026,0.0
Growth 3,17,2027,55.76354826
Growth 3,17,2028,172.0499227
Growth 3,17,2029,789.1875069
Growth 3,17,2030,2013.330648
Growth 3,17,2031,2975.817231
Growth 3,17,2032,4040.98506
Growth 4,17,2025,0.0
Growth 4,17,2026,0.0
Growth 4,17,2027,0.0
Growth 4,17,2028,0.0
Growth 4,17,2029,0.0
Growth 4,17,2030,0.0
Growth 4,17,2031,0.0
Growth 4,17,2032,0.0
Growth 5,17,2025,0.0
Growth 5,17,2026,0.0
Growth 5,17,2027,3.711344179
Growth 5,17,2028,24.12748395
Growth 5,17,2029,58.41395903
Growth 5,17,2030,86.00016675
Growth 5,17,2031,103.3280894
Growth 5,17,2032,118.15574
Growth 6,17,2025,0.0
Growth 6,17,2026,0.0
Growth 6,17,2027,0.0
Growth 6,17,2028,0.0
Growth 6,17,2029,0.0
Growth 6,17,2030,0.0
Growth 6,17,2031,0.0
Growth 6,17,2032,0.0
Growth 7,17,2025,0.0
Growth 7,17,2026,0.0
Growth 7,17,2027,0.0
Growth 7,17,2028,0.0
Growth 7,17,2029,0.0
Growth 7,17,2030,0.0
Growth 7,17,2031,0.0
Growth 7,17,2032,0.0
Growth 8,17,2025,0.0
Growth 8,17,2026,0.0
Growth 8,17,2027,0.0
Growth 8,17,2028,0.0
Growth 8,17,2029,0.0
Growth 8,17,2030,0.0
Growth 8,17,2031,308.852459
Growth 8,17,2032,1434.681788
Growth 9,17,2025,0.0
Growth 9,17,2026,0.0
Growth 9,17,2027,0.0
Growth 9,17,2028,1358.224305
Growth 9,17,2029,4302.525002
Growth 9,17,2030,8206.566576
Growth 9,17,2031,11450.17918
Growth 9,17,2032,13726.66749
Mature 1,17,2025,103.3
Mature 1,17,2026,103.3
Mature 1,17,2027,103.3
Mature 1,17,2028,149.3
Mature 1,17,2029,149.3
Mature 1,17,2030,149.3
Mature 1,17,2031,297.8258984
Mature 1,17,2032,339.3104838
Mature 2,17,2025,818.0246624
Mature 2,17,2026,839.3377254
Mature 2,17,2027,908.3808986
Mature 2,17,2028,1013.76
Mature 2,17,2029,1079.04
Mature 2,17,2030,897.92
Mature 2,17,2031,810.24
Mature 2,17,2032,1069.461686
Mature 3,17,2025,832.5756098
Mature 3,17,2026,886.5756098
Mature 3,17,2027,810.6839595
Mature 3,17,2028,917.035907
Mature 3,17,2029,875.1454061
Mature 3,17,2030,653.9194086
Mature 3,17,2031,421.7170732
Mature 3,17,2032,421.7170732
Mature 4,17,2025,2308.75
Mature 4,17,2026,2504.375
Mature 4,17,2027,2397.5
Mature 4,17,2028,2385.625
Mature 4,17,2029,2410.0
Mature 4,17,2030,2600.625
Mature 4,17,2031,2572.973603
Mature 4,17,2032,2437.80992
Decline 1,18,2025,4072.129212
Decline 1,18,2026,4050.943895
Decline 1,18,2027,3670.555031
Decline 1,18,2028,3736.943895
Decline 1,18,2029,2882.610705
Decline 1,18,2030,1544.11092
Decline 1,18,2031,1544.11092
Decline 1,18,2032,1256.713338
Decline 2,18,2025,1097.826268
Decline 2,18,2026,782.7680227
Decline 2,18,2027,823.0560987
Decline 2,18,2028,853.1148208
Decline 2,18,2029,853.1148208
Decline 2,18,2030,793.1148207
Decline 2,18,2031,665.5923062
Decline 2,18,2032,714.3560987
Decline 3,18,2025,1223.0
Decline 3,18,2026,1062.0
Decline 3,18,2027,670.0
Decline 3,18,2028,458.0181405
Decline 3,18,2029,268.0
Decline 3,18,2030,201.0
Decline 3,18,2031,134.0
Decline 3,18,2032,67.0
Decline 4,18,2025,1091.52
Decline 4,18,2026,1063.02
Decline 4,18,2027,1019.52
Decline 4,18,2028,1004.52
Decline 4,18,2029,744.18
Decline 4,18,2030,458.3400002
Decline 4,18,2031,0.0
Decline 4,18,2032,0.0
Decline 5,18,2025,2040.800368
Decline 5,18,2026,1910.304
Decline 5,18,2027,1792.103307
Decline 5,18,2028,1711.695501
Decline 5,18,2029,1556.812827
Decline 5,18,2030,1418.610036
Decline 5,18,2031,1367.367525
Decline 5,18,2032,1111.797171
Growth 1,18,2025,0.0
Growth 1,18,2026,0.0
Growth 1,18,2027,0.0
Growth 1,18,2028,48.99999999
Growth 1,18,2029,79.01491413
Growth 1,18,2030,161.1043138
Growth 1,18,2031,194.5313599
Growth 1,18,2032,198.8655466
Growth 2,18,2025,0.0
Growth 2,18,2026,0.0
Growth 2,18,2027,0.0
Growth 2,18,2028,1083.0
Growth 2,18,2029,1549.0
Growth 2,18,2030,2820.0
Growth 2,18,2031,4781.0
Growth 2,18,2032,5758.265744
Growth 3,18,2025,0.0
Growth 3,18,2026,0.0
Growth 3,18,2027,46.48360656
Growth 3,18,2028,91.44756544
Growth 3,18,2029,367.0185388
Growth 3,18,2030,758.976408
Growth 3,18,2031,1038.178471
Growth 3,18,2032,1679.068804
Growth 4,18,2025,0.0
Growth 4,18,2026,0.0
Growth 4,18,2027,0.0
Growth 4,18,2028,0.0
Growth 4,18,2029,0.75
Growth 4,18,2030,35.12
Growth 4,18,2031,119.5
Growth 4,18,2032,105.198
Growth 5,18,2025,0.0
Growth 5,18,2026,0.0
Growth 5,18,2027,14.78274778
Growth 5,18,2028,93.0650761
Growth 5,18,2029,225.5690067
Growth 5,18,2030,331.837604
Growth 5,18,2031,395.9472962
Growth 5,18,2032,449.7006275
Growth 6,18,2025,0.0
Growth 6,18,2026,127.0
Growth 6,18,2027,289.2264985
Growth 6,18,2028,1451.424447
Growth 6,18,2029,3787.146281
Growth 6,18,2030,7476.161161
Growth 6,18,2031,11429.1313
Growth 6,18,2032,14217.23982
Growth 7,18,2025,215.2184
Growth 7,18,2026,333.6516932
Growth 7,18,2027,489.4022653
Growth 7,18,2028,835.2893713
Growth 7,18,2029,1163.923767
Growth 7,18,2030,1394.012203
Growth 7,18,2031,1223.348171
Growth 7,18,2032,1319.852451
Growth 8,18,2025,0.0
Growth 8,18,2026,0.0
Growth 8,18,2027,0.0
Growth 8,18,2028,0.0
Growth 8,18,2029,0.0
Growth 8,18,2030,0.0
Growth 8,18,2031,96.39344262
Growth 8,18,2032,545.4421738
Growth 9,18,2025,0.0
Growth 9,18,2026,0.0
Growth 9,18,2027,0.0
Growth 9,18,2028,0.0
Growth 9,18,2029,0.0
Growth 9,18,2030,0.0
Growth 9,18,2031,0.0
Growth 9,18,2032,0.0
Mature 1,18,2025,228.0
Mature 1,18,2026,228.0
Mature 1,18,2027,228.0
Mature 1,18,2028,289.95
Mature 1,18,2029,292.95
Mature 1,18,2030,297.3308939
Mature 1,18,2031,566.9015648
Mature 1,18,2032,558.6735597
Mature 2,18,2025,2650.016952
Mature 2,18,2026,3353.577983
Mature 2,18,2027,3031.589928
Mature 2,18,2028,3521.875
Mature 2,18,2029,3445.732255
Mature 2,18,2030,3823.4375
Mature 2,18,2031,3941.936731
Mature 2,18,2032,4681.54962
Mature 3,18,2025,832.5756098
Mature 3,18,2026,886.5756098
Mature 3,18,2027,810.6839595
Mature 3,18,2028,917.035907
Mature 3,18,2029,875.1454061
Mature 3,18,2030,653.9194086
Mature 3,18,2031,421.7170732
Mature 3,18,2032,421.7170732
Mature 4,18,2025,2308.75
Mature 4,18,2026,2504.375
Mature 4,18,2027,2397.5
Mature 4,18,2028,2385.625
Mature 4,18,2029,2410.0
Mature 4,18,2030,2600.625
Mature 4,18,2031,2572.973603
Mature 4,18,2032,2437.80992
Decline 1,19,2025,4072.129212
Decline 1,19,2026,4050.943895
Decline 1,19,2027,3670.555031
Decline 1,19,2028,3736.943895
Decline 1,19,2029,2882.610705
Decline 1,19,2030,1544.11092
Decline 1,19,2031,1544.11092
Decline 1,19,2032,1256.713338
Decline 2,19,2025,663.8815771
Decline 2,19,2026,496.8337191
Decline 2,19,2027,464.2887564
Decline 2,19,2028,483.5003857
Decline 2,19,2029,458.4887564
Decline 2,19,2030,397.4300391
Decline 2,19,2031,404.3279044
Decline 2,19,2032,379.4511235
Decline 3,19,2025,1223.0
Decline 3,19,2026,1062.0
Decline 3,19,2027,670.0
Decline 3,19,2028,458.0181405
Decline 3,19,2029,268.0
Decline 3,19,2030,201.0
Decline 3,19,2031,134.0
Decline 3,19,2032,67.0
Decline 4,19,2025,214.4533333
Decline 4,19,2026,208.4533333
Decline 4,19,2027,191.7866667
Decline 4,19,2028,181.12
Decline 4,19,2029,76.43331867
Decline 4,19,2030,36.66666667
Decline 4,19,2031,0.0
Decline 4,19,2032,0.0
Decline 5,19,2025,2040.800368
Decline 5,19,2026,1710.304
Decline 5,19,2027,1592.103307
Decline 5,19,2028,1511.695501
Decline 5,19,2029,1356.812827
Decline 5,19,2030,1218.610036
Decline 5,19,2031,1020.198713
Decline 5,19,2032,823.9449517
Growth 1,19,2025,0.0
Growth 1,19,2026,0.0
Growth 1,19,2027,0.0
Growth 1,19,2028,12.86693097
Growth 1,19,2029,79.01491413
Growth 1,19,2030,147.0
Growth 1,19,2031,194.5313599
Growth 1,19,2032,196.0
Growth 2,19,2025,0.0
Growth 2,19,2026,0.0
Growth 2,19,2027,0.0
Growth 2,19,2028,0.0
Growth 2,19,2029,115.0
Growth 2,19,2030,230.0
Growth 2,19,2031,690.0
Growth 2,19,2032,1265.0
Growth 3,19,2025,0.0
Growth 3,19,2026,0.0
Growth 3,19,2027,55.76354826
Growth 3,19,2028,172.0499227
Growth 3,19,2029,789.1875069
Growth 3,19,2030,2013.330648
Growth 3,19,2031,2975.817231
Growth 3,19,2032,4040.98506
Growth 4,19,2025,0.0
Growth 4,19,2026,0.0
Growth 4,19,2027,0.0
Growth 4,19,2028,0.0
Growth 4,19,2029,0.75
Growth 4,19,2030,35.12
Growth 4,19,2031,119.5
Growth 4,19,2032,105.198
Growth 5,19,2025,0.0
Growth 5,19,2026,0.0
Growth 5,19,2027,14.78274778
Growth 5,19,2028,77.21633571
Growth 5,19,2029,168.7795756
Growth 5,19,2030,235.2845834
Growth 5,19,2031,274.3130356
Growth 5,19,2032,307.8233761
Growth 6,19,2025,0.0
Growth 6,19,2026,190.0
Growth 6,19,2027,815.8364985
Growth 6,19,2028,2053.264447
Growth 6,19,2029,4464.216281
Growth 6,19,2030,8228.461161
Growth 6,19,2031,12256.6613
Growth 6,19,2032,15119.99982
Growth 7,19,2025,159.7394667
Growth 7,19,2026,242.9578667
Growth 7,19,2027,373.9353065
Growth 7,19,2028,639.8787984
Growth 7,19,2029,877.2871368
Growth 7,19,2030,1028.385008
Growth 7,19,2031,1096.432133
Growth 7,19,2032,1149.609816
Growth 8,19,2025,0.0
Growth 8,19,2026,0.0
Growth 8,19,2027,0.0
Growth 8,19,2028,0.0
Growth 8,19,2029,0.0
Growth 8,19,2030,0.0
Growth 8,19,2031,0.0
Growth 8,19,2032,0.0
Growth 9,19,2025,0.0
Growth 9,19,2026,0.0
Growth 9,19,2027,0.0
Growth 9,19,2028,0.0
Growth 9,19,2029,0.0
Growth 9,19,2030,0.0
Growth 9,19,2031,0.0
Growth 9,19,2032,0.0
Mature 1,19,2025,103.3
Mature 1,19,2026,103.3
Mature 1,19,2027,103.3
Mature 1,19,2028,149.3
Mature 1,19,2029,149.3
Mature 1,19,2030,149.3
Mature 1,19,2031,297.8258984
Mature 1,19,2032,339.3104838
Mature 2,19,2025,818.0246624
Mature 2,19,2026,839.3377254
Mature 2,19,2027,908.3808986
Mature 2,19,2028,1013.76
Mature 2,19,2029,1079.04
Mature 2,19,2030,897.92
Mature 2,19,2031,810.24
Mature 2,19,2032,1069.461686
Mature 3,19,2025,1567.329269
Mature 3,19,2026,1719.115854
Mature 3,19,2027,1800.516064
Mature 3,19,2028,2114.430603
Mature 3,19,2029,1921.259676
Mature 3,19,2030,2129.139135
Mature 3,19,2031,2384.464011
Mature 3,19,2032,2399.333908
Mature 4,19,2025,2308.75
Mature 4,19,2026,2504.375
Mature 4,19,2027,2397.5
Mature 4,19,2028,2385.625
Mature 4,19,2029,2410.0
Mature 4,19,2030,2600.625
Mature 4,19,2031,2572.973603
Mature 4,19,2032,2437.80992
Decline 1,20,2025,3456.259145
Decline 1,20,2026,3407.943895
Decline 1,20,2027,3113.55503
Decline 1,20,2028,3047.166165
Decline 1,20,2029,2259.22184
Decline 1,20,2030,977.7220551
Decline 1,20,2031,977.7220551
Decline 1,20,2032,607.5554601
Decline 2,20,2025,1097.826268
Decline 2,20,2026,782.7680227
Decline 2,20,2027,823.0560987
Decline 2,20,2028,853.1148208
Decline 2,20,2029,853.1148208
Decline 2,20,2030,793.1148207
Decline 2,20,2031,665.5923062
Decline 2,20,2032,714.3560987
Decline 3,20,2025,1223.0
Decline 3,20,2026,1062.0
Decline 3,20,2027,670.0
Decline 3,20,2028,458.0181405
Decline 3,20,2029,268.0
Decline 3,20,2030,201.0
Decline 3,20,2031,134.0
Decline 3,20,2032,67.0
Decline 4,20,2025,214.4533333
Decline 4,20,2026,208.4533333
Decline 4,20,2027,191.7866667
Decline 4,20,2028,181.12
Decline 4,20,2029,76.43331867
Decline 4,20,2030,36.66666667
Decline 4,20,2031,0.0
Decline 4,20,2032,0.0
Decline 5,20,2025,2040.800368
Decline 5,20,2026,1910.304
Decline 5,20,2027,1792.103307
Decline 5,20,2028,1711.695501
Decline 5,20,2029,1556.812827
Decline 5,20,2030,1418.610036
Decline 5,20,2031,1367.367525
Decline 5,20,2032,1111.797171
Growth 1,20,2025,0.0
Growth 1,20,2026,0.0
Growth 1,20,2027,0.0
Growth 1,20,2028,12.86693097
Growth 1,20,2029,79.01491413
Growth 1,20,2030,147.0
Growth 1,20,2031,194.5313599
Growth 1,20,2032,196.0
Growth 2,20,2025,0.0
Growth 2,20,2026,0.0
Growth 2,20,2027,0.0
Growth 2,20,2028,115.0
Growth 2,20,2029,460.0
Growth 2,20,2030,1610.0
Growth 2,20,2031,3450.0
Growth 2,20,2032,3758.265744
Growth 3,20,2025,0.0
Growth 3,20,2026,0.0
Growth 3,20,2027,71.55173043
Growth 3,20,2028,365.2770063
Growth 3,20,2029,1442.793851
Growth 3,20,2030,3070.038021
Growth 3,20,2031,4124.136222
Growth 3,20,2032,5688.024813
Growth 4,20,2025,0.0
Growth 4,20,2026,0.0
Growth 4,20,2027,0.0
Growth 4,20,2028,0.055453767
Growth 4,20,2029,3.666261294
Growth 4,20,2030,58.9189185
Growth 4,20,2031,182.947232
Growth 4,20,2032,252.194049
Growth 5,20,2025,0.0
Growth 5,20,2026,0.0
Growth 5,20,2027,14.78274778
Growth 5,20,2028,93.0650761
Growth 5,20,2029,225.5690067
Growth 5,20,2030,331.837604
Growth 5,20,2031,395.9472962
Growth 5,20,2032,449.7006275
Growth 6,20,2025,0.0
Growth 6,20,2026,127.0
Growth 6,20,2027,289.2264985
Growth 6,20,2028,1451.424447
Growth 6,20,2029,3787.146281
Growth 6,20,2030,7476.161161
Growth 6,20,2031,11429.1313
Growth 6,20,2032,14217.23982
Growth 7,20,2025,159.7394667
Growth 7,20,2026,242.9578667
Growth 7,20,2027,373.9353065
Growth 7,20,2028,639.8787984
Growth 7,20,2029,877.2871368
Growth 7,20,2030,1028.385008
Growth 7,20,2031,1096.432133
Growth 7,20,2032,1149.609816
Growth 8,20,2025,0.0
Growth 8,20,2026,0.0
Growth 8,20,2027,0.0
Growth 8,20,2028,0.0
Growth 8,20,2029,0.0
Growth 8,20,2030,0.0
Growth 8,20,2031,0.0
Growth 8,20,2032,0.0
Growth 9,20,2025,0.0
Growth 9,20,2026,0.0
Growth 9,20,2027,0.0
Growth 9,20,2028,1358.224305
Growth 9,20,2029,4302.525002
Growth 9,20,2030,8206.566576
Growth 9,20,2031,11450.17918
Growth 9,20,2032,13726.66749
Mature 1,20,2025,38.2
Mature 1,20,2026,38.2
Mature 1,20,2027,38.2
Mature 1,20,2028,61.33333333
Mature 1,20,2029,62.19999999
Mature 1,20,2030,61.33333333
Mature 1,20,2031,91.79059773
Mature 1,20,2032,108.2223361
Mature 2,20,2025,1622.078506
Mature 2,20,2026,1946.722985
Mature 2,20,2027,1637.12799
Mature 2,20,2028,2184.0
Mature 2,20,2029,2079.0
Mature 2,20,2030,1947.0
Mature 2,20,2031,1511.0
Mature 2,20,2032,1896.191757
Mature 3,20,2025,1567.329269
Mature 3,20,2026,1719.115854
Mature 3,20,2027,1800.516064
Mature 3,20,2028,2114.430603
Mature 3,20,2029,1921.259676
Mature 3,20,2030,2129.139135
Mature 3,20,2031,2384.464011
Mature 3,20,2032,2399.333908
Mature 4,20,2025,870.5
Mature 4,20,2026,1016.0
Mature 4,20,2027,952.5
Mature 4,20,2028,876.0
Mature 4,20,2029,612.0
Mature 4,20,2030,464.9813969
Mature 4,20,2031,551.5
Mature 4,20,2032,589.550909
Decline 1,21,2025,4072.129212
Decline 1,21,2026,4050.943895
Decline 1,21,2027,3670.555031
Decline 1,21,2028,3736.943895
Decline 1,21,2029,2882.610705
Decline 1,21,2030,1544.11092
Decline 1,21,2031,1544.11092
Decline 1,21,2032,1256.713338
Decline 2,21,2025,1382.830353
Decline 2,21,2026,1089.841929
Decline 2,21,2027,1065.886626
Decline 2,21,2028,1179.327024
Decline 2,21,2029,1189.841929
Decline 2,21,2030,991.393526
Decline 2,21,2031,944.9238804
Decline 2,21,2032,1194.99404
Decline 3,21,2025,2375.133859
Decline 3,21,2026,1923.0
Decline 3,21,2027,1645.0
Decline 3,21,2028,1119.0
Decline 3,21,2029,526.0000001
Decline 3,21,2030,392.0
Decline 3,21,2031,201.0
Decline 3,21,2032,316.305327
Decline 4,21,2025,559.68
Decline 4,21,2026,549.68
Decline 4,21,2027,539.68
Decline 4,21,2028,529.68
Decline 4,21,2029,373.12
Decline 4,21,2030,186.5600001
Decline 4,21,2031,0.0
Decline 4,21,2032,0.0
Decline 5,21,2025,2040.800368
Decline 5,21,2026,1710.304
Decline 5,21,2027,1592.103307
Decline 5,21,2028,1511.695501
Decline 5,21,2029,1356.812827
Decline 5,21,2030,1218.610036
Decline 5,21,2031,1020.198713
Decline 5,21,2032,823.9449517
Growth 1,21,2025,0.0
Growth 1,21,2026,0.0
Growth 1,21,2027,0.0
Growth 1,21,2028,0.0
Growth 1,21,2029,0.0
Growth 1,21,2030,0.0
Growth 1,21,2031,0.0
Growth 1,21,2032,0.0
Growth 2,21,2025,0.0
Growth 2,21,2026,0.0
Growth 2,21,2027,0.0
Growth 2,21,2028,0.0
Growth 2,21,2029,115.0
Growth 2,21,2030,230.0
Growth 2,21,2031,690.0
Growth 2,21,2032,1265.0
Growth 3,21,2025,0.0
Growth 3,21,2026,0.0
Growth 3,21,2027,46.48360656
Growth 3,21,2028,91.44756544
Growth 3,21,2029,367.0185388
Growth 3,21,2030,758.976408
Growth 3,21,2031,1038.178471
Growth 3,21,2032,1679.068804
Growth 4,21,2025,0.0
Growth 4,21,2026,0.0
Growth 4,21,2027,0.0
Growth 4,21,2028,0.036969178
Growth 4,21,2029,2.444174196
Growth 4,21,2030,39.279279
Growth 4,21,2031,121.9648213
Growth 4,21,2032,168.129366
Growth 5,21,2025,0.0
Growth 5,21,2026,0.0
Growth 5,21,2027,3.711344179
Growth 5,21,2028,24.12748395
Growth 5,21,2029,58.41395903
Growth 5,21,2030,86.00016675
Growth 5,21,2031,103.3280894
Growth 5,21,2032,118.15574
Growth 6,21,2025,0.0
Growth 6,21,2026,0.0
Growth 6,21,2027,0.0
Growth 6,21,2028,0.0
Growth 6,21,2029,0.0
Growth 6,21,2030,0.0
Growth 6,21,2031,0.0
Growth 6,21,2032,0.0
Growth 7,21,2025,215.2184
Growth 7,21,2026,333.6516932
Growth 7,21,2027,489.4022653
Growth 7,21,2028,835.2893713
Growth 7,21,2029,1163.923767
Growth 7,21,2030,1394.012203
Growth 7,21,2031,1223.348171
Growth 7,21,2032,1319.852451
Growth 8,21,2025,0.0
Growth 8,21,2026,0.0
Growth 8,21,2027,0.0
Growth 8,21,2028,0.0
Growth 8,21,2029,0.0
Growth 8,21,2030,0.0
Growth 8,21,2031,0.0
Growth 8,21,2032,0.0
Growth 9,21,2025,0.0
Growth 9,21,2026,0.0
Growth 9,21,2027,0.0
Growth 9,21,2028,684.6243048
Growth 9,21,2029,3137.725002
Growth 9,21,2030,6550.566579
Growth 9,21,2031,9302.979184
Growth 9,21,2032,11088.26749
Mature 1,21,2025,103.3
Mature 1,21,2026,103.3
Mature 1,21,2027,103.3
Mature 1,21,2028,149.3
Mature 1,21,2029,149.3
Mature 1,21,2030,149.3
Mature 1,21,2031,297.8258984
Mature 1,21,2032,339.3104838
Mature 2,21,2025,2650.016952
Mature 2,21,2026,3353.577983
Mature 2,21,2027,3031.589928
Mature 2,21,2028,3521.875
Mature 2,21,2029,3445.732255
Mature 2,21,2030,3823.4375
Mature 2,21,2031,3941.936731
Mature 2,21,2032,4681.54962
Mature 3,21,2025,832.5756098
Mature 3,21,2026,886.5756098
Mature 3,21,2027,810.6839595
Mature 3,21,2028,917.035907
Mature 3,21,2029,875.1454061
Mature 3,21,2030,653.9194086
Mature 3,21,2031,421.7170732
Mature 3,21,2032,421.7170732
Mature 4,21,2025,1821.5
Mature 4,21,2026,2003.5
Mature 4,21,2027,1912.5
Mature 4,21,2028,1734.0
Mature 4,21,2029,1580.5
Mature 4,21,2030,1410.333334
Mature 4,21,2031,1244.333334
Mature 4,21,2032,1078.333334
Decline 1,22,2025,3456.259145
Decline 1,22,2026,3407.943895
Decline 1,22,2027,3113.55503
Decline 1,22,2028,3047.166165
Decline 1,22,2029,2259.22184
Decline 1,22,2030,977.7220551
Decline 1,22,2031,977.7220551
Decline 1,22,2032,607.5554601
Decline 2,22,2025,1382.830353
Decline 2,22,2026,1089.841929
Decline 2,22,2027,1065.886626
Decline 2,22,2028,1179.327024
Decline 2,22,2029,1189.841929
Decline 2,22,2030,991.393526
Decline 2,22,2031,944.9238804
Decline 2,22,2032,1194.99404
Decline 3,22,2025,2599.0
Decline 3,22,2026,2314.0
Decline 3,22,2027,2188.0
Decline 3,22,2028,1497.667701
Decline 3,22,2029,1171.788571
Decline 3,22,2030,691.2601275
Decline 3,22,2031,492.4739318
Decline 3,22,2032,584.2266571
Decline 4,22,2025,1091.52
Decline 4,22,2026,1063.02
Decline 4,22,2027,1019.52
Decline 4,22,2028,1004.52
Decline 4,22,2029,744.18
Decline 4,22,2030,458.3400002
Decline 4,22,2031,0.0
Decline 4,22,2032,0.0
Decline 5,22,2025,2040.800368
Decline 5,22,2026,1710.304
Decline 5,22,2027,1592.103307
Decline 5,22,2028,1511.695501
Decline 5,22,2029,1356.812827
Decline 5,22,2030,1218.610036
Decline 5,22,2031,1020.198713
Decline 5,22,2032,823.9449517
Growth 1,22,2025,0.0
Growth 1,22,2026,0.0
Growth 1,22,2027,0.0
Growth 1,22,2028,12.86693097
Growth 1,22,2029,79.01491413
Growth 1,22,2030,147.0
Growth 1,22,2031,194.5313599
Growth 1,22,2032,196.0
Growth 2,22,2025,0.0
Growth 2,22,2026,0.0
Growth 2,22,2027,0.0
Growth 2,22,2028,115.0
Growth 2,22,2029,460.0
Growth 2,22,2030,1610.0
Growth 2,22,2031,3450.0
Growth 2,22,2032,3758.265744
Growth 3,22,2025,0.0
Growth 3,22,2026,0.0
Growth 3,22,2027,71.55173043
Growth 3,22,2028,365.2770063
Growth 3,22,2029,1442.793851
Growth 3,22,2030,3070.038021
Growth 3,22,2031,4124.136222
Growth 3,22,2032,5688.024813
Growth 4,22,2025,0.0
Growth 4,22,2026,0.0
Growth 4,22,2027,0.0
Growth 4,22,2028,0.055453767
Growth 4,22,2029,3.666261294
Growth 4,22,2030,58.9189185
Growth 4,22,2031,182.947232
Growth 4,22,2032,252.194049
Growth 5,22,2025,0.0
Growth 5,22,2026,0.0
Growth 5,22,2027,0.0
Growth 5,22,2028,0.0
Growth 5,22,2029,0.0
Growth 5,22,2030,0.0
Growth 5,22,2031,0.0
Growth 5,22,2032,0.0
Growth 6,22,2025,0.0
Growth 6,22,2026,0.0
Growth 6,22,2027,0.0
Growth 6,22,2028,0.0
Growth 6,22,2029,0.0
Growth 6,22,2030,0.0
Growth 6,22,2031,0.0
Growth 6,22,2032,0.0
Growth 7,22,2025,215.2184
Growth 7,22,2026,333.6516932
Growth 7,22,2027,489.4022653
Growth 7,22,2028,835.2893713
Growth 7,22,2029,1163.923767
Growth 7,22,2030,1394.012203
Growth 7,22,2031,1223.348171
Growth 7,22,2032,1319.852451
Growth 8,22,2025,0.0
Growth 8,22,2026,0.0
Growth 8,22,2027,0.0
Growth 8,22,2028,0.0
Growth 8,22,2029,0.0
Growth 8,22,2030,0.0
Growth 8,22,2031,0.0
Growth 8,22,2032,0.0
Growth 9,22,2025,0.0
Growth 9,22,2026,0.0
Growth 9,22,2027,0.0
Growth 9,22,2028,1358.224305
Growth 9,22,2029,4302.525002
Growth 9,22,2030,8206.566576
Growth 9,22,2031,11450.17918
Growth 9,22,2032,13726.66749
Mature 1,22,2025,228.0
Mature 1,22,2026,228.0
Mature 1,22,2027,228.0
Mature 1,22,2028,289.95
Mature 1,22,2029,292.95
Mature 1,22,2030,297.3308939
Mature 1,22,2031,566.9015648
Mature 1,22,2032,558.6735597
Mature 2,22,2025,1622.078506
Mature 2,22,2026,1946.722985
Mature 2,22,2027,1637.12799
Mature 2,22,2028,2184.0
Mature 2,22,2029,2079.0
Mature 2,22,2030,1947.0
Mature 2,22,2031,1511.0
Mature 2,22,2032,1896.191757
Mature 3,22,2025,832.5756098
Mature 3,22,2026,886.5756098
Mature 3,22,2027,810.6839595
Mature 3,22,2028,917.035907
Mature 3,22,2029,875.1454061
Mature 3,22,2030,653.9194086
Mature 3,22,2031,421.7170732
Mature 3,22,2032,421.7170732
Mature 4,22,2025,2308.75
Mature 4,22,2026,2504.375
Mature 4,22,2027,2397.5
Mature 4,22,2028,2385.625
Mature 4,22,2029,2410.0
Mature 4,22,2030,2600.625
Mature 4,22,2031,2572.973603
Mature 4,22,2032,2437.80992
Decline 1,23,2025,4072.129212
Decline 1,23,2026,4050.943895
Decline 1,23,2027,3670.555031
Decline 1,23,2028,3736.943895
Decline 1,23,2029,2882.610705
Decline 1,23,2030,1544.11092
Decline 1,23,2031,1544.11092
Decline 1,23,2032,1256.713338
Decline 2,23,2025,663.8815771
Decline 2,23,2026,496.8337191
Decline 2,23,2027,464.2887564
Decline 2,23,2028,483.5003857
Decline 2,23,2029,458.4887564
Decline 2,23,2030,397.4300391
Decline 2,23,2031,404.3279044
Decline 2,23,2032,379.4511235
Decline 3,23,2025,2375.133859
Decline 3,23,2026,1923.0
Decline 3,23,2027,1645.0
Decline 3,23,2028,1119.0
Decline 3,23,2029,526.0000001
Decline 3,23,2030,392.0
Decline 3,23,2031,201.0
Decline 3,23,2032,316.305327
Decline 4,23,2025,214.4533333
Decline 4,23,2026,208.4533333
Decline 4,23,2027,191.7866667
Decline 4,23,2028,181.12
Decline 4,23,2029,76.43331867
Decline 4,23,2030,36.66666667
Decline 4,23,2031,0.0
Decline 4,23,2032,0.0
Decline 5,23,2025,2040.800368
Decline 5,23,2026,1710.304
Decline 5,23,2027,1592.103307
Decline 5,23,2028,1511.695501
Decline 5,23,2029,1356.812827
Decline 5,23,2030,1218.610036
Decline 5,23,2031,1020.198713
Decline 5,23,2032,823.9449517
Growth 1,23,2025,0.0
Growth 1,23,2026,0.0
Growth 1,23,2027,0.0
Growth 1,23,2028,0.0
Growth 1,23,2029,0.0
Growth 1,23,2030,0.0
Growth 1,23,2031,0.0
Growth 1,23,2032,0.0
Growth 2,23,2025,0.0
Growth 2,23,2026,0.0
Growth 2,23,2027,0.0
Growth 2,23,2028,115.0
Growth 2,23,2029,460.0
Growth 2,23,2030,1610.0
Growth 2,23,2031,3450.0
Growth 2,23,2032,3758.265744
Growth 3,23,2025,0.0
Growth 3,23,2026,0.0
Growth 3,23,2027,71.55173043
Growth 3,23,2028,365.2770063
Growth 3,23,2029,1442.793851
Growth 3,23,2030,3070.038021
Growth 3,23,2031,4124.136222
Growth 3,23,2032,5688.024813
Growth 4,23,2025,0.0
Growth 4,23,2026,0.0
Growth 4,23,2027,0.0
Growth 4,23,2028,0.036969178
Growth 4,23,2029,2.444174196
Growth 4,23,2030,39.279279
Growth 4,23,2031,121.9648213
Growth 4,23,2032,168.129366
Growth 5,23,2025,0.0
Growth 5,23,2026,0.0
Growth 5,23,2027,0.0
Growth 5,23,2028,0.0
Growth 5,23,2029,0.0
Growth 5,23,2030,0.0
Growth 5,23,2031,0.0
Growth 5,23,2032,0.0
Growth 6,23,2025,0.0
Growth 6,23,2026,127.0
Growth 6,23,2027,289.2264985
Growth 6,23,2028,1451.424447
Growth 6,23,2029,3787.146281
Growth 6,23,2030,7476.161161
Growth 6,23,2031,11429.1313
Growth 6,23,2032,14217.23982
Growth 7,23,2025,93.73946666
Growth 7,23,2026,187.4789333
Growth 7,23,2027,287.0685692
Growth 7,23,2028,468.1073593
Growth 7,23,2029,610.666967
Growth 7,23,2030,736.5398098
Growth 7,23,2031,796.2716264
Growth 7,23,2032,710.5446219
Growth 8,23,2025,0.0
Growth 8,23,2026,0.0
Growth 8,23,2027,0.0
Growth 8,23,2028,0.0
Growth 8,23,2029,0.0
Growth 8,23,2030,0.0
Growth 8,23,2031,96.39344262
Growth 8,23,2032,545.4421738
Growth 9,23,2025,0.0
Growth 9,23,2026,0.0
Growth 9,23,2027,0.0
Growth 9,23,2028,684.6243048
Growth 9,23,2029,3137.725002
Growth 9,23,2030,6550.566579
Growth 9,23,2031,9302.979184
Growth 9,23,2032,11088.26749
Mature 1,23,2025,228.0
Mature 1,23,2026,228.0
Mature 1,23,2027,228.0
Mature 1,23,2028,289.95
Mature 1,23,2029,292.95
Mature 1,23,2030,297.3308939
Mature 1,23,2031,566.9015648
Mature 1,23,2032,558.6735597
Mature 2,23,2025,818.0246624
Mature 2,23,2026,839.3377254
Mature 2,23,2027,908.3808986
Mature 2,23,2028,1013.76
Mature 2,23,2029,1079.04
Mature 2,23,2030,897.92
Mature 2,23,2031,810.24
Mature 2,23,2032,1069.461686
Mature 3,23,2025,832.5756098
Mature 3,23,2026,886.5756098
Mature 3,23,2027,810.6839595
Mature 3,23,2028,917.035907
Mature 3,23,2029,875.1454061
Mature 3,23,2030,653.9194086
Mature 3,23,2031,421.7170732
Mature 3,23,2032,421.7170732
Mature 4,23,2025,1821.5
Mature 4,23,2026,2003.5
Mature 4,23,2027,1912.5
Mature 4,23,2028,1734.0
Mature 4,23,2029,1580.5
Mature 4,23,2030,1410.333334
Mature 4,23,2031,1244.333334
Mature 4,23,2032,1078.333334
Decline 1,24,2025,4072.129212
Decline 1,24,2026,4050.943895
Decline 1,24,2027,3670.555031
Decline 1,24,2028,3736.943895
Decline 1,24,2029,2882.610705
Decline 1,24,2030,1544.11092
Decline 1,24,2031,1544.11092
Decline 1,24,2032,1256.713338
Decline 2,24,2025,1097.826268
Decline 2,24,2026,782.7680227
Decline 2,24,2027,823.0560987
Decline 2,24,2028,853.1148208
Decline 2,24,2029,853.1148208
Decline 2,24,2030,793.1148207
Decline 2,24,2031,665.5923062
Decline 2,24,2032,714.3560987
Decline 3,24,2025,2375.133859
Decline 3,24,2026,1923.0
Decline 3,24,2027,1645.0
Decline 3,24,2028,1119.0
Decline 3,24,2029,526.0000001
Decline 3,24,2030,392.0
Decline 3,24,2031,201.0
Decline 3,24,2032,316.305327
Decline 4,24,2025,1091.52
Decline 4,24,2026,1063.02
Decline 4,24,2027,1019.52
Decline 4,24,2028,1004.52
Decline 4,24,2029,744.18
Decline 4,24,2030,458.3400002
Decline 4,24,2031,0.0
Decline 4,24,2032,0.0
Decline 5,24,2025,1809.32464
Decline 5,24,2026,1297.792
Decline 5,24,2027,1152.897648
Decline 5,24,2028,1152.897648
Decline 5,24,2029,964.182804
Decline 5,24,2030,843.004
Decline 5,24,2031,416.4759425
Decline 5,24,2032,189.5069516
Growth 1,24,2025,0.0
Growth 1,24,2026,0.0
Growth 1,24,2027,0.0
Growth 1,24,2028,12.86693097
Growth 1,24,2029,79.01491413
Growth 1,24,2030,147.0
Growth 1,24,2031,194.5313599
Growth 1,24,2032,196.0
Growth 2,24,2025,0.0
Growth 2,24,2026,0.0
Growth 2,24,2027,0.0
Growth 2,24,2028,1083.0
Growth 2,24,2029,1549.0
Growth 2,24,2030,2820.0
Growth 2,24,2031,4781.0
Growth 2,24,2032,5758.265744
Growth 3,24,2025,0.0
Growth 3,24,2026,0.0
Growth 3,24,2027,0.0
Growth 3,24,2028,0.0
Growth 3,24,2029,0.0
Growth 3,24,2030,0.0
Growth 3,24,2031,0.0
Growth 3,24,2032,0.0
Growth 4,24,2025,0.0
Growth 4,24,2026,0.0
Growth 4,24,2027,0.0
Growth 4,24,2028,0.0
Growth 4,24,2029,0.0
Growth 4,24,2030,0.0
Growth 4,24,2031,0.0
Growth 4,24,2032,0.0
Growth 5,24,2025,0.0
Growth 5,24,2026,0.0
Growth 5,24,2027,14.78274778
Growth 5,24,2028,93.0650761
Growth 5,24,2029,225.5690067
Growth 5,24,2030,331.837604
Growth 5,24,2031,395.9472962
Growth 5,24,2032,449.7006275
Growth 6,24,2025,0.0
Growth 6,24,2026,0.0
Growth 6,24,2027,0.0
Growth 6,24,2028,0.0
Growth 6,24,2029,0.0
Growth 6,24,2030,0.0
Growth 6,24,2031,0.0
Growth 6,24,2032,0.0
Growth 7,24,2025,0.0
Growth 7,24,2026,0.0
Growth 7,24,2027,0.0
Growth 7,24,2028,0.0
Growth 7,24,2029,0.0
Growth 7,24,2030,0.0
Growth 7,24,2031,0.0
Growth 7,24,2032,0.0
Growth 8,24,2025,0.0
Growth 8,24,2026,0.0
Growth 8,24,2027,0.0
Growth 8,24,2028,0.0
Growth 8,24,2029,0.0
Growth 8,24,2030,0.0
Growth 8,24,2031,308.852459
Growth 8,24,2032,1434.681788
Growth 9,24,2025,0.0
Growth 9,24,2026,0.0
Growth 9,24,2027,0.0
Growth 9,24,2028,1358.224305
Growth 9,24,2029,4302.525002
Growth 9,24,2030,8206.566576
Growth 9,24,2031,11450.17918
Growth 9,24,2032,13726.66749
Mature 1,24,2025,228.0
Mature 1,24,2026,228.0
Mature 1,24,2027,228.0
Mature 1,24,2028,289.95
Mature 1,24,2029,292.95
Mature 1,24,2030,297.3308939
Mature 1,24,2031,566.9015648
Mature 1,24,2032,558.6735597
Mature 2,24,2025,2650.016952
Mature 2,24,2026,3353.577983
Mature 2,24,2027,3031.589928
Mature 2,24,2028,3521.875
Mature 2,24,2029,3445.732255
Mature 2,24,2030,3823.4375
Mature 2,24,2031,3941.936731
Mature 2,24,2032,4681.54962
Mature 3,24,2025,832.5756098
Mature 3,24,2026,886.5756098
Mature 3,24,2027,810.6839595
Mature 3,24,2028,917.035907
Mature 3,24,2029,875.1454061
Mature 3,24,2030,653.9194086
Mature 3,24,2031,421.7170732
Mature 3,24,2032,421.7170732
Mature 4,24,2025,2308.75
Mature 4,24,2026,2504.375
Mature 4,24,2027,2397.5
Mature 4,24,2028,2385.625
Mature 4,24,2029,2410.0
Mature 4,24,2030,2600.625
Mature 4,24,2031,2572.973603
Mature 4,24,2032,2437.80992
Decline 1,25,2025,3456.259145
Decline 1,25,2026,3407.943895
Decline 1,25,2027,3113.55503
Decline 1,25,2028,3047.166165
Decline 1,25,2029,2259.22184
Decline 1,25,2030,977.7220551
Decline 1,25,2031,977.7220551
Decline 1,25,2032,607.5554601
Decline 2,25,2025,663.8815771
Decline 2,25,2026,496.8337191
Decline 2,25,2027,464.2887564
Decline 2,25,2028,483.5003857
Decline 2,25,2029,458.4887564
Decline 2,25,2030,397.4300391
Decline 2,25,2031,404.3279044
Decline 2,25,2032,379.4511235
Decline 3,25,2025,1223.0
Decline 3,25,2026,1062.0
Decline 3,25,2027,670.0
Decline 3,25,2028,458.0181405
Decline 3,25,2029,268.0
Decline 3,25,2030,201.0
Decline 3,25,2031,134.0
Decline 3,25,2032,67.0
Decline 4,25,2025,1091.52
Decline 4,25,2026,1063.02
Decline 4,25,2027,1019.52
Decline 4,25,2028,1004.52
Decline 4,25,2029,744.18
Decline 4,25,2030,458.3400002
Decline 4,25,2031,0.0
Decline 4,25,2032,0.0
Decline 5,25,2025,2040.800368
Decline 5,25,2026,1710.304
Decline 5,25,2027,1592.103307
Decline 5,25,2028,1511.695501
Decline 5,25,2029,1356.812827
Decline 5,25,2030,1218.610036
Decline 5,25,2031,1020.198713
Decline 5,25,2032,823.9449517
Growth 1,25,2025,0.0
Growth 1,25,2026,0.0
Growth 1,25,2027,0.0
Growth 1,25,2028,0.0
Growth 1,25,2029,0.0
Growth 1,25,2030,0.0
Growth 1,25,2031,0.0
Growth 1,25,2032,0.0
Growth 2,25,2025,0.0
Growth 2,25,2026,0.0
Growth 2,25,2027,0.0
Growth 2,25,2028,1083.0
Growth 2,25,2029,1549.0
Growth 2,25,2030,2820.0
Growth 2,25,2031,4781.0
Growth 2,25,2032,5758.265744
Growth 3,25,2025,0.0
Growth 3,25,2026,0.0
Growth 3,25,2027,0.0
Growth 3,25,2028,0.0
Growth 3,25,2029,0.0
Growth 3,25,2030,0.0
Growth 3,25,2031,0.0
Growth 3,25,2032,0.0
Growth 4,25,2025,0.0
Growth 4,25,2026,0.0
Growth 4,25,2027,0.0
Growth 4,25,2028,0.055453767
Growth 4,25,2029,3.666261294
Growth 4,25,2030,58.9189185
Growth 4,25,2031,182.947232
Growth 4,25,2032,252.194049
Growth 5,25,2025,0.0
Growth 5,25,2026,0.0
Growth 5,25,2027,3.711344179
Growth 5,25,2028,24.12748395
Growth 5,25,2029,58.41395903
Growth 5,25,2030,86.00016675
Growth 5,25,2031,103.3280894
Growth 5,25,2032,118.15574
Growth 6,25,2025,0.0
Growth 6,25,2026,0.0
Growth 6,25,2027,0.0
Growth 6,25,2028,0.0
Growth 6,25,2029,0.0
Growth 6,25,2030,0.0
Growth 6,25,2031,0.0
Growth 6,25,2032,0.0
Growth 7,25,2025,215.2184
Growth 7,25,2026,333.6516932
Growth 7,25,2027,489.4022653
Growth 7,25,2028,835.2893713
Growth 7,25,2029,1163.923767
Growth 7,25,2030,1394.012203
Growth 7,25,2031,1223.348171
Growth 7,25,2032,1319.852451
Growth 8,25,2025,0.0
Growth 8,25,2026,0.0
Growth 8,25,2027,0.0
Growth 8,25,2028,0.0
Growth 8,25,2029,0.0
Growth 8,25,2030,0.0
Growth 8,25,2031,0.0
Growth 8,25,2032,0.0
Growth 9,25,2025,0.0
Growth 9,25,2026,0.0
Growth 9,25,2027,0.0
Growth 9,25,2028,684.6243048
Growth 9,25,2029,3137.725002
Growth 9,25,2030,6550.566579
Growth 9,25,2031,9302.979184
Growth 9,25,2032,11088.26749
Mature 1,25,2025,38.2
Mature 1,25,2026,38.2
Mature 1,25,2027,38.2
Mature 1,25,2028,61.33333333
Mature 1,25,2029,62.19999999
Mature 1,25,2030,61.33333333
Mature 1,25,2031,91.79059773
Mature 1,25,2032,108.2223361
Mature 2,25,2025,1622.078506
Mature 2,25,2026,1946.722985
Mature 2,25,2027,1637.12799
Mature 2,25,2028,2184.0
Mature 2,25,2029,2079.0
Mature 2,25,2030,1947.0
Mature 2,25,2031,1511.0
Mature 2,25,2032,1896.191757
Mature 3,25,2025,1567.329269
Mature 3,25,2026,1719.115854
Mature 3,25,2027,1800.516064
Mature 3,25,2028,2114.430603
Mature 3,25,2029,1921.259676
Mature 3,25,2030,2129.139135
Mature 3,25,2031,2384.464011
Mature 3,25,2032,2399.333908
Mature 4,25,2025,1821.5
Mature 4,25,2026,2003.5
Mature 4,25,2027,1912.5
Mature 4,25,2028,1734.0
Mature 4,25,2029,1580.5
Mature 4,25,2030,1410.333334
Mature 4,25,2031,1244.333334
Mature 4,25,2032,1078.333334
Decline 1,26,2025,3456.259145
Decline 1,26,2026,3407.943895
Decline 1,26,2027,3113.55503
Decline 1,26,2028,3047.166165
Decline 1,26,2029,2259.22184
Decline 1,26,2030,977.7220551
Decline 1,26,2031,977.7220551
Decline 1,26,2032,607.5554601
Decline 2,26,2025,1382.830353
Decline 2,26,2026,1089.841929
Decline 2,26,2027,1065.886626
Decline 2,26,2028,1179.327024
Decline 2,26,2029,1189.841929
Decline 2,26,2030,991.393526
Decline 2,26,2031,944.9238804
Decline 2,26,2032,1194.99404
Decline 3,26,2025,2599.0
Decline 3,26,2026,2314.0
Decline 3,26,2027,2188.0
Decline 3,26,2028,1497.667701
Decline 3,26,2029,1171.788571
Decline 3,26,2030,691.2601275
Decline 3,26,2031,492.4739318
Decline 3,26,2032,584.2266571
Decline 4,26,2025,214.4533333
Decline 4,26,2026,208.4533333
Decline 4,26,2027,191.7866667
Decline 4,26,2028,181.12
Decline 4,26,2029,76.43331867
Decline 4,26,2030,36.66666667
Decline 4,26,2031,0.0
Decline 4,26,2032,0.0
Decline 5,26,2025,2040.800368
Decline 5,26,2026,1710.304
Decline 5,26,2027,1592.103307
Decline 5,26,2028,1511.695501
Decline 5,26,2029,1356.812827
Decline 5,26,2030,1218.610036
Decline 5,26,2031,1020.198713
Decline 5,26,2032,823.9449517
Growth 1,26,2025,0.0
Growth 1,26,2026,0.0
Growth 1,26,2027,0.0
Growth 1,26,2028,48.99999999
Growth 1,26,2029,79.01491413
Growth 1,26,2030,161.1043138
Growth 1,26,2031,194.5313599
Growth 1,26,2032,198.8655466
Growth 2,26,2025,0.0
Growth 2,26,2026,0.0
Growth 2,26,2027,0.0
Growth 2,26,2028,115.0
Growth 2,26,2029,460.0
Growth 2,26,2030,1610.0
Growth 2,26,2031,3450.0
Growth 2,26,2032,3758.265744
Growth 3,26,2025,0.0
Growth 3,26,2026,0.0
Growth 3,26,2027,0.0
Growth 3,26,2028,0.0
Growth 3,26,2029,0.0
Growth 3,26,2030,0.0
Growth 3,26,2031,0.0
Growth 3,26,2032,0.0
Growth 4,26,2025,0.0
Growth 4,26,2026,0.0
Growth 4,26,2027,0.0
Growth 4,26,2028,0.036969178
Growth 4,26,2029,2.444174196
Growth 4,26,2030,39.279279
Growth 4,26,2031,121.9648213
Growth 4,26,2032,168.129366
Growth 5,26,2025,0.0
Growth 5,26,2026,0.0
Growth 5,26,2027,14.78274778
Growth 5,26,2028,93.0650761
Growth 5,26,2029,225.5690067
Growth 5,26,2030,331.837604
Growth 5,26,2031,395.9472962
Growth 5,26,2032,449.7006275
Growth 6,26,2025,0.0
Growth 6,26,2026,127.0
Growth 6,26,2027,289.2264985
Growth 6,26,2028,1451.424447
Growth 6,26,2029,3787.146281
Growth 6,26,2030,7476.161161
Growth 6,26,2031,11429.1313
Growth 6,26,2032,14217.23982
Growth 7,26,2025,0.0
Growth 7,26,2026,0.0
Growth 7,26,2027,0.0
Growth 7,26,2028,0.0
Growth 7,26,2029,0.0
Growth 7,26,2030,0.0
Growth 7,26,2031,0.0
Growth 7,26,2032,0.0
Growth 8,26,2025,0.0
Growth 8,26,2026,0.0
Growth 8,26,2027,0.0
Growth 8,26,2028,0.0
Growth 8,26,2029,0.0
Growth 8,26,2030,0.0
Growth 8,26,2031,0.0
Growth 8,26,2032,0.0
Growth 9,26,2025,0.0
Growth 9,26,2026,0.0
Growth 9,26,2027,0.0
Growth 9,26,2028,684.6243048
Growth 9,26,2029,3137.725002
Growth 9,26,2030,6550.566579
Growth 9,26,2031,9302.979184
Growth 9,26,2032,11088.26749
Mature 1,26,2025,103.3
Mature 1,26,2026,103.3
Mature 1,26,2027,103.3
Mature 1,26,2028,149.3
Mature 1,26,2029,149.3
Mature 1,26,2030,149.3
Mature 1,26,2031,297.8258984
Mature 1,26,2032,339.3104838
Mature 2,26,2025,1622.078506
Mature 2,26,2026,1946.722985
Mature 2,26,2027,1637.12799
Mature 2,26,2028,2184.0
Mature 2,26,2029,2079.0
Mature 2,26,2030,1947.0
Mature 2,26,2031,1511.0
Mature 2,26,2032,1896.191757
Mature 3,26,2025,1168.863415
Mature 3,26,2026,1240.863415
Mature 3,26,2027,1201.256541
Mature 3,26,2028,1404.974944
Mature 3,26,2029,1367.619723
Mature 3,26,2030,1045.063032
Mature 3,26,2031,1142.910101
Mature 3,26,2032,1011.38572
Mature 4,26,2025,870.5
Mature 4,26,2026,1016.0
Mature 4,26,2027,952.5
Mature 4,26,2028,876.0
Mature 4,26,2029,612.0
Mature 4,26,2030,464.9813969
Mature 4,26,2031,551.5
Mature 4,26,2032,589.550909
Decline 1,27,2025,4072.129212
Decline 1,27,2026,4050.943895
Decline 1,27,2027,3670.555031
Decline 1,27,2028,3736.943895
Decline 1,27,2029,2882.610705
Decline 1,27,2030,1544.11092
Decline 1,27,2031,1544.11092
Decline 1,27,2032,1256.713338
Decline 2,27,2025,1382.830353
Decline 2,27,2026,1089.841929
Decline 2,27,2027,1065.886626
Decline 2,27,2028,1179.327024
Decline 2,27,2029,1189.841929
Decline 2,27,2030,991.393526
Decline 2,27,2031,944.9238804
Decline 2,27,2032,1194.99404
Decline 3,27,2025,2375.133859
Decline 3,27,2026,1923.0
Decline 3,27,2027,1645.0
Decline 3,27,2028,1119.0
Decline 3,27,2029,526.0000001
Decline 3,27,2030,392.0
Decline 3,27,2031,201.0
Decline 3,27,2032,316.305327
Decline 4,27,2025,1091.52
Decline 4,27,2026,1063.02
Decline 4,27,2027,1019.52
Decline 4,27,2028,1004.52
Decline 4,27,2029,744.18
Decline 4,27,2030,458.3400002
Decline 4,27,2031,0.0
Decline 4,27,2032,0.0
Decline 5,27,2025,2040.800368
Decline 5,27,2026,1710.304
Decline 5,27,2027,1592.103307
Decline 5,27,2028,1511.695501
Decline 5,27,2029,1356.812827
Decline 5,27,2030,1218.610036
Decline 5,27,2031,1020.198713
Decline 5,27,2032,823.9449517
Growth 1,27,2025,0.0
Growth 1,27,2026,0.0
Growth 1,27,2027,0.0
Growth 1,27,2028,0.0
Growth 1,27,2029,0.0
Growth 1,27,2030,0.0
Growth 1,27,2031,0.0
Growth 1,27,2032,0.0
Growth 2,27,2025,0.0
Growth 2,27,2026,0.0
Growth 2,27,2027,0.0
Growth 2,27,2028,0.0
Growth 2,27,2029,115.0
Growth 2,27,2030,230.0
Growth 2,27,2031,690.0
Growth 2,27,2032,1265.0
Growth 3,27,2025,0.0
Growth 3,27,2026,0.0
Growth 3,27,2027,0.0
Growth 3,27,2028,0.0
Growth 3,27,2029,0.0
Growth 3,27,2030,0.0
Growth 3,27,2031,0.0
Growth 3,27,2032,0.0
Growth 4,27,2025,0.0
Growth 4,27,2026,0.0
Growth 4,27,2027,0.0
Growth 4,27,2028,0.055453767
Growth 4,27,2029,3.666261294
Growth 4,27,2030,58.9189185
Growth 4,27,2031,182.947232
Growth 4,27,2032,252.194049
Growth 5,27,2025,0.0
Growth 5,27,2026,0.0
Growth 5,27,2027,14.78274778
Growth 5,27,2028,93.0650761
Growth 5,27,2029,225.5690067
Growth 5,27,2030,331.837604
Growth 5,27,2031,395.9472962
Growth 5,27,2032,449.7006275
Growth 6,27,2025,0.0
Growth 6,27,2026,127.0
Growth 6,27,2027,289.2264985
Growth 6,27,2028,1451.424447
Growth 6,27,2029,3787.146281
Growth 6,27,2030,7476.161161
Growth 6,27,2031,11429.1313
Growth 6,27,2032,14217.23982
Growth 7,27,2025,93.73946666
Growth 7,27,2026,187.4789333
Growth 7,27,2027,287.0685692
Growth 7,27,2028,468.1073593
Growth 7,27,2029,610.666967
Growth 7,27,2030,736.5398098
Growth 7,27,2031,796.2716264
Growth 7,27,2032,710.5446219
Growth 8,27,2025,0.0
Growth 8,27,2026,0.0
Growth 8,27,2027,0.0
Growth 8,27,2028,0.0
Growth 8,27,2029,0.0
Growth 8,27,2030,0.0
Growth 8,27,2031,0.0
Growth 8,27,2032,0.0
Growth 9,27,2025,0.0
Growth 9,27,2026,0.0
Growth 9,27,2027,0.0
Growth 9,27,2028,420.5743846
Growth 9,27,2029,1836.071143
Growth 9,27,2030,3774.986971
Growth 9,27,2031,5274.56421
Growth 9,27,2032,6166.945734
Mature 1,27,2025,228.0
Mature 1,27,2026,228.0
Mature 1,27,2027,228.0
Mature 1,27,2028,289.95
Mature 1,27,2029,292.95
Mature 1,27,2030,297.3308939
Mature 1,27,2031,566.9015648
Mature 1,27,2032,558.6735597
Mature 2,27,2025,818.0246624
Mature 2,27,2026,839.3377254
Mature 2,27,2027,908.3808986
Mature 2,27,2028,1013.76
Mature 2,27,2029,1079.04
Mature 2,27,2030,897.92
Mature 2,27,2031,810.24
Mature 2,27,2032,1069.461686
Mature 3,27,2025,1567.329269
Mature 3,27,2026,1719.115854
Mature 3,27,2027,1800.516064
Mature 3,27,2028,2114.430603
Mature 3,27,2029,1921.259676
Mature 3,27,2030,2129.139135
Mature 3,27,2031,2384.464011
Mature 3,27,2032,2399.333908
Mature 4,27,2025,2308.75
Mature 4,27,2026,2504.375
Mature 4,27,2027,2397.5
Mature 4,27,2028,2385.625
Mature 4,27,2029,2410.0
Mature 4,27,2030,2600.625
Mature 4,27,2031,2572.973603
Mature 4,27,2032,2437.80992
Decline 1,28,2025,2894.7773
Decline 1,28,2026,2600.388435
Decline 1,28,2027,2543.388435
Decline 1,28,2028,2666.7773
Decline 1,28,2029,1565.66638
Decline 1,28,2030,473.9443251
Decline 1,28,2031,239.7990071
Decline 1,28,2032,32.8432985
Decline 2,28,2025,1382.830353
Decline 2,28,2026,1089.841929
Decline 2,28,2027,1065.886626
Decline 2,28,2028,1179.327024
Decline 2,28,2029,1189.841929
Decline 2,28,2030,991.393526
Decline 2,28,2031,944.9238804
Decline 2,28,2032,1194.99404
Decline 3,28,2025,2375.133859
Decline 3,28,2026,1923.0
Decline 3,28,2027,1645.0
Decline 3,28,2028,1119.0
Decline 3,28,2029,526.0000001
Decline 3,28,2030,392.0
Decline 3,28,2031,201.0
Decline 3,28,2032,316.305327
Decline 4,28,2025,214.4533333
Decline 4,28,2026,208.4533333
Decline 4,28,2027,191.7866667
Decline 4,28,2028,181.12
Decline 4,28,2029,76.43331867
Decline 4,28,2030,36.66666667
Decline 4,28,2031,0.0
Decline 4,28,2032,0.0
Decline 5,28,2025,2040.800368
Decline 5,28,2026,1710.304
Decline 5,28,2027,1592.103307
Decline 5,28,2028,1511.695501
Decline 5,28,2029,1356.812827
Decline 5,28,2030,1218.610036
Decline 5,28,2031,1020.198713
Decline 5,28,2032,823.9449517
Growth 1,28,2025,0.0
Growth 1,28,2026,0.0
Growth 1,28,2027,0.0
Growth 1,28,2028,0.0
Growth 1,28,2029,0.0
Growth 1,28,2030,0.0
Growth 1,28,2031,0.0
Growth 1,28,2032,0.0
Growth 2,28,2025,0.0
Growth 2,28,2026,0.0
Growth 2,28,2027,0.0
Growth 2,28,2028,0.0
Growth 2,28,2029,115.0
Growth 2,28,2030,230.0
Growth 2,28,2031,690.0
Growth 2,28,2032,1265.0
Growth 3,28,2025,0.0
Growth 3,28,2026,0.0
Growth 3,28,2027,71.55173043
Growth 3,28,2028,365.2770063
Growth 3,28,2029,1442.793851
Growth 3,28,2030,3070.038021
Growth 3,28,2031,4124.136222
Growth 3,28,2032,5688.024813
Growth 4,28,2025,0.0
Growth 4,28,2026,0.0
Growth 4,28,2027,0.0
Growth 4,28,2028,0.0
Growth 4,28,2029,0.75
Growth 4,28,2030,35.12
Growth 4,28,2031,119.5
Growth 4,28,2032,105.198
Growth 5,28,2025,0.0
Growth 5,28,2026,0.0
Growth 5,28,2027,14.78274778
Growth 5,28,2028,93.0650761
Growth 5,28,2029,225.5690067
Growth 5,28,2030,331.837604
Growth 5,28,2031,395.9472962
Growth 5,28,2032,449.7006275
Growth 6,28,2025,0.0
Growth 6,28,2026,0.0
Growth 6,28,2027,0.0
Growth 6,28,2028,404.8659044
Growth 6,28,2029,1127.547098
Growth 6,28,2030,2224.568158
Growth 6,28,2031,3385.53918
Growth 6,28,2032,4198.824283
Growth 7,28,2025,0.0
Growth 7,28,2026,0.0
Growth 7,28,2027,0.0
Growth 7,28,2028,0.0
Growth 7,28,2029,0.0
Growth 7,28,2030,0.0
Growth 7,28,2031,0.0
Growth 7,28,2032,0.0
Growth 8,28,2025,0.0
Growth 8,28,2026,0.0
Growth 8,28,2027,0.0
Growth 8,28,2028,0.0
Growth 8,28,2029,0.0
Growth 8,28,2030,0.0
Growth 8,28,2031,0.0
Growth 8,28,2032,0.0
Growth 9,28,2025,0.0
Growth 9,28,2026,0.0
Growth 9,28,2027,0.0
Growth 9,28,2028,0.0
Growth 9,28,2029,0.0
Growth 9,28,2030,0.0
Growth 9,28,2031,0.0
Growth 9,28,2032,0.0
Mature 1,28,2025,228.0
Mature 1,28,2026,228.0
Mature 1,28,2027,228.0
Mature 1,28,2028,289.95
Mature 1,28,2029,292.95
Mature 1,28,2030,297.3308939
Mature 1,28,2031,566.9015648
Mature 1,28,2032,558.6735597
Mature 2,28,2025,1622.078506
Mature 2,28,2026,1946.722985
Mature 2,28,2027,1637.12799
Mature 2,28,2028,2184.0
Mature 2,28,2029,2079.0
Mature 2,28,2030,1947.0
Mature 2,28,2031,1511.0
Mature 2,28,2032,1896.191757
Mature 3,28,2025,1168.863415
Mature 3,28,2026,1240.863415
Mature 3,28,2027,1201.256541
Mature 3,28,2028,1404.974944
Mature 3,28,2029,1367.619723
Mature 3,28,2030,1045.063032
Mature 3,28,2031,1142.910101
Mature 3,28,2032,1011.38572
Mature 4,28,2025,870.5
Mature 4,28,2026,1016.0
Mature 4,28,2027,952.5
Mature 4,28,2028,876.0
Mature 4,28,2029,612.0
Mature 4,28,2030,464.9813969
Mature 4,28,2031,551.5
Mature 4,28,2032,589.550909
Decline 1,29,2025,3456.259145
Decline 1,29,2026,3407.943895
Decline 1,29,2027,3113.55503
Decline 1,29,2028,3047.166165
Decline 1,29,2029,2259.22184
Decline 1,29,2030,977.7220551
Decline 1,29,2031,977.7220551
Decline 1,29,2032,607.5554601
Decline 2,29,2025,663.8815771
Decline 2,29,2026,496.8337191
Decline 2,29,2027,464.2887564
Decline 2,29,2028,483.5003857
Decline 2,29,2029,458.4887564
Decline 2,29,2030,397.4300391
Decline 2,29,2031,404.3279044
Decline 2,29,2032,379.4511235
Decline 3,29,2025,2599.0
Decline 3,29,2026,2314.0
Decline 3,29,2027,2188.0
Decline 3,29,2028,1497.667701
Decline 3,29,2029,1171.788571
Decline 3,29,2030,691.2601275
Decline 3,29,2031,492.4739318
Decline 3,29,2032,584.2266571
Decline 4,29,2025,559.68
Decline 4,29,2026,549.68
Decline 4,29,2027,539.68
Decline 4,29,2028,529.68
Decline 4,29,2029,373.12
Decline 4,29,2030,186.5600001
Decline 4,29,2031,0.0
Decline 4,29,2032,0.0
Decline 5,29,2025,2040.800368
Decline 5,29,2026,1710.304
Decline 5,29,2027,1592.103307
Decline 5,29,2028,1511.695501
Decline 5,29,2029,1356.812827
Decline 5,29,2030,1218.610036
Decline 5,29,2031,1020.198713
Decline 5,29,2032,823.9449517
Growth 1,29,2025,0.0
Growth 1,29,2026,0.0
Growth 1,29,2027,0.0
Growth 1,29,2028,0.0
Growth 1,29,2029,0.0
Growth 1,29,2030,0.0
Growth 1,29,2031,0.0
Growth 1,29,2032,0.0
Growth 2,29,2025,0.0
Growth 2,29,2026,0.0
Growth 2,29,2027,0.0
Growth 2,29,2028,115.0
Growth 2,29,2029,460.0
Growth 2,29,2030,1610.0
Growth 2,29,2031,3450.0
Growth 2,29,2032,3758.265744
Growth 3,29,2025,0.0
Growth 3,29,2026,0.0
Growth 3,29,2027,55.76354826
Growth 3,29,2028,172.0499227
Growth 3,29,2029,789.1875069
Growth 3,29,2030,2013.330648
Growth 3,29,2031,2975.817231
Growth 3,29,2032,4040.98506
Growth 4,29,2025,0.0
Growth 4,29,2026,0.0
Growth 4,29,2027,0.0
Growth 4,29,2028,0.055453767
Growth 4,29,2029,3.666261294
Growth 4,29,2030,58.9189185
Growth 4,29,2031,182.947232
Growth 4,29,2032,252.194049
Growth 5,29,2025,0.0
Growth 5,29,2026,0.0
Growth 5,29,2027,14.78274778
Growth 5,29,2028,93.0650761
Growth 5,29,2029,225.5690067
Growth 5,29,2030,331.837604
Growth 5,29,2031,395.9472962
Growth 5,29,2032,449.7006275
Growth 6,29,2025,0.0
Growth 6,29,2026,127.0
Growth 6,29,2027,289.2264985
Growth 6,29,2028,1451.424447
Growth 6,29,2029,3787.146281
Growth 6,29,2030,7476.161161
Growth 6,29,2031,11429.1313
Growth 6,29,2032,14217.23982
Growth 7,29,2025,93.73946666
Growth 7,29,2026,187.4789333
Growth 7,29,2027,287.0685692
Growth 7,29,2028,468.1073593
Growth 7,29,2029,610.666967
Growth 7,29,2030,736.5398098
Growth 7,29,2031,796.2716264
Growth 7,29,2032,710.5446219
Growth 8,29,2025,0.0
Growth 8,29,2026,0.0
Growth 8,29,2027,0.0
Growth 8,29,2028,0.0
Growth 8,29,2029,0.0
Growth 8,29,2030,0.0
Growth 8,29,2031,308.852459
Growth 8,29,2032,1434.681788
Growth 9,29,2025,0.0
Growth 9,29,2026,0.0
Growth 9,29,2027,0.0
Growth 9,29,2028,420.5743846
Growth 9,29,2029,1836.071143
Growth 9,29,2030,3774.986971
Growth 9,29,2031,5274.56421
Growth 9,29,2032,6166.945734
Mature 1,29,2025,103.3
Mature 1,29,2026,103.3
Mature 1,29,2027,103.3
Mature 1,29,2028,149.3
Mature 1,29,2029,149.3
Mature 1,29,2030,149.3
Mature 1,29,2031,297.8258984
Mature 1,29,2032,339.3104838
Mature 2,29,2025,1622.078506
Mature 2,29,2026,1946.722985
Mature 2,29,2027,1637.12799
Mature 2,29,2028,2184.0
Mature 2,29,2029,2079.0
Mature 2,29,2030,1947.0
Mature 2,29,2031,1511.0
Mature 2,29,2032,1896.191757
Mature 3,29,2025,1168.863415
Mature 3,29,2026,1240.863415
Mature 3,29,2027,1201.256541
Mature 3,29,2028,1404.974944
Mature 3,29,2029,1367.619723
Mature 3,29,2030,1045.063032
Mature 3,29,2031,1142.910101
Mature 3,29,2032,1011.38572
Mature 4,29,2025,1821.5
Mature 4,29,2026,2003.5
Mature 4,29,2027,1912.5
Mature 4,29,2028,1734.0
Mature 4,29,2029,1580.5
Mature 4,29,2030,1410.333334
Mature 4,29,2031,1244.333334
Mature 4,29,2032,1078.333334
Decline 1,30,2025,3456.259145
Decline 1,30,2026,3407.943895
Decline 1,30,2027,3113.55503
Decline 1,30,2028,3047.166165
Decline 1,30,2029,2259.22184
Decline 1,30,2030,977.7220551
Decline 1,30,2031,977.7220551
Decline 1,30,2032,607.5554601
Decline 2,30,2025,663.8815771
Decline 2,30,2026,496.8337191
Decline 2,30,2027,464.2887564
Decline 2,30,2028,483.5003857
Decline 2,30,2029,458.4887564
Decline 2,30,2030,397.4300391
Decline 2,30,2031,404.3279044
Decline 2,30,2032,379.4511235
Decline 3,30,2025,2599.0
Decline 3,30,2026,2314.0
Decline 3,30,2027,2188.0
Decline 3,30,2028,1497.667701
Decline 3,30,2029,1171.788571
Decline 3,30,2030,691.2601275
Decline 3,30,2031,492.4739318
Decline 3,30,2032,584.2266571
Decline 4,30,2025,1091.52
Decline 4,30,2026,1063.02
Decline 4,30,2027,1019.52
Decline 4,30,2028,1004.52
Decline 4,30,2029,744.18
Decline 4,30,2030,458.3400002
Decline 4,30,2031,0.0
Decline 4,30,2032,0.0
Decline 5,30,2025,2040.800368
Decline 5,30,2026,1910.304
Decline 5,30,2027,1792.103307
Decline 5,30,2028,1711.695501
Decline 5,30,2029,1556.812827
Decline 5,30,2030,1418.610036
Decline 5,30,2031,1367.367525
Decline 5,30,2032,1111.797171
Growth 1,30,2025,0.0
Growth 1,30,2026,0.0
Growth 1,30,2027,0.0
Growth 1,30,2028,0.0
Growth 1,30,2029,0.0
Growth 1,30,2030,0.0
Growth 1,30,2031,0.0
Growth 1,30,2032,0.0
Growth 2,30,2025,0.0
Growth 2,30,2026,0.0
Growth 2,30,2027,0.0
Growth 2,30,2028,0.0
Growth 2,30,2029,0.0
Growth 2,30,2030,0.0
Growth 2,30,2031,0.0
Growth 2,30,2032,0.0
Growth 3,30,2025,0.0
Growth 3,30,2026,0.0
Growth 3,30,2027,55.76354826
Growth 3,30,2028,172.0499227
Growth 3,30,2029,789.1875069
Growth 3,30,2030,2013.330648
Growth 3,30,2031,2975.817231
Growth 3,30,2032,4040.98506
Growth 4,30,2025,0.0
Growth 4,30,2026,0.0
Growth 4,30,2027,0.0
Growth 4,30,2028,0.055453767
Growth 4,30,2029,3.666261294
Growth 4,30,2030,58.9189185
Growth 4,30,2031,182.947232
Growth 4,30,2032,252.194049
Growth 5,30,2025,0.0
Growth 5,30,2026,0.0
Growth 5,30,2027,14.78274778
Growth 5,30,2028,93.0650761
Growth 5,30,2029,225.5690067
Growth 5,30,2030,331.837604
Growth 5,30,2031,395.9472962
Growth 5,30,2032,449.7006275
Growth 6,30,2025,0.0
Growth 6,30,2026,190.0
Growth 6,30,2027,815.8364985
Growth 6,30,2028,2053.264447
Growth 6,30,2029,4464.216281
Growth 6,30,2030,8228.461161
Growth 6,30,2031,12256.6613
Growth 6,30,2032,15119.99982
Growth 7,30,2025,93.73946666
Growth 7,30,2026,187.4789333
Growth 7,30,2027,287.0685692
Growth 7,30,2028,468.1073593
Growth 7,30,2029,610.666967
Growth 7,30,2030,736.5398098
Growth 7,30,2031,796.2716264
Growth 7,30,2032,710.5446219
Growth 8,30,2025,0.0
Growth 8,30,2026,0.0
Growth 8,30,2027,0.0
Growth 8,30,2028,0.0
Growth 8,30,2029,0.0
Growth 8,30,2030,0.0
Growth 8,30,2031,96.39344262
Growth 8,30,2032,545.4421738
Growth 9,30,2025,0.0
Growth 9,30,2026,0.0
Growth 9,30,2027,0.0
Growth 9,30,2028,420.5743846
Growth 9,30,2029,1836.071143
Growth 9,30,2030,3774.986971
Growth 9,30,2031,5274.56421
Growth 9,30,2032,6166.945734
Mature 1,30,2025,228.0
Mature 1,30,2026,228.0
Mature 1,30,2027,228.0
Mature 1,30,2028,289.95
Mature 1,30,2029,292.95
Mature 1,30,2030,297.3308939
Mature 1,30,2031,566.9015648
Mature 1,30,2032,558.6735597
Mature 2,30,2025,2650.016952
Mature 2,30,2026,3353.577983
Mature 2,30,2027,3031.589928
Mature 2,30,2028,3521.875
Mature 2,30,2029,3445.732255
Mature 2,30,2030,3823.4375
Mature 2,30,2031,3941.936731
Mature 2,30,2032,4681.54962
Mature 3,30,2025,832.5756098
Mature 3,30,2026,886.5756098
Mature 3,30,2027,810.6839595
Mature 3,30,2028,917.035907
Mature 3,30,2029,875.1454061
Mature 3,30,2030,653.9194086
Mature 3,30,2031,421.7170732
Mature 3,30,2032,421.7170732
Mature 4,30,2025,870.5
Mature 4,30,2026,1016.0
Mature 4,30,2027,952.5
Mature 4,30,2028,876.0
Mature 4,30,2029,612.0
Mature 4,30,2030,464.9813969
Mature 4,30,2031,551.5
Mature 4,30,2032,589.550909
Decline 1,31,2025,2894.7773
Decline 1,31,2026,2600.388435
Decline 1,31,2027,2543.388435
Decline 1,31,2028,2666.7773
Decline 1,31,2029,1565.66638
Decline 1,31,2030,473.9443251
Decline 1,31,2031,239.7990071
Decline 1,31,2032,32.8432985
Decline 2,31,2025,1382.830353
Decline 2,31,2026,1089.841929
Decline 2,31,2027,1065.886626
Decline 2,31,2028,1179.327024
Decline 2,31,2029,1189.841929
Decline 2,31,2030,991.393526
Decline 2,31,2031,944.9238804
Decline 2,31,2032,1194.99404
Decline 3,31,2025,2599.0
Decline 3,31,2026,2314.0
Decline 3,31,2027,2188.0
Decline 3,31,2028,1497.667701
Decline 3,31,2029,1171.788571
Decline 3,31,2030,691.2601275
Decline 3,31,2031,492.4739318
Decline 3,31,2032,584.2266571
Decline 4,31,2025,214.4533333
Decline 4,31,2026,208.4533333
Decline 4,31,2027,191.7866667
Decline 4,31,2028,181.12
Decline 4,31,2029,76.43331867
Decline 4,31,2030,36.66666667
Decline 4,31,2031,0.0
Decline 4,31,2032,0.0
Decline 5,31,2025,1809.32464
Decline 5,31,2026,1297.792
Decline 5,31,2027,1152.897648
Decline 5,31,2028,1152.897648
Decline 5,31,2029,964.182804
Decline 5,31,2030,843.004
Decline 5,31,2031,416.4759425
Decline 5,31,2032,189.5069516
Growth 1,31,2025,0.0
Growth 1,31,2026,0.0
Growth 1,31,2027,0.0
Growth 1,31,2028,73.49999999
Growth 1,31,2029,147.0
Growth 1,31,2030,241.6564707
Growth 1,31,2031,294.0
Growth 1,31,2032,298.2983199
Growth 2,31,2025,0.0
Growth 2,31,2026,0.0
Growth 2,31,2027,0.0
Growth 2,31,2028,115.0
Growth 2,31,2029,460.0
Growth 2,31,2030,1610.0
Growth 2,31,2031,3450.0
Growth 2,31,2032,3758.265744
Growth 3,31,2025,0.0
Growth 3,31,2026,0.0
Growth 3,31,2027,71.55173043
Growth 3,31,2028,365.2770063
Growth 3,31,2029,1442.793851
Growth 3,31,2030,3070.038021
Growth 3,31,2031,4124.136222
Growth 3,31,2032,5688.024813
Growth 4,31,2025,0.0
Growth 4,31,2026,0.0
Growth 4,31,2027,0.0
Growth 4,31,2028,0.036969178
Growth 4,31,2029,2.444174196
Growth 4,31,2030,39.279279
Growth 4,31,2031,121.9648213
Growth 4,31,2032,168.129366
Growth 5,31,2025,0.0
Growth 5,31,2026,0.0
Growth 5,31,2027,0.0
Growth 5,31,2028,0.0
Growth 5,31,2029,0.0
Growth 5,31,2030,0.0
Growth 5,31,2031,0.0
Growth 5,31,2032,0.0
Growth 6,31,2025,0.0
Growth 6,31,2026,190.0
Growth 6,31,2027,815.8364985
Growth 6,31,2028,2053.264447
Growth 6,31,2029,4464.216281
Growth 6,31,2030,8228.461161
Growth 6,31,2031,12256.6613
Growth 6,31,2032,15119.99982
Growth 7,31,2025,0.0
Growth 7,31,2026,0.0
Growth 7,31,2027,0.0
Growth 7,31,2028,0.0
Growth 7,31,2029,0.0
Growth 7,31,2030,0.0
Growth 7,31,2031,0.0
Growth 7,31,2032,0.0
Growth 8,31,2025,0.0
Growth 8,31,2026,0.0
Growth 8,31,2027,0.0
Growth 8,31,2028,0.0
Growth 8,31,2029,0.0
Growth 8,31,2030,0.0
Growth 8,31,2031,308.852459
Growth 8,31,2032,1434.681788
Growth 9,31,2025,0.0
Growth 9,31,2026,0.0
Growth 9,31,2027,0.0
Growth 9,31,2028,1358.224305
Growth 9,31,2029,4302.525002
Growth 9,31,2030,8206.566576
Growth 9,31,2031,11450.17918
Growth 9,31,2032,13726.66749
Mature 1,31,2025,228.0
Mature 1,31,2026,228.0
Mature 1,31,2027,228.0
Mature 1,31,2028,289.95
Mature 1,31,2029,292.95
Mature 1,31,2030,297.3308939
Mature 1,31,2031,566.9015648
Mature 1,31,2032,558.6735597
Mature 2,31,2025,1622.078506
Mature 2,31,2026,1946.722985
Mature 2,31,2027,1637.12799
Mature 2,31,2028,2184.0
Mature 2,31,2029,2079.0
Mature 2,31,2030,1947.0
Mature 2,31,2031,1511.0
Mature 2,31,2032,1896.191757
Mature 3,31,2025,1168.863415
Mature 3,31,2026,1240.863415
Mature 3,31,2027,1201.256541
Mature 3,31,2028,1404.974944
Mature 3,31,2029,1367.619723
Mature 3,31,2030,1045.063032
Mature 3,31,2031,1142.910101
Mature 3,31,2032,1011.38572
Mature 4,31,2025,1821.5
Mature 4,31,2026,2003.5
Mature 4,31,2027,1912.5
Mature 4,31,2028,1734.0
Mature 4,31,2029,1580.5
Mature 4,31,2030,1410.333334
Mature 4,31,2031,1244.333334
Mature 4,31,2032,1078.333334
Decline 1,32,2025,2894.7773
Decline 1,32,2026,2600.388435
Decline 1,32,2027,2543.388435
Decline 1,32,2028,2666.7773
Decline 1,32,2029,1565.66638
Decline 1,32,2030,473.9443251
Decline 1,32,2031,239.7990071
Decline 1,32,2032,32.8432985
Decline 2,32,2025,663.8815771
Decline 2,32,2026,496.8337191
Decline 2,32,2027,464.2887564
Decline 2,32,2028,483.5003857
Decline 2,32,2029,458.4887564
Decline 2,32,2030,397.4300391
Decline 2,32,2031,404.3279044
Decline 2,32,2032,379.4511235
Decline 3,32,2025,2375.133859
Decline 3,32,2026,1923.0
Decline 3,32,2027,1645.0
Decline 3,32,2028,1119.0
Decline 3,32,2029,526.0000001
Decline 3,32,2030,392.0
Decline 3,32,2031,201.0
Decline 3,32,2032,316.305327
Decline 4,32,2025,1091.52
Decline 4,32,2026,1063.02
Decline 4,32,2027,1019.52
Decline 4,32,2028,1004.52
Decline 4,32,2029,744.18
Decline 4,32,2030,458.3400002
Decline 4,32,2031,0.0
Decline 4,32,2032,0.0
Decline 5,32,2025,2040.800368
Decline 5,32,2026,1910.304
Decline 5,32,2027,1792.103307
Decline 5,32,2028,1711.695501
Decline 5,32,2029,1556.812827
Decline 5,32,2030,1418.610036
Decline 5,32,2031,1367.367525
Decline 5,32,2032,1111.797171
Growth 1,32,2025,0.0
Growth 1,32,2026,0.0
Growth 1,32,2027,0.0
Growth 1,32,2028,48.99999999
Growth 1,32,2029,79.01491413
Growth 1,32,2030,161.1043138
Growth 1,32,2031,194.5313599
Growth 1,32,2032,198.8655466
Growth 2,32,2025,0.0
Growth 2,32,2026,0.0
Growth 2,32,2027,0.0
Growth 2,32,2028,115.0
Growth 2,32,2029,460.0
Growth 2,32,2030,1610.0
Growth 2,32,2031,3450.0
Growth 2,32,2032,3758.265744
Growth 3,32,2025,0.0
Growth 3,32,2026,0.0
Growth 3,32,2027,0.0
Growth 3,32,2028,0.0
Growth 3,32,2029,0.0
Growth 3,32,2030,0.0
Growth 3,32,2031,0.0
Growth 3,32,2032,0.0
Growth 4,32,2025,0.0
Growth 4,32,2026,0.0
Growth 4,32,2027,0.0
Growth 4,32,2028,0.055453767
Growth 4,32,2029,3.666261294
Growth 4,32,2030,58.9189185
Growth 4,32,2031,182.947232
Growth 4,32,2032,252.194049
Growth 5,32,2025,0.0
Growth 5,32,2026,0.0
Growth 5,32,2027,14.78274778
Growth 5,32,2028,93.0650761
Growth 5,32,2029,225.5690067
Growth 5,32,2030,331.837604
Growth 5,32,2031,395.9472962
Growth 5,32,2032,449.7006275
Growth 6,32,2025,0.0
Growth 6,32,2026,0.0
Growth 6,32,2027,0.0
Growth 6,32,2028,0.0
Growth 6,32,2029,0.0
Growth 6,32,2030,0.0
Growth 6,32,2031,0.0
Growth 6,32,2032,0.0
Growth 7,32,2025,0.0
Growth 7,32,2026,0.0
Growth 7,32,2027,0.0
Growth 7,32,2028,0.0
Growth 7,32,2029,0.0
Growth 7,32,2030,0.0
Growth 7,32,2031,0.0
Growth 7,32,2032,0.0
Growth 8,32,2025,0.0
Growth 8,32,2026,0.0
Growth 8,32,2027,0.0
Growth 8,32,2028,0.0
Growth 8,32,2029,0.0
Growth 8,32,2030,0.0
Growth 8,32,2031,308.852459
Growth 8,32,2032,1434.681788
Growth 9,32,2025,0.0
Growth 9,32,2026,0.0
Growth 9,32,2027,0.0
Growth 9,32,2028,0.0
Growth 9,32,2029,0.0
Growth 9,32,2030,0.0
Growth 9,32,2031,0.0
Growth 9,32,2032,0.0
Mature 1,32,2025,38.2
Mature 1,32,2026,38.2
Mature 1,32,2027,38.2
Mature 1,32,2028,61.33333333
Mature 1,32,2029,62.19999999
Mature 1,32,2030,61.33333333
Mature 1,32,2031,91.79059773
Mature 1,32,2032,108.2223361
Mature 2,32,2025,2650.016952
Mature 2,32,2026,3353.577983
Mature 2,32,2027,3031.589928
Mature 2,32,2028,3521.875
Mature 2,32,2029,3445.732255
Mature 2,32,2030,3823.4375
Mature 2,32,2031,3941.936731
Mature 2,32,2032,4681.54962
Mature 3,32,2025,832.5756098
Mature 3,32,2026,886.5756098
Mature 3,32,2027,810.6839595
Mature 3,32,2028,917.035907
Mature 3,32,2029,875.1454061
Mature 3,32,2030,653.9194086
Mature 3,32,2031,421.7170732
Mature 3,32,2032,421.7170732
Mature 4,32,2025,870.5
Mature 4,32,2026,1016.0
Mature 4,32,2027,952.5
Mature 4,32,2028,876.0
Mature 4,32,2029,612.0
Mature 4,32,2030,464.9813969
Mature 4,32,2031,551.5
Mature 4,32,2032,589.550909
Decline 1,33,2025,3456.259145
Decline 1,33,2026,3407.943895
Decline 1,33,2027,3113.55503
Decline 1,33,2028,3047.166165
Decline 1,33,2029,2259.22184
Decline 1,33,2030,977.7220551
Decline 1,33,2031,977.7220551
Decline 1,33,2032,607.5554601
Decline 2,33,2025,663.8815771
Decline 2,33,2026,496.8337191
Decline 2,33,2027,464.2887564
Decline 2,33,2028,483.5003857
Decline 2,33,2029,458.4887564
Decline 2,33,2030,397.4300391
Decline 2,33,2031,404.3279044
Decline 2,33,2032,379.4511235
Decline 3,33,2025,2599.0
Decline 3,33,2026,2314.0
Decline 3,33,2027,2188.0
Decline 3,33,2028,1497.667701
Decline 3,33,2029,1171.788571
Decline 3,33,2030,691.2601275
Decline 3,33,2031,492.4739318
Decline 3,33,2032,584.2266571
Decline 4,33,2025,559.68
Decline 4,33,2026,549.68
Decline 4,33,2027,539.68
Decline 4,33,2028,529.68
Decline 4,33,2029,373.12
Decline 4,33,2030,186.5600001
Decline 4,33,2031,0.0
Decline 4,33,2032,0.0
Decline 5,33,2025,1809.32464
Decline 5,33,2026,1297.792
Decline 5,33,2027,1152.897648
Decline 5,33,2028,1152.897648
Decline 5,33,2029,964.182804
Decline 5,33,2030,843.004
Decline 5,33,2031,416.4759425
Decline 5,33,2032,189.5069516
Growth 1,33,2025,0.0
Growth 1,33,2026,0.0
Growth 1,33,2027,0.0
Growth 1,33,2028,12.86693097
Growth 1,33,2029,79.01491413
Growth 1,33,2030,147.0
Growth 1,33,2031,194.5313599
Growth 1,33,2032,196.0
Growth 2,33,2025,0.0
Growth 2,33,2026,0.0
Growth 2,33,2027,0.0
Growth 2,33,2028,0.0
Growth 2,33,2029,115.0
Growth 2,33,2030,230.0
Growth 2,33,2031,690.0
Growth 2,33,2032,1265.0
Growth 3,33,2025,0.0
Growth 3,33,2026,0.0
Growth 3,33,2027,0.0
Growth 3,33,2028,0.0
Growth 3,33,2029,0.0
Growth 3,33,2030,0.0
Growth 3,33,2031,0.0
Growth 3,33,2032,0.0
Growth 4,33,2025,0.0
Growth 4,33,2026,0.0
Growth 4,33,2027,0.0
Growth 4,33,2028,0.0
Growth 4,33,2029,0.0
Growth 4,33,2030,0.0
Growth 4,33,2031,0.0
Growth 4,33,2032,0.0
Growth 5,33,2025,0.0
Growth 5,33,2026,0.0
Growth 5,33,2027,3.711344179
Growth 5,33,2028,24.12748395
Growth 5,33,2029,58.41395903
Growth 5,33,2030,86.00016675
Growth 5,33,2031,103.3280894
Growth 5,33,2032,118.15574
Growth 6,33,2025,0.0
Growth 6,33,2026,190.0
Growth 6,33,2027,815.8364985
Growth 6,33,2028,2053.264447
Growth 6,33,2029,4464.216281
Growth 6,33,2030,8228.461161
Growth 6,33,2031,12256.6613
Growth 6,33,2032,15119.99982
Growth 7,33,2025,93.73946666
Growth 7,33,2026,187.4789333
Growth 7,33,2027,287.0685692
Growth 7,33,2028,468.1073593
Growth 7,33,2029,610.666967
Growth 7,33,2030,736.5398098
Growth 7,33,2031,796.2716264
Growth 7,33,2032,710.5446219
Growth 8,33,2025,0.0
Growth 8,33,2026,0.0
Growth 8,33,2027,0.0
Growth 8,33,2028,0.0
Growth 8,33,2029,0.0
Growth 8,33,2030,0.0
Growth 8,33,2031,96.39344262
Growth 8,33,2032,545.4421738
Growth 9,33,2025,0.0
Growth 9,33,2026,0.0
Growth 9,33,2027,0.0
Growth 9,33,2028,1358.224305
Growth 9,33,2029,4302.525002
Growth 9,33,2030,8206.566576
Growth 9,33,2031,11450.17918
Growth 9,33,2032,13726.66749
Mature 1,33,2025,38.2
Mature 1,33,2026,38.2
Mature 1,33,2027,38.2
Mature 1,33,2028,61.33333333
Mature 1,33,2029,62.19999999
Mature 1,33,2030,61.33333333
Mature 1,33,2031,91.79059773
Mature 1,33,2032,108.2223361
Mature 2,33,2025,1622.078506
Mature 2,33,2026,1946.722985
Mature 2,33,2027,1637.12799
Mature 2,33,2028,2184.0
Mature 2,33,2029,2079.0
Mature 2,33,2030,1947.0
Mature 2,33,2031,1511.0
Mature 2,33,2032,1896.191757
Mature 3,33,2025,832.5756098
Mature 3,33,2026,886.5756098
Mature 3,33,2027,810.6839595
Mature 3,33,2028,917.035907
Mature 3,33,2029,875.1454061
Mature 3,33,2030,653.9194086
Mature 3,33,2031,421.7170732
Mature 3,33,2032,421.7170732
Mature 4,33,2025,870.5
Mature 4,33,2026,1016.0
Mature 4,33,2027,952.5
Mature 4,33,2028,876.0
Mature 4,33,2029,612.0
Mature 4,33,2030,464.9813969
Mature 4,33,2031,551.5
Mature 4,33,2032,589.550909
Decline 1,34,2025,2894.7773
Decline 1,34,2026,2600.388435
Decline 1,34,2027,2543.388435
Decline 1,34,2028,2666.7773
Decline 1,34,2029,1565.66638
Decline 1,34,2030,473.9443251
Decline 1,34,2031,239.7990071
Decline 1,34,2032,32.8432985
Decline 2,34,2025,1097.826268
Decline 2,34,2026,782.7680227
Decline 2,34,2027,823.0560987
Decline 2,34,2028,853.1148208
Decline 2,34,2029,853.1148208
Decline 2,34,2030,793.1148207
Decline 2,34,2031,665.5923062
Decline 2,34,2032,714.3560987
Decline 3,34,2025,2375.133859
Decline 3,34,2026,1923.0
Decline 3,34,2027,1645.0
Decline 3,34,2028,1119.0
Decline 3,34,2029,526.0000001
Decline 3,34,2030,392.0
Decline 3,34,2031,201.0
Decline 3,34,2032,316.305327
Decline 4,34,2025,559.68
Decline 4,34,2026,549.68
Decline 4,34,2027,539.68
Decline 4,34,2028,529.68
Decline 4,34,2029,373.12
Decline 4,34,2030,186.5600001
Decline 4,34,2031,0.0
Decline 4,34,2032,0.0
Decline 5,34,2025,1809.32464
Decline 5,34,2026,1297.792
Decline 5,34,2027,1152.897648
Decline 5,34,2028,1152.897648
Decline 5,34,2029,964.182804
Decline 5,34,2030,843.004
Decline 5,34,2031,416.4759425
Decline 5,34,2032,189.5069516
Growth 1,34,2025,0.0
Growth 1,34,2026,0.0
Growth 1,34,2027,0.0
Growth 1,34,2028,48.99999999
Growth 1,34,2029,79.01491413
Growth 1,34,2030,161.1043138
Growth 1,34,2031,194.5313599
Growth 1,34,2032,198.8655466
Growth 2,34,2025,0.0
Growth 2,34,2026,0.0
Growth 2,34,2027,0.0
Growth 2,34,2028,0.0
Growth 2,34,2029,115.0
Growth 2,34,2030,230.0
Growth 2,34,2031,690.0
Growth 2,34,2032,1265.0
Growth 3,34,2025,0.0
Growth 3,34,2026,0.0
Growth 3,34,2027,55.76354826
Growth 3,34,2028,172.0499227
Growth 3,34,2029,789.1875069
Growth 3,34,2030,2013.330648
Growth 3,34,2031,2975.817231
Growth 3,34,2032,4040.98506
Growth 4,34,2025,0.0
Growth 4,34,2026,0.0
Growth 4,34,2027,0.0
Growth 4,34,2028,0.055453767
Growth 4,34,2029,3.666261294
Growth 4,34,2030,58.9189185
Growth 4,34,2031,182.947232
Growth 4,34,2032,252.194049
Growth 5,34,2025,0.0
Growth 5,34,2026,0.0
Growth 5,34,2027,14.78274778
Growth 5,34,2028,93.0650761
Growth 5,34,2029,225.5690067
Growth 5,34,2030,331.837604
Growth 5,34,2031,395.9472962
Growth 5,34,2032,449.7006275
Growth 6,34,2025,0.0
Growth 6,34,2026,0.0
Growth 6,34,2027,0.0
Growth 6,34,2028,0.0
Growth 6,34,2029,0.0
Growth 6,34,2030,0.0
Growth 6,34,2031,0.0
Growth 6,34,2032,0.0
Growth 7,34,2025,159.7394667
Growth 7,34,2026,242.9578667
Growth 7,34,2027,373.9353065
Growth 7,34,2028,639.8787984
Growth 7,34,2029,877.2871368
Growth 7,34,2030,1028.385008
Growth 7,34,2031,1096.432133
Growth 7,34,2032,1149.609816
Growth 8,34,2025,0.0
Growth 8,34,2026,0.0
Growth 8,34,2027,0.0
Growth 8,34,2028,0.0
Growth 8,34,2029,0.0
Growth 8,34,2030,0.0
Growth 8,34,2031,0.0
Growth 8,34,2032,0.0
Growth 9,34,2025,0.0
Growth 9,34,2026,0.0
Growth 9,34,2027,0.0
Growth 9,34,2028,0.0
Growth 9,34,2029,0.0
Growth 9,34,2030,0.0
Growth 9,34,2031,0.0
Growth 9,34,2032,0.0
Mature 1,34,2025,38.2
Mature 1,34,2026,38.2
Mature 1,34,2027,38.2
Mature 1,34,2028,61.33333333
Mature 1,34,2029,62.19999999
Mature 1,34,2030,61.33333333
Mature 1,34,2031,91.79059773
Mature 1,34,2032,108.2223361
Mature 2,34,2025,1622.078506
Mature 2,34,2026,1946.722985
Mature 2,34,2027,1637.12799
Mature 2,34,2028,2184.0
Mature 2,34,2029,2079.0
Mature 2,34,2030,1947.0
Mature 2,34,2031,1511.0
Mature 2,34,2032,1896.191757
Mature 3,34,2025,832.5756098
Mature 3,34,2026,886.5756098
Mature 3,34,2027,810.6839595
Mature 3,34,2028,917.035907
Mature 3,34,2029,875.1454061
Mature 3,34,2030,653.9194086
Mature 3,34,2031,421.7170732
Mature 3,34,2032,421.7170732
Mature 4,34,2025,2308.75
Mature 4,34,2026,2504.375
Mature 4,34,2027,2397.5
Mature 4,34,2028,2385.625
Mature 4,34,2029,2410.0
Mature 4,34,2030,2600.625
Mature 4,34,2031,2572.973603
Mature 4,34,2032,2437.80992
Decline 1,35,2025,4072.129212
Decline 1,35,2026,4050.943895
Decline 1,35,2027,3670.555031
Decline 1,35,2028,3736.943895
Decline 1,35,2029,2882.610705
Decline 1,35,2030,1544.11092
Decline 1,35,2031,1544.11092
Decline 1,35,2032,1256.713338
Decline 2,35,2025,1382.830353
Decline 2,35,2026,1089.841929
Decline 2,35,2027,1065.886626
Decline 2,35,2028,1179.327024
Decline 2,35,2029,1189.841929
Decline 2,35,2030,991.393526
Decline 2,35,2031,944.9238804
Decline 2,35,2032,1194.99404
Decline 3,35,2025,1223.0
Decline 3,35,2026,1062.0
Decline 3,35,2027,670.0
Decline 3,35,2028,458.0181405
Decline 3,35,2029,268.0
Decline 3,35,2030,201.0
Decline 3,35,2031,134.0
Decline 3,35,2032,67.0
Decline 4,35,2025,559.68
Decline 4,35,2026,549.68
Decline 4,35,2027,539.68
Decline 4,35,2028,529.68
Decline 4,35,2029,373.12
Decline 4,35,2030,186.5600001
Decline 4,35,2031,0.0
Decline 4,35,2032,0.0
Decline 5,35,2025,2040.800368
Decline 5,35,2026,1710.304
Decline 5,35,2027,1592.103307
Decline 5,35,2028,1511.695501
Decline 5,35,2029,1356.812827
Decline 5,35,2030,1218.610036
Decline 5,35,2031,1020.198713
Decline 5,35,2032,823.9449517
Growth 1,35,2025,0.0
Growth 1,35,2026,0.0
Growth 1,35,2027,0.0
Growth 1,35,2028,73.49999999
Growth 1,35,2029,147.0
Growth 1,35,2030,241.6564707
Growth 1,35,2031,294.0
Growth 1,35,2032,298.2983199
Growth 2,35,2025,0.0
Growth 2,35,2026,0.0
Growth 2,35,2027,0.0
Growth 2,35,2028,115.0
Growth 2,35,2029,460.0
Growth 2,35,2030,1610.0
Growth 2,35,2031,3450.0
Growth 2,35,2032,3758.265744
Growth 3,35,2025,0.0
Growth 3,35,2026,0.0
Growth 3,35,2027,71.55173043
Growth 3,35,2028,365.2770063
Growth 3,35,2029,1442.793851
Growth 3,35,2030,3070.038021
Growth 3,35,2031,4124.136222
Growth 3,35,2032,5688.024813
Growth 4,35,2025,0.0
Growth 4,35,2026,0.0
Growth 4,35,2027,0.0
Growth 4,35,2028,0.0
Growth 4,35,2029,0.75
Growth 4,35,2030,35.12
Growth 4,35,2031,119.5
Growth 4,35,2032,105.198
Growth 5,35,2025,0.0
Growth 5,35,2026,0.0
Growth 5,35,2027,0.0
Growth 5,35,2028,0.0
Growth 5,35,2029,0.0
Growth 5,35,2030,0.0
Growth 5,35,2031,0.0
Growth 5,35,2032,0.0
Growth 6,35,2025,0.0
Growth 6,35,2026,127.0
Growth 6,35,2027,289.2264985
Growth 6,35,2028,1451.424447
Growth 6,35,2029,3787.146281
Growth 6,35,2030,7476.161161
Growth 6,35,2031,11429.1313
Growth 6,35,2032,14217.23982
Growth 7,35,2025,159.7394667
Growth 7,35,2026,242.9578667
Growth 7,35,2027,373.9353065
Growth 7,35,2028,639.8787984
Growth 7,35,2029,877.2871368
Growth 7,35,2030,1028.385008
Growth 7,35,2031,1096.432133
Growth 7,35,2032,1149.609816
Growth 8,35,2025,0.0
Growth 8,35,2026,0.0
Growth 8,35,2027,0.0
Growth 8,35,2028,0.0
Growth 8,35,2029,0.0
Growth 8,35,2030,0.0
Growth 8,35,2031,0.0
Growth 8,35,2032,0.0
Growth 9,35,2025,0.0
Growth 9,35,2026,0.0
Growth 9,35,2027,0.0
Growth 9,35,2028,684.6243048
Growth 9,35,2029,3137.725002
Growth 9,35,2030,6550.566579
Growth 9,35,2031,9302.979184
Growth 9,35,2032,11088.26749
Mature 1,35,2025,103.3
Mature 1,35,2026,103.3
Mature 1,35,2027,103.3
Mature 1,35,2028,149.3
Mature 1,35,2029,149.3
Mature 1,35,2030,149.3
Mature 1,35,2031,297.8258984
Mature 1,35,2032,339.3104838
Mature 2,35,2025,818.0246624
Mature 2,35,2026,839.3377254
Mature 2,35,2027,908.3808986
Mature 2,35,2028,1013.76
Mature 2,35,2029,1079.04
Mature 2,35,2030,897.92
Mature 2,35,2031,810.24
Mature 2,35,2032,1069.461686
Mature 3,35,2025,1168.863415
Mature 3,35,2026,1240.863415
Mature 3,35,2027,1201.256541
Mature 3,35,2028,1404.974944
Mature 3,35,2029,1367.619723
Mature 3,35,2030,1045.063032
Mature 3,35,2031,1142.910101
Mature 3,35,2032,1011.38572
Mature 4,35,2025,2308.75
Mature 4,35,2026,2504.375
Mature 4,35,2027,2397.5
Mature 4,35,2028,2385.625
Mature 4,35,2029,2410.0
Mature 4,35,2030,2600.625
Mature 4,35,2031,2572.973603
Mature 4,35,2032,2437.80992
Decline 1,36,2025,4072.129212
Decline 1,36,2026,4050.943895
Decline 1,36,2027,3670.555031
Decline 1,36,2028,3736.943895
Decline 1,36,2029,2882.610705
Decline 1,36,2030,1544.11092
Decline 1,36,2031,1544.11092
Decline 1,36,2032,1256.713338
Decline 2,36,2025,1097.826268
Decline 2,36,2026,782.7680227
Decline 2,36,2027,823.0560987
Decline 2,36,2028,853.1148208
Decline 2,36,2029,853.1148208
Decline 2,36,2030,793.1148207
Decline 2,36,2031,665.5923062
Decline 2,36,2032,714.3560987
Decline 3,36,2025,2375.133859
Decline 3,36,2026,1923.0
Decline 3,36,2027,1645.0
Decline 3,36,2028,1119.0
Decline 3,36,2029,526.0000001
Decline 3,36,2030,392.0
Decline 3,36,2031,201.0
Decline 3,36,2032,316.305327
Decline 4,36,2025,559.68
Decline 4,36,2026,549.68
Decline 4,36,2027,539.68
Decline 4,36,2028,529.68
Decline 4,36,2029,373.12
Decline 4,36,2030,186.5600001
Decline 4,36,2031,0.0
Decline 4,36,2032,0.0
Decline 5,36,2025,2040.800368
Decline 5,36,2026,1710.304
Decline 5,36,2027,1592.103307
Decline 5,36,2028,1511.695501
Decline 5,36,2029,1356.812827
Decline 5,36,2030,1218.610036
Decline 5,36,2031,1020.198713
Decline 5,36,2032,823.9449517
Growth 1,36,2025,0.0
Growth 1,36,2026,0.0
Growth 1,36,2027,0.0
Growth 1,36,2028,12.86693097
Growth 1,36,2029,79.01491413
Growth 1,36,2030,147.0
Growth 1,36,2031,194.5313599
Growth 1,36,2032,196.0
Growth 2,36,2025,0.0
Growth 2,36,2026,0.0
Growth 2,36,2027,0.0
Growth 2,36,2028,0.0
Growth 2,36,2029,115.0
Growth 2,36,2030,230.0
Growth 2,36,2031,690.0
Growth 2,36,2032,1265.0
Growth 3,36,2025,0.0
Growth 3,36,2026,0.0
Growth 3,36,2027,55.76354826
Growth 3,36,2028,172.0499227
Growth 3,36,2029,789.1875069
Growth 3,36,2030,2013.330648
Growth 3,36,2031,2975.817231
Growth 3,36,2032,4040.98506
Growth 4,36,2025,0.0
Growth 4,36,2026,0.0
Growth 4,36,2027,0.0
Growth 4,36,2028,0.0
Growth 4,36,2029,0.75
Growth 4,36,2030,35.12
Growth 4,36,2031,119.5
Growth 4,36,2032,105.198
Growth 5,36,2025,0.0
Growth 5,36,2026,0.0
Growth 5,36,2027,3.711344179
Growth 5,36,2028,24.12748395
Growth 5,36,2029,58.41395903
Growth 5,36,2030,86.00016675
Growth 5,36,2031,103.3280894
Growth 5,36,2032,118.15574
Growth 6,36,2025,0.0
Growth 6,36,2026,190.0
Growth 6,36,2027,815.8364985
Growth 6,36,2028,2053.264447
Growth 6,36,2029,4464.216281
Growth 6,36,2030,8228.461161
Growth 6,36,2031,12256.6613
Growth 6,36,2032,15119.99982
Growth 7,36,2025,0.0
Growth 7,36,2026,0.0
Growth 7,36,2027,0.0
Growth 7,36,2028,0.0
Growth 7,36,2029,0.0
Growth 7,36,2030,0.0
Growth 7,36,2031,0.0
Growth 7,36,2032,0.0
Growth 8,36,2025,0.0
Growth 8,36,2026,0.0
Growth 8,36,2027,0.0
Growth 8,36,2028,0.0
Growth 8,36,2029,0.0
Growth 8,36,2030,0.0
Growth 8,36,2031,0.0
Growth 8,36,2032,0.0
Growth 9,36,2025,0.0
Growth 9,36,2026,0.0
Growth 9,36,2027,0.0
Growth 9,36,2028,1358.224305
Growth 9,36,2029,4302.525002
Growth 9,36,2030,8206.566576
Growth 9,36,2031,11450.17918
Growth 9,36,2032,13726.66749
Mature 1,36,2025,103.3
Mature 1,36,2026,103.3
Mature 1,36,2027,103.3
Mature 1,36,2028,149.3
Mature 1,36,2029,149.3
Mature 1,36,2030,149.3
Mature 1,36,2031,297.8258984
Mature 1,36,2032,339.3104838
Mature 2,36,2025,818.0246624
Mature 2,36,2026,839.3377254
Mature 2,36,2027,908.3808986
Mature 2,36,2028,1013.76
Mature 2,36,2029,1079.04
Mature 2,36,2030,897.92
Mature 2,36,2031,810.24
Mature 2,36,2032,1069.461686
Mature 3,36,2025,1567.329269
Mature 3,36,2026,1719.115854
Mature 3,36,2027,1800.516064
Mature 3,36,2028,2114.430603
Mature 3,36,2029,1921.259676
Mature 3,36,2030,2129.139135
Mature 3,36,2031,2384.464011
Mature 3,36,2032,2399.333908
Mature 4,36,2025,2308.75
Mature 4,36,2026,2504.375
Mature 4,36,2027,2397.5
Mature 4,36,2028,2385.625
Mature 4,36,2029,2410.0
Mature 4,36,2030,2600.625
Mature 4,36,2031,2572.973603
Mature 4,36,2032,2437.80992
Decline 1,37,2025,4072.129212
Decline 1,37,2026,4050.943895
Decline 1,37,2027,3670.555031
Decline 1,37,2028,3736.943895
Decline 1,37,2029,2882.610705
Decline 1,37,2030,1544.11092
Decline 1,37,2031,1544.11092
Decline 1,37,2032,1256.713338
Decline 2,37,2025,1097.826268
Decline 2,37,2026,782.7680227
Decline 2,37,2027,823.0560987
Decline 2,37,2028,853.1148208
Decline 2,37,2029,853.1148208
Decline 2,37,2030,793.1148207
Decline 2,37,2031,665.5923062
Decline 2,37,2032,714.3560987
Decline 3,37,2025,2599.0
Decline 3,37,2026,2314.0
Decline 3,37,2027,2188.0
Decline 3,37,2028,1497.667701
Decline 3,37,2029,1171.788571
Decline 3,37,2030,691.2601275
Decline 3,37,2031,492.4739318
Decline 3,37,2032,584.2266571
Decline 4,37,2025,559.68
Decline 4,37,2026,549.68
Decline 4,37,2027,539.68
Decline 4,37,2028,529.68
Decline 4,37,2029,373.12
Decline 4,37,2030,186.5600001
Decline 4,37,2031,0.0
Decline 4,37,2032,0.0
Decline 5,37,2025,2040.800368
Decline 5,37,2026,1710.304
Decline 5,37,2027,1592.103307
Decline 5,37,2028,1511.695501
Decline 5,37,2029,1356.812827
Decline 5,37,2030,1218.610036
Decline 5,37,2031,1020.198713
Decline 5,37,2032,823.9449517
Growth 1,37,2025,0.0
Growth 1,37,2026,0.0
Growth 1,37,2027,0.0
Growth 1,37,2028,73.49999999
Growth 1,37,2029,147.0
Growth 1,37,2030,241.6564707
Growth 1,37,2031,294.0
Growth 1,37,2032,298.2983199
Growth 2,37,2025,0.0
Growth 2,37,2026,0.0
Growth 2,37,2027,0.0
Growth 2,37,2028,0.0
Growth 2,37,2029,115.0
Growth 2,37,2030,230.0
Growth 2,37,2031,690.0
Growth 2,37,2032,1265.0
Growth 3,37,2025,0.0
Growth 3,37,2026,0.0
Growth 3,37,2027,46.48360656
Growth 3,37,2028,91.44756544
Growth 3,37,2029,367.0185388
Growth 3,37,2030,758.976408
Growth 3,37,2031,1038.178471
Growth 3,37,2032,1679.068804
Growth 4,37,2025,0.0
Growth 4,37,2026,0.0
Growth 4,37,2027,0.0
Growth 4,37,2028,0.0
Growth 4,37,2029,0.75
Growth 4,37,2030,35.12
Growth 4,37,2031,119.5
Growth 4,37,2032,105.198
Growth 5,37,2025,0.0
Growth 5,37,2026,0.0
Growth 5,37,2027,14.78274778
Growth 5,37,2028,93.0650761
Growth 5,37,2029,225.5690067
Growth 5,37,2030,331.837604
Growth 5,37,2031,395.9472962
Growth 5,37,2032,449.7006275
Growth 6,37,2025,0.0
Growth 6,37,2026,190.0
Growth 6,37,2027,815.8364985
Growth 6,37,2028,2053.264447
Growth 6,37,2029,4464.216281
Growth 6,37,2030,8228.461161
Growth 6,37,2031,12256.6613
Growth 6,37,2032,15119.99982
Growth 7,37,2025,159.7394667
Growth 7,37,2026,242.9578667
Growth 7,37,2027,373.9353065
Growth 7,37,2028,639.8787984
Growth 7,37,2029,877.2871368
Growth 7,37,2030,1028.385008
Growth 7,37,2031,1096.432133
Growth 7,37,2032,1149.609816
Growth 8,37,2025,0.0
Growth 8,37,2026,0.0
Growth 8,37,2027,0.0
Growth 8,37,2028,0.0
Growth 8,37,2029,0.0
Growth 8,37,2030,0.0
Growth 8,37,2031,308.852459
Growth 8,37,2032,1434.681788
Growth 9,37,2025,0.0
Growth 9,37,2026,0.0
Growth 9,37,2027,0.0
Growth 9,37,2028,1358.224305
Growth 9,37,2029,4302.525002
Growth 9,37,2030,8206.566576
Growth 9,37,2031,11450.17918
Growth 9,37,2032,13726.66749
Mature 1,37,2025,38.2
Mature 1,37,2026,38.2
Mature 1,37,2027,38.2
Mature 1,37,2028,61.33333333
Mature 1,37,2029,62.19999999
Mature 1,37,2030,61.33333333
Mature 1,37,2031,91.79059773
Mature 1,37,2032,108.2223361
Mature 2,37,2025,2650.016952
Mature 2,37,2026,3353.577983
Mature 2,37,2027,3031.589928
Mature 2,37,2028,3521.875
Mature 2,37,2029,3445.732255
Mature 2,37,2030,3823.4375
Mature 2,37,2031,3941.936731
Mature 2,37,2032,4681.54962
Mature 3,37,2025,832.5756098
Mature 3,37,2026,886.5756098
Mature 3,37,2027,810.6839595
Mature 3,37,2028,917.035907
Mature 3,37,2029,875.1454061
Mature 3,37,2030,653.9194086
Mature 3,37,2031,421.7170732
Mature 3,37,2032,421.7170732
Mature 4,37,2025,1821.5
Mature 4,37,2026,2003.5
Mature 4,37,2027,1912.5
Mature 4,37,2028,1734.0
Mature 4,37,2029,1580.5
Mature 4,37,2030,1410.333334
Mature 4,37,2031,1244.333334
Mature 4,37,2032,1078.333334
Decline 1,38,2025,2894.7773
Decline 1,38,2026,2600.388435
Decline 1,38,2027,2543.388435
Decline 1,38,2028,2666.7773
Decline 1,38,2029,1565.66638
Decline 1,38,2030,473.9443251
Decline 1,38,2031,239.7990071
Decline 1,38,2032,32.8432985
Decline 2,38,2025,1097.826268
Decline 2,38,2026,782.7680227
Decline 2,38,2027,823.0560987
Decline 2,38,2028,853.1148208
Decline 2,38,2029,853.1148208
Decline 2,38,2030,793.1148207
Decline 2,38,2031,665.5923062
Decline 2,38,2032,714.3560987
Decline 3,38,2025,1223.0
Decline 3,38,2026,1062.0
Decline 3,38,2027,670.0
Decline 3,38,2028,458.0181405
Decline 3,38,2029,268.0
Decline 3,38,2030,201.0
Decline 3,38,2031,134.0
Decline 3,38,2032,67.0
Decline 4,38,2025,1091.52
Decline 4,38,2026,1063.02
Decline 4,38,2027,1019.52
Decline 4,38,2028,1004.52
Decline 4,38,2029,744.18
Decline 4,38,2030,458.3400002
Decline 4,38,2031,0.0
Decline 4,38,2032,0.0
Decline 5,38,2025,2040.800368
Decline 5,38,2026,1710.304
Decline 5,38,2027,1592.103307
Decline 5,38,2028,1511.695501
Decline 5,38,2029,1356.812827
Decline 5,38,2030,1218.610036
Decline 5,38,2031,1020.198713
Decline 5,38,2032,823.9449517
Growth 1,38,2025,0.0
Growth 1,38,2026,0.0
Growth 1,38,2027,0.0
Growth 1,38,2028,0.0
Growth 1,38,2029,0.0
Growth 1,38,2030,0.0
Growth 1,38,2031,0.0
Growth 1,38,2032,0.0
Growth 2,38,2025,0.0
Growth 2,38,2026,0.0
Growth 2,38,2027,0.0
Growth 2,38,2028,0.0
Growth 2,38,2029,115.0
Growth 2,38,2030,230.0
Growth 2,38,2031,690.0
Growth 2,38,2032,1265.0
Growth 3,38,2025,0.0
Growth 3,38,2026,0.0
Growth 3,38,2027,71.55173043
Growth 3,38,2028,365.2770063
Growth 3,38,2029,1442.793851
Growth 3,38,2030,3070.038021
Growth 3,38,2031,4124.136222
Growth 3,38,2032,5688.024813
Growth 4,38,2025,0.0
Growth 4,38,2026,0.0
Growth 4,38,2027,0.0
Growth 4,38,2028,0.036969178
Growth 4,38,2029,2.444174196
Growth 4,38,2030,39.279279
Growth 4,38,2031,121.9648213
Growth 4,38,2032,168.129366
Growth 5,38,2025,0.0
Growth 5,38,2026,0.0
Growth 5,38,2027,14.78274778
Growth 5,38,2028,77.21633571
Growth 5,38,2029,168.7795756
Growth 5,38,2030,235.2845834
Growth 5,38,2031,274.3130356
Growth 5,38,2032,307.8233761
Growth 6,38,2025,0.0
Growth 6,38,2026,190.0
Growth 6,38,2027,815.8364985
Growth 6,38,2028,2053.264447
Growth 6,38,2029,4464.216281
Growth 6,38,2030,8228.461161
Growth 6,38,2031,12256.6613
Growth 6,38,2032,15119.99982
Growth 7,38,2025,159.7394667
Growth 7,38,2026,242.9578667
Growth 7,38,2027,373.9353065
Growth 7,38,2028,639.8787984
Growth 7,38,2029,877.2871368
Growth 7,38,2030,1028.385008
Growth 7,38,2031,1096.432133
Growth 7,38,2032,1149.609816
Growth 8,38,2025,0.0
Growth 8,38,2026,0.0
Growth 8,38,2027,0.0
Growth 8,38,2028,0.0
Growth 8,38,2029,0.0
Growth 8,38,2030,0.0
Growth 8,38,2031,308.852459
Growth 8,38,2032,1434.681788
Growth 9,38,2025,0.0
Growth 9,38,2026,0.0
Growth 9,38,2027,0.0
Growth 9,38,2028,684.6243048
Growth 9,38,2029,3137.725002
Growth 9,38,2030,6550.566579
Growth 9,38,2031,9302.979184
Growth 9,38,2032,11088.26749
Mature 1,38,2025,38.2
Mature 1,38,2026,38.2
Mature 1,38,2027,38.2
Mature 1,38,2028,61.33333333
Mature 1,38,2029,62.19999999
Mature 1,38,2030,61.33333333
Mature 1,38,2031,91.79059773
Mature 1,38,2032,108.2223361
Mature 2,38,2025,2650.016952
Mature 2,38,2026,3353.577983
Mature 2,38,2027,3031.589928
Mature 2,38,2028,3521.875
Mature 2,38,2029,3445.732255
Mature 2,38,2030,3823.4375
Mature 2,38,2031,3941.936731
Mature 2,38,2032,4681.54962
Mature 3,38,2025,1168.863415
Mature 3,38,2026,1240.863415
Mature 3,38,2027,1201.256541
Mature 3,38,2028,1404.974944
Mature 3,38,2029,1367.619723
Mature 3,38,2030,1045.063032
Mature 3,38,2031,1142.910101
Mature 3,38,2032,1011.38572
Mature 4,38,2025,870.5
Mature 4,38,2026,1016.0
Mature 4,38,2027,952.5
Mature 4,38,2028,876.0
Mature 4,38,2029,612.0
Mature 4,38,2030,464.9813969
Mature 4,38,2031,551.5
Mature 4,38,2032,589.550909
Decline 1,39,2025,3456.259145
Decline 1,39,2026,3407.943895
Decline 1,39,2027,3113.55503
Decline 1,39,2028,3047.166165
Decline 1,39,2029,2259.22184
Decline 1,39,2030,977.7220551
Decline 1,39,2031,977.7220551
Decline 1,39,2032,607.5554601
Decline 2,39,2025,1097.826268
Decline 2,39,2026,782.7680227
Decline 2,39,2027,823.0560987
Decline 2,39,2028,853.1148208
Decline 2,39,2029,853.1148208
Decline 2,39,2030,793.1148207
Decline 2,39,2031,665.5923062
Decline 2,39,2032,714.3560987
Decline 3,39,2025,1223.0
Decline 3,39,2026,1062.0
Decline 3,39,2027,670.0
Decline 3,39,2028,458.0181405
Decline 3,39,2029,268.0
Decline 3,39,2030,201.0
Decline 3,39,2031,134.0
Decline 3,39,2032,67.0
Decline 4,39,2025,214.4533333
Decline 4,39,2026,208.4533333
Decline 4,39,2027,191.7866667
Decline 4,39,2028,181.12
Decline 4,39,2029,76.43331867
Decline 4,39,2030,36.66666667
Decline 4,39,2031,0.0
Decline 4,39,2032,0.0
Decline 5,39,2025,2040.800368
Decline 5,39,2026,1910.304
Decline 5,39,2027,1792.103307
Decline 5,39,2028,1711.695501
Decline 5,39,2029,1556.812827
Decline 5,39,2030,1418.610036
Decline 5,39,2031,1367.367525
Decline 5,39,2032,1111.797171
Growth 1,39,2025,0.0
Growth 1,39,2026,0.0
Growth 1,39,2027,0.0
Growth 1,39,2028,12.86693097
Growth 1,39,2029,79.01491413
Growth 1,39,2030,147.0
Growth 1,39,2031,194.5313599
Growth 1,39,2032,196.0
Growth 2,39,2025,0.0
Growth 2,39,2026,0.0
Growth 2,39,2027,0.0
Growth 2,39,2028,115.0
Growth 2,39,2029,460.0
Growth 2,39,2030,1610.0
Growth 2,39,2031,3450.0
Growth 2,39,2032,3758.265744
Growth 3,39,2025,0.0
Growth 3,39,2026,0.0
Growth 3,39,2027,55.76354826
Growth 3,39,2028,172.0499227
Growth 3,39,2029,789.1875069
Growth 3,39,2030,2013.330648
Growth 3,39,2031,2975.817231
Growth 3,39,2032,4040.98506
Growth 4,39,2025,0.0
Growth 4,39,2026,0.0
Growth 4,39,2027,0.0
Growth 4,39,2028,0.0
Growth 4,39,2029,0.0
Growth 4,39,2030,0.0
Growth 4,39,2031,0.0
Growth 4,39,2032,0.0
Growth 5,39,2025,0.0
Growth 5,39,2026,0.0
Growth 5,39,2027,14.78274778
Growth 5,39,2028,77.21633571
Growth 5,39,2029,168.7795756
Growth 5,39,2030,235.2845834
Growth 5,39,2031,274.3130356
Growth 5,39,2032,307.8233761
Growth 6,39,2025,0.0
Growth 6,39,2026,0.0
Growth 6,39,2027,0.0
Growth 6,39,2028,404.8659044
Growth 6,39,2029,1127.547098
Growth 6,39,2030,2224.568158
Growth 6,39,2031,3385.53918
Growth 6,39,2032,4198.824283
Growth 7,39,2025,93.73946666
Growth 7,39,2026,187.4789333
Growth 7,39,2027,287.0685692
Growth 7,39,2028,468.1073593
Growth 7,39,2029,610.666967
Growth 7,39,2030,736.5398098
Growth 7,39,2031,796.2716264
Growth 7,39,2032,710.5446219
Growth 8,39,2025,0.0
Growth 8,39,2026,0.0
Growth 8,39,2027,0.0
Growth 8,39,2028,0.0
Growth 8,39,2029,0.0
Growth 8,39,2030,0.0
Growth 8,39,2031,308.852459
Growth 8,39,2032,1434.681788
Growth 9,39,2025,0.0
Growth 9,39,2026,0.0
Growth 9,39,2027,0.0
Growth 9,39,2028,1358.224305
Growth 9,39,2029,4302.525002
Growth 9,39,2030,8206.566576
Growth 9,39,2031,11450.17918
Growth 9,39,2032,13726.66749
Mature 1,39,2025,38.2
Mature 1,39,2026,38.2
Mature 1,39,2027,38.2
Mature 1,39,2028,61.33333333
Mature 1,39,2029,62.19999999
Mature 1,39,2030,61.33333333
Mature 1,39,2031,91.79059773
Mature 1,39,2032,108.2223361
Mature 2,39,2025,1622.078506
Mature 2,39,2026,1946.722985
Mature 2,39,2027,1637.12799
Mature 2,39,2028,2184.0
Mature 2,39,2029,2079.0
Mature 2,39,2030,1947.0
Mature 2,39,2031,1511.0
Mature 2,39,2032,1896.191757
Mature 3,39,2025,1567.329269
Mature 3,39,2026,1719.115854
Mature 3,39,2027,1800.516064
Mature 3,39,2028,2114.430603
Mature 3,39,2029,1921.259676
Mature 3,39,2030,2129.139135
Mature 3,39,2031,2384.464011
Mature 3,39,2032,2399.333908
Mature 4,39,2025,2308.75
Mature 4,39,2026,2504.375
Mature 4,39,2027,2397.5
Mature 4,39,2028,2385.625
Mature 4,39,2029,2410.0
Mature 4,39,2030,2600.625
Mature 4,39,2031,2572.973603
Mature 4,39,2032,2437.80992
Decline 1,40,2025,3456.259145
Decline 1,40,2026,3407.943895
Decline 1,40,2027,3113.55503
Decline 1,40,2028,3047.166165
Decline 1,40,2029,2259.22184
Decline 1,40,2030,977.7220551
Decline 1,40,2031,977.7220551
Decline 1,40,2032,607.5554601
Decline 2,40,2025,663.8815771
Decline 2,40,2026,496.8337191
Decline 2,40,2027,464.2887564
Decline 2,40,2028,483.5003857
Decline 2,40,2029,458.4887564
Decline 2,40,2030,397.4300391
Decline 2,40,2031,404.3279044
Decline 2,40,2032,379.4511235
Decline 3,40,2025,2375.133859
Decline 3,40,2026,1923.0
Decline 3,40,2027,1645.0
Decline 3,40,2028,1119.0
Decline 3,40,2029,526.0000001
Decline 3,40,2030,392.0
Decline 3,40,2031,201.0
Decline 3,40,2032,316.305327
Decline 4,40,2025,559.68
Decline 4,40,2026,549.68
Decline 4,40,2027,539.68
Decline 4,40,2028,529.68
Decline 4,40,2029,373.12
Decline 4,40,2030,186.5600001
Decline 4,40,2031,0.0
Decline 4,40,2032,0.0
Decline 5,40,2025,2040.800368
Decline 5,40,2026,1910.304
Decline 5,40,2027,1792.103307
Decline 5,40,2028,1711.695501
Decline 5,40,2029,1556.812827
Decline 5,40,2030,1418.610036
Decline 5,40,2031,1367.367525
Decline 5,40,2032,1111.797171
Growth 1,40,2025,0.0
Growth 1,40,2026,0.0
Growth 1,40,2027,0.0
Growth 1,40,2028,12.86693097
Growth 1,40,2029,79.01491413
Growth 1,40,2030,147.0
Growth 1,40,2031,194.5313599
Growth 1,40,2032,196.0
Growth 2,40,2025,0.0
Growth 2,40,2026,0.0
Growth 2,40,2027,0.0
Growth 2,40,2028,115.0
Growth 2,40,2029,460.0
Growth 2,40,2030,1610.0
Growth 2,40,2031,3450.0
Growth 2,40,2032,3758.265744
Growth 3,40,2025,0.0
Growth 3,40,2026,0.0
Growth 3,40,2027,55.76354826
Growth 3,40,2028,172.0499227
Growth 3,40,2029,789.1875069
Growth 3,40,2030,2013.330648
Growth 3,40,2031,2975.817231
Growth 3,40,2032,4040.98506
Growth 4,40,2025,0.0
Growth 4,40,2026,0.0
Growth 4,40,2027,0.0
Growth 4,40,2028,0.055453767
Growth 4,40,2029,3.666261294
Growth 4,40,2030,58.9189185
Growth 4,40,2031,182.947232
Growth 4,40,2032,252.194049
Growth 5,40,2025,0.0
Growth 5,40,2026,0.0
Growth 5,40,2027,14.78274778
Growth 5,40,2028,93.0650761
Growth 5,40,2029,225.5690067
Growth 5,40,2030,331.837604
Growth 5,40,2031,395.9472962
Growth 5,40,2032,449.7006275
Growth 6,40,2025,0.0
Growth 6,40,2026,190.0
Growth 6,40,2027,815.8364985
Growth 6,40,2028,2053.264447
Growth 6,40,2029,4464.216281
Growth 6,40,2030,8228.461161
Growth 6,40,2031,12256.6613
Growth 6,40,2032,15119.99982
Growth 7,40,2025,215.2184
Growth 7,40,2026,333.6516932
Growth 7,40,2027,489.4022653
Growth 7,40,2028,835.2893713
Growth 7,40,2029,1163.923767
Growth 7,40,2030,1394.012203
Growth 7,40,2031,1223.348171
Growth 7,40,2032,1319.852451
Growth 8,40,2025,0.0
Growth 8,40,2026,0.0
Growth 8,40,2027,0.0
Growth 8,40,2028,0.0
Growth 8,40,2029,0.0
Growth 8,40,2030,0.0
Growth 8,40,2031,308.852459
Growth 8,40,2032,1434.681788
Growth 9,40,2025,0.0
Growth 9,40,2026,0.0
Growth 9,40,2027,0.0
Growth 9,40,2028,684.6243048
Growth 9,40,2029,3137.725002
Growth 9,40,2030,6550.566579
Growth 9,40,2031,9302.979184
Growth 9,40,2032,11088.26749
Mature 1,40,2025,228.0
Mature 1,40,2026,228.0
Mature 1,40,2027,228.0
Mature 1,40,2028,289.95
Mature 1,40,2029,292.95
Mature 1,40,2030,297.3308939
Mature 1,40,2031,566.9015648
Mature 1,40,2032,558.6735597
Mature 2,40,2025,1622.078506
Mature 2,40,2026,1946.722985
Mature 2,40,2027,1637.12799
Mature 2,40,2028,2184.0
Mature 2,40,2029,2079.0
Mature 2,40,2030,1947.0
Mature 2,40,2031,1511.0
Mature 2,40,2032,1896.191757
Mature 3,40,2025,1168.863415
Mature 3,40,2026,1240.863415
Mature 3,40,2027,1201.256541
Mature 3,40,2028,1404.974944
Mature 3,40,2029,1367.619723
Mature 3,40,2030,1045.063032
Mature 3,40,2031,1142.910101
Mature 3,40,2032,1011.38572
Mature 4,40,2025,2308.75
Mature 4,40,2026,2504.375
Mature 4,40,2027,2397.5
Mature 4,40,2028,2385.625
Mature 4,40,2029,2410.0
Mature 4,40,2030,2600.625
Mature 4,40,2031,2572.973603
Mature 4,40,2032,2437.80992
Decline 1,41,2025,4072.129212
Decline 1,41,2026,4050.943895
Decline 1,41,2027,3670.555031
Decline 1,41,2028,3736.943895
Decline 1,41,2029,2882.610705
Decline 1,41,2030,1544.11092
Decline 1,41,2031,1544.11092
Decline 1,41,2032,1256.713338
Decline 2,41,2025,663.8815771
Decline 2,41,2026,496.8337191
Decline 2,41,2027,464.2887564
Decline 2,41,2028,483.5003857
Decline 2,41,2029,458.4887564
Decline 2,41,2030,397.4300391
Decline 2,41,2031,404.3279044
Decline 2,41,2032,379.4511235
Decline 3,41,2025,1223.0
Decline 3,41,2026,1062.0
Decline 3,41,2027,670.0
Decline 3,41,2028,458.0181405
Decline 3,41,2029,268.0
Decline 3,41,2030,201.0
Decline 3,41,2031,134.0
Decline 3,41,2032,67.0
Decline 4,41,2025,214.4533333
Decline 4,41,2026,208.4533333
Decline 4,41,2027,191.7866667
Decline 4,41,2028,181.12
Decline 4,41,2029,76.43331867
Decline 4,41,2030,36.66666667
Decline 4,41,2031,0.0
Decline 4,41,2032,0.0
Decline 5,41,2025,2040.800368
Decline 5,41,2026,1910.304
Decline 5,41,2027,1792.103307
Decline 5,41,2028,1711.695501
Decline 5,41,2029,1556.812827
Decline 5,41,2030,1418.610036
Decline 5,41,2031,1367.367525
Decline 5,41,2032,1111.797171
Growth 1,41,2025,0.0
Growth 1,41,2026,0.0
Growth 1,41,2027,0.0
Growth 1,41,2028,12.86693097
Growth 1,41,2029,79.01491413
Growth 1,41,2030,147.0
Growth 1,41,2031,194.5313599
Growth 1,41,2032,196.0
Growth 2,41,2025,0.0
Growth 2,41,2026,0.0
Growth 2,41,2027,0.0
Growth 2,41,2028,1083.0
Growth 2,41,2029,1549.0
Growth 2,41,2030,2820.0
Growth 2,41,2031,4781.0
Growth 2,41,2032,5758.265744
Growth 3,41,2025,0.0
Growth 3,41,2026,0.0
Growth 3,41,2027,71.55173043
Growth 3,41,2028,365.2770063
Growth 3,41,2029,1442.793851
Growth 3,41,2030,3070.038021
Growth 3,41,2031,4124.136222
Growth 3,41,2032,5688.024813
Growth 4,41,2025,0.0
Growth 4,41,2026,0.0
Growth 4,41,2027,0.0
Growth 4,41,2028,0.0
Growth 4,41,2029,0.75
Growth 4,41,2030,35.12
Growth 4,41,2031,119.5
Growth 4,41,2032,105.198
Growth 5,41,2025,0.0
Growth 5,41,2026,0.0
Growth 5,41,2027,14.78274778
Growth 5,41,2028,77.21633571
Growth 5,41,2029,168.7795756
Growth 5,41,2030,235.2845834
Growth 5,41,2031,274.3130356
Growth 5,41,2032,307.8233761
Growth 6,41,2025,0.0
Growth 6,41,2026,127.0
Growth 6,41,2027,289.2264985
Growth 6,41,2028,1451.424447
Growth 6,41,2029,3787.146281
Growth 6,41,2030,7476.161161
Growth 6,41,2031,11429.1313
Growth 6,41,2032,14217.23982
Growth 7,41,2025,159.7394667
Growth 7,41,2026,242.9578667
Growth 7,41,2027,373.9353065
Growth 7,41,2028,639.8787984
Growth 7,41,2029,877.2871368
Growth 7,41,2030,1028.385008
Growth 7,41,2031,1096.432133
Growth 7,41,2032,1149.609816
Growth 8,41,2025,0.0
Growth 8,41,2026,0.0
Growth 8,41,2027,0.0
Growth 8,41,2028,0.0
Growth 8,41,2029,0.0
Growth 8,41,2030,0.0
Growth 8,41,2031,0.0
Growth 8,41,2032,0.0
Growth 9,41,2025,0.0
Growth 9,41,2026,0.0
Growth 9,41,2027,0.0
Growth 9,41,2028,0.0
Growth 9,41,2029,0.0
Growth 9,41,2030,0.0
Growth 9,41,2031,0.0
Growth 9,41,2032,0.0
Mature 1,41,2025,38.2
Mature 1,41,2026,38.2
Mature 1,41,2027,38.2
Mature 1,41,2028,61.33333333
Mature 1,41,2029,62.19999999
Mature 1,41,2030,61.33333333
Mature 1,41,2031,91.79059773
Mature 1,41,2032,108.2223361
Mature 2,41,2025,1622.078506
Mature 2,41,2026,1946.722985
Mature 2,41,2027,1637.12799
Mature 2,41,2028,2184.0
Mature 2,41,2029,2079.0
Mature 2,41,2030,1947.0
Mature 2,41,2031,1511.0
Mature 2,41,2032,1896.191757
Mature 3,41,2025,832.5756098
Mature 3,41,2026,886.5756098
Mature 3,41,2027,810.6839595
Mature 3,41,2028,917.035907
Mature 3,41,2029,875.1454061
Mature 3,41,2030,653.9194086
Mature 3,41,2031,421.7170732
Mature 3,41,2032,421.7170732
Mature 4,41,2025,2308.75
Mature 4,41,2026,2504.375
Mature 4,41,2027,2397.5
Mature 4,41,2028,2385.625
Mature 4,41,2029,2410.0
Mature 4,41,2030,2600.625
Mature 4,41,2031,2572.973603
Mature 4,41,2032,2437.80992
Decline 1,42,2025,3456.259145
Decline 1,42,2026,3407.943895
Decline 1,42,2027,3113.55503
Decline 1,42,2028,3047.166165
Decline 1,42,2029,2259.22184
Decline 1,42,2030,977.7220551
Decline 1,42,2031,977.7220551
Decline 1,42,2032,607.5554601
Decline 2,42,2025,1097.826268
Decline 2,42,2026,782.7680227
Decline 2,42,2027,823.0560987
Decline 2,42,2028,853.1148208
Decline 2,42,2029,853.1148208
Decline 2,42,2030,793.1148207
Decline 2,42,2031,665.5923062
Decline 2,42,2032,714.3560987
Decline 3,42,2025,2599.0
Decline 3,42,2026,2314.0
Decline 3,42,2027,2188.0
Decline 3,42,2028,1497.667701
Decline 3,42,2029,1171.788571
Decline 3,42,2030,691.2601275
Decline 3,42,2031,492.4739318
Decline 3,42,2032,584.2266571
Decline 4,42,2025,559.68
Decline 4,42,2026,549.68
Decline 4,42,2027,539.68
Decline 4,42,2028,529.68
Decline 4,42,2029,373.12
Decline 4,42,2030,186.5600001
Decline 4,42,2031,0.0
Decline 4,42,2032,0.0
Decline 5,42,2025,2040.800368
Decline 5,42,2026,1910.304
Decline 5,42,2027,1792.103307
Decline 5,42,2028,1711.695501
Decline 5,42,2029,1556.812827
Decline 5,42,2030,1418.610036
Decline 5,42,2031,1367.367525
Decline 5,42,2032,1111.797171
Growth 1,42,2025,0.0
Growth 1,42,2026,0.0
Growth 1,42,2027,0.0
Growth 1,42,2028,48.99999999
Growth 1,42,2029,79.01491413
Growth 1,42,2030,161.1043138
Growth 1,42,2031,194.5313599
Growth 1,42,2032,198.8655466
Growth 2,42,2025,0.0
Growth 2,42,2026,0.0
Growth 2,42,2027,0.0
Growth 2,42,2028,1083.0
Growth 2,42,2029,1549.0
Growth 2,42,2030,2820.0
Growth 2,42,2031,4781.0
Growth 2,42,2032,5758.265744
Growth 3,42,2025,0.0
Growth 3,42,2026,0.0
Growth 3,42,2027,55.76354826
Growth 3,42,2028,172.0499227
Growth 3,42,2029,789.1875069
Growth 3,42,2030,2013.330648
Growth 3,42,2031,2975.817231
Growth 3,42,2032,4040.98506
Growth 4,42,2025,0.0
Growth 4,42,2026,0.0
Growth 4,42,2027,0.0
Growth 4,42,2028,0.055453767
Growth 4,42,2029,3.666261294
Growth 4,42,2030,58.9189185
Growth 4,42,2031,182.947232
Growth 4,42,2032,252.194049
Growth 5,42,2025,0.0
Growth 5,42,2026,0.0
Growth 5,42,2027,0.0
Growth 5,42,2028,0.0
Growth 5,42,2029,0.0
Growth 5,42,2030,0.0
Growth 5,42,2031,0.0
Growth 5,42,2032,0.0
Growth 6,42,2025,0.0
Growth 6,42,2026,127.0
Growth 6,42,2027,289.2264985
Growth 6,42,2028,1451.424447
Growth 6,42,2029,3787.146281
Growth 6,42,2030,7476.161161
Growth 6,42,2031,11429.1313
Growth 6,42,2032,14217.23982
Growth 7,42,2025,159.7394667
Growth 7,42,2026,242.9578667
Growth 7,42,2027,373.9353065
Growth 7,42,2028,639.8787984
Growth 7,42,2029,877.2871368
Growth 7,42,2030,1028.385008
Growth 7,42,2031,1096.432133
Growth 7,42,2032,1149.609816
Growth 8,42,2025,0.0
Growth 8,42,2026,0.0
Growth 8,42,2027,0.0
Growth 8,42,2028,0.0
Growth 8,42,2029,0.0
Growth 8,42,2030,0.0
Growth 8,42,2031,0.0
Growth 8,42,2032,0.0
Growth 9,42,2025,0.0
Growth 9,42,2026,0.0
Growth 9,42,2027,0.0
Growth 9,42,2028,420.5743846
Growth 9,42,2029,1836.071143
Growth 9,42,2030,3774.986971
Growth 9,42,2031,5274.56421
Growth 9,42,2032,6166.945734
Mature 1,42,2025,38.2
Mature 1,42,2026,38.2
Mature 1,42,2027,38.2
Mature 1,42,2028,61.33333333
Mature 1,42,2029,62.19999999
Mature 1,42,2030,61.33333333
Mature 1,42,2031,91.79059773
Mature 1,42,2032,108.2223361
Mature 2,42,2025,1622.078506
Mature 2,42,2026,1946.722985
Mature 2,42,2027,1637.12799
Mature 2,42,2028,2184.0
Mature 2,42,2029,2079.0
Mature 2,42,2030,1947.0
Mature 2,42,2031,1511.0
Mature 2,42,2032,1896.191757
Mature 3,42,2025,1567.329269
Mature 3,42,2026,1719.115854
Mature 3,42,2027,1800.516064
Mature 3,42,2028,2114.430603
Mature 3,42,2029,1921.259676
Mature 3,42,2030,2129.139135
Mature 3,42,2031,2384.464011
Mature 3,42,2032,2399.333908
Mature 4,42,2025,870.5
Mature 4,42,2026,1016.0
Mature 4,42,2027,952.5
Mature 4,42,2028,876.0
Mature 4,42,2029,612.0
Mature 4,42,2030,464.9813969
Mature 4,42,2031,551.5
Mature 4,42,2032,589.550909
Decline 1,43,2025,4072.129212
Decline 1,43,2026,4050.943895
Decline 1,43,2027,3670.555031
Decline 1,43,2028,3736.943895
Decline 1,43,2029,2882.610705
Decline 1,43,2030,1544.11092
Decline 1,43,2031,1544.11092
Decline 1,43,2032,1256.713338
Decline 2,43,2025,1097.826268
Decline 2,43,2026,782.7680227
Decline 2,43,2027,823.0560987
Decline 2,43,2028,853.1148208
Decline 2,43,2029,853.1148208
Decline 2,43,2030,793.1148207
Decline 2,43,2031,665.5923062
Decline 2,43,2032,714.3560987
Decline 3,43,2025,2599.0
Decline 3,43,2026,2314.0
Decline 3,43,2027,2188.0
Decline 3,43,2028,1497.667701
Decline 3,43,2029,1171.788571
Decline 3,43,2030,691.2601275
Decline 3,43,2031,492.4739318
Decline 3,43,2032,584.2266571
Decline 4,43,2025,1091.52
Decline 4,43,2026,1063.02
Decline 4,43,2027,1019.52
Decline 4,43,2028,1004.52
Decline 4,43,2029,744.18
Decline 4,43,2030,458.3400002
Decline 4,43,2031,0.0
Decline 4,43,2032,0.0
Decline 5,43,2025,2040.800368
Decline 5,43,2026,1910.304
Decline 5,43,2027,1792.103307
Decline 5,43,2028,1711.695501
Decline 5,43,2029,1556.812827
Decline 5,43,2030,1418.610036
Decline 5,43,2031,1367.367525
Decline 5,43,2032,1111.797171
Growth 1,43,2025,0.0
Growth 1,43,2026,0.0
Growth 1,43,2027,0.0
Growth 1,43,2028,48.99999999
Growth 1,43,2029,79.01491413
Growth 1,43,2030,161.1043138
Growth 1,43,2031,194.5313599
Growth 1,43,2032,198.8655466
Growth 2,43,2025,0.0
Growth 2,43,2026,0.0
Growth 2,43,2027,0.0
Growth 2,43,2028,0.0
Growth 2,43,2029,115.0
Growth 2,43,2030,230.0
Growth 2,43,2031,690.0
Growth 2,43,2032,1265.0
Growth 3,43,2025,0.0
Growth 3,43,2026,0.0
Growth 3,43,2027,55.76354826
Growth 3,43,2028,172.0499227
Growth 3,43,2029,789.1875069
Growth 3,43,2030,2013.330648
Growth 3,43,2031,2975.817231
Growth 3,43,2032,4040.98506
Growth 4,43,2025,0.0
Growth 4,43,2026,0.0
Growth 4,43,2027,0.0
Growth 4,43,2028,0.036969178
Growth 4,43,2029,2.444174196
Growth 4,43,2030,39.279279
Growth 4,43,2031,121.9648213
Growth 4,43,2032,168.129366
Growth 5,43,2025,0.0
Growth 5,43,2026,0.0
Growth 5,43,2027,3.711344179
Growth 5,43,2028,24.12748395
Growth 5,43,2029,58.41395903
Growth 5,43,2030,86.00016675
Growth 5,43,2031,103.3280894
Growth 5,43,2032,118.15574
Growth 6,43,2025,0.0
Growth 6,43,2026,0.0
Growth 6,43,2027,0.0
Growth 6,43,2028,0.0
Growth 6,43,2029,0.0
Growth 6,43,2030,0.0
Growth 6,43,2031,0.0
Growth 6,43,2032,0.0
Growth 7,43,2025,93.73946666
Growth 7,43,2026,187.4789333
Growth 7,43,2027,287.0685692
Growth 7,43,2028,468.1073593
Growth 7,43,2029,610.666967
Growth 7,43,2030,736.5398098
Growth 7,43,2031,796.2716264
Growth 7,43,2032,710.5446219
Growth 8,43,2025,0.0
Growth 8,43,2026,0.0
Growth 8,43,2027,0.0
Growth 8,43,2028,0.0
Growth 8,43,2029,0.0
Growth 8,43,2030,0.0
Growth 8,43,2031,308.852459
Growth 8,43,2032,1434.681788
Growth 9,43,2025,0.0
Growth 9,43,2026,0.0
Growth 9,43,2027,0.0
Growth 9,43,2028,420.5743846
Growth 9,43,2029,1836.071143
Growth 9,43,2030,3774.986971
Growth 9,43,2031,5274.56421
Growth 9,43,2032,6166.945734
Mature 1,43,2025,103.3
Mature 1,43,2026,103.3
Mature 1,43,2027,103.3
Mature 1,43,2028,149.3
Mature 1,43,2029,149.3
Mature 1,43,2030,149.3
Mature 1,43,2031,297.8258984
Mature 1,43,2032,339.3104838
Mature 2,43,2025,1622.078506
Mature 2,43,2026,1946.722985
Mature 2,43,2027,1637.12799
Mature 2,43,2028,2184.0
Mature 2,43,2029,2079.0
Mature 2,43,2030,1947.0
Mature 2,43,2031,1511.0
Mature 2,43,2032,1896.191757
Mature 3,43,2025,1168.863415
Mature 3,43,2026,1240.863415
Mature 3,43,2027,1201.256541
Mature 3,43,2028,1404.974944
Mature 3,43,2029,1367.619723
Mature 3,43,2030,1045.063032
Mature 3,43,2031,1142.910101
Mature 3,43,2032,1011.38572
Mature 4,43,2025,1821.5
Mature 4,43,2026,2003.5
Mature 4,43,2027,1912.5
Mature 4,43,2028,1734.0
Mature 4,43,2029,1580.5
Mature 4,43,2030,1410.333334
Mature 4,43,2031,1244.333334
Mature 4,43,2032,1078.333334
Decline 1,44,2025,3456.259145
Decline 1,44,2026,3407.943895
Decline 1,44,2027,3113.55503
Decline 1,44,2028,3047.166165
Decline 1,44,2029,2259.22184
Decline 1,44,2030,977.7220551
Decline 1,44,2031,977.7220551
Decline 1,44,2032,607.5554601
Decline 2,44,2025,663.8815771
Decline 2,44,2026,496.8337191
Decline 2,44,2027,464.2887564
Decline 2,44,2028,483.5003857
Decline 2,44,2029,458.4887564
Decline 2,44,2030,397.4300391
Decline 2,44,2031,404.3279044
Decline 2,44,2032,379.4511235
Decline 3,44,2025,1223.0
Decline 3,44,2026,1062.0
Decline 3,44,2027,670.0
Decline 3,44,2028,458.0181405
Decline 3,44,2029,268.0
Decline 3,44,2030,201.0
Decline 3,44,2031,134.0
Decline 3,44,2032,67.0
Decline 4,44,2025,559.68
Decline 4,44,2026,549.68
Decline 4,44,2027,539.68
Decline 4,44,2028,529.68
Decline 4,44,2029,373.12
Decline 4,44,2030,186.5600001
Decline 4,44,2031,0.0
Decline 4,44,2032,0.0
Decline 5,44,2025,2040.800368
Decline 5,44,2026,1710.304
Decline 5,44,2027,1592.103307
Decline 5,44,2028,1511.695501
Decline 5,44,2029,1356.812827
Decline 5,44,2030,1218.610036
Decline 5,44,2031,1020.198713
Decline 5,44,2032,823.9449517
Growth 1,44,2025,0.0
Growth 1,44,2026,0.0
Growth 1,44,2027,0.0
Growth 1,44,2028,73.49999999
Growth 1,44,2029,147.0
Growth 1,44,2030,241.6564707
Growth 1,44,2031,294.0
Growth 1,44,2032,298.2983199
Growth 2,44,2025,0.0
Growth 2,44,2026,0.0
Growth 2,44,2027,0.0
Growth 2,44,2028,0.0
Growth 2,44,2029,115.0
Growth 2,44,2030,230.0
Growth 2,44,2031,690.0
Growth 2,44,2032,1265.0
Growth 3,44,2025,0.0
Growth 3,44,2026,0.0
Growth 3,44,2027,46.48360656
Growth 3,44,2028,91.44756544
Growth 3,44,2029,367.0185388
Growth 3,44,2030,758.976408
Growth 3,44,2031,1038.178471
Growth 3,44,2032,1679.068804
Growth 4,44,2025,0.0
Growth 4,44,2026,0.0
Growth 4,44,2027,0.0
Growth 4,44,2028,0.0
Growth 4,44,2029,0.75
Growth 4,44,2030,35.12
Growth 4,44,2031,119.5
Growth 4,44,2032,105.198
Growth 5,44,2025,0.0
Growth 5,44,2026,0.0
Growth 5,44,2027,0.0
Growth 5,44,2028,0.0
Growth 5,44,2029,0.0
Growth 5,44,2030,0.0
Growth 5,44,2031,0.0
Growth 5,44,2032,0.0
Growth 6,44,2025,0.0
Growth 6,44,2026,190.0
Growth 6,44,2027,815.8364985
Growth 6,44,2028,2053.264447
Growth 6,44,2029,4464.216281
Growth 6,44,2030,8228.461161
Growth 6,44,2031,12256.6613
Growth 6,44,2032,15119.99982
Growth 7,44,2025,215.2184
Growth 7,44,2026,333.6516932
Growth 7,44,2027,489.4022653
Growth 7,44,2028,835.2893713
Growth 7,44,2029,1163.923767
Growth 7,44,2030,1394.012203
Growth 7,44,2031,1223.348171
Growth 7,44,2032,1319.852451
Growth 8,44,2025,0.0
Growth 8,44,2026,0.0
Growth 8,44,2027,0.0
Growth 8,44,2028,0.0
Growth 8,44,2029,0.0
Growth 8,44,2030,0.0
Growth 8,44,2031,0.0
Growth 8,44,2032,0.0
Growth 9,44,2025,0.0
Growth 9,44,2026,0.0
Growth 9,44,2027,0.0
Growth 9,44,2028,0.0
Growth 9,44,2029,0.0
Growth 9,44,2030,0.0
Growth 9,44,2031,0.0
Growth 9,44,2032,0.0
Mature 1,44,2025,103.3
Mature 1,44,2026,103.3
Mature 1,44,2027,103.3
Mature 1,44,2028,149.3
Mature 1,44,2029,149.3
Mature 1,44,2030,149.3
Mature 1,44,2031,297.8258984
Mature 1,44,2032,339.3104838
Mature 2,44,2025,1622.078506
Mature 2,44,2026,1946.722985
Mature 2,44,2027,1637.12799
Mature 2,44,2028,2184.0
Mature 2,44,2029,2079.0
Mature 2,44,2030,1947.0
Mature 2,44,2031,1511.0
Mature 2,44,2032,1896.191757
Mature 3,44,2025,1567.329269
Mature 3,44,2026,1719.115854
Mature 3,44,2027,1800.516064
Mature 3,44,2028,2114.430603
Mature 3,44,2029,1921.259676
Mature 3,44,2030,2129.139135
Mature 3,44,2031,2384.464011
Mature 3,44,2032,2399.333908
Mature 4,44,2025,1821.5
Mature 4,44,2026,2003.5
Mature 4,44,2027,1912.5
Mature 4,44,2028,1734.0
Mature 4,44,2029,1580.5
Mature 4,44,2030,1410.333334
Mature 4,44,2031,1244.333334
Mature 4,44,2032,1078.333334
Decline 1,45,2025,4072.129212
Decline 1,45,2026,4050.943895
Decline 1,45,2027,3670.555031
Decline 1,45,2028,3736.943895
Decline 1,45,2029,2882.610705
Decline 1,45,2030,1544.11092
Decline 1,45,2031,1544.11092
Decline 1,45,2032,1256.713338
Decline 2,45,2025,663.8815771
Decline 2,45,2026,496.8337191
Decline 2,45,2027,464.2887564
Decline 2,45,2028,483.5003857
Decline 2,45,2029,458.4887564
Decline 2,45,2030,397.4300391
Decline 2,45,2031,404.3279044
Decline 2,45,2032,379.4511235
Decline 3,45,2025,2375.133859
Decline 3,45,2026,1923.0
Decline 3,45,2027,1645.0
Decline 3,45,2028,1119.0
Decline 3,45,2029,526.0000001
Decline 3,45,2030,392.0
Decline 3,45,2031,201.0
Decline 3,45,2032,316.305327
Decline 4,45,2025,559.68
Decline 4,45,2026,549.68
Decline 4,45,2027,539.68
Decline 4,45,2028,529.68
Decline 4,45,2029,373.12
Decline 4,45,2030,186.5600001
Decline 4,45,2031,0.0
Decline 4,45,2032,0.0
Decline 5,45,2025,2040.800368
Decline 5,45,2026,1710.304
Decline 5,45,2027,1592.103307
Decline 5,45,2028,1511.695501
Decline 5,45,2029,1356.812827
Decline 5,45,2030,1218.610036
Decline 5,45,2031,1020.198713
Decline 5,45,2032,823.9449517
Growth 1,45,2025,0.0
Growth 1,45,2026,0.0
Growth 1,45,2027,0.0
Growth 1,45,2028,48.99999999
Growth 1,45,2029,79.01491413
Growth 1,45,2030,161.1043138
Growth 1,45,2031,194.5313599
Growth 1,45,2032,198.8655466
Growth 2,45,2025,0.0
Growth 2,45,2026,0.0
Growth 2,45,2027,0.0
Growth 2,45,2028,1083.0
Growth 2,45,2029,1549.0
Growth 2,45,2030,2820.0
Growth 2,45,2031,4781.0
Growth 2,45,2032,5758.265744
Growth 3,45,2025,0.0
Growth 3,45,2026,0.0
Growth 3,45,2027,71.55173043
Growth 3,45,2028,365.2770063
Growth 3,45,2029,1442.793851
Growth 3,45,2030,3070.038021
Growth 3,45,2031,4124.136222
Growth 3,45,2032,5688.024813
Growth 4,45,2025,0.0
Growth 4,45,2026,0.0
Growth 4,45,2027,0.0
Growth 4,45,2028,0.0
Growth 4,45,2029,0.0
Growth 4,45,2030,0.0
Growth 4,45,2031,0.0
Growth 4,45,2032,0.0
Growth 5,45,2025,0.0
Growth 5,45,2026,0.0
Growth 5,45,2027,3.711344179
Growth 5,45,2028,24.12748395
Growth 5,45,2029,58.41395903
Growth 5,45,2030,86.00016675
Growth 5,45,2031,103.3280894
Growth 5,45,2032,118.15574
Growth 6,45,2025,0.0
Growth 6,45,2026,0.0
Growth 6,45,2027,0.0
Growth 6,45,2028,404.8659044
Growth 6,45,2029,1127.547098
Growth 6,45,2030,2224.568158
Growth 6,45,2031,3385.53918
Growth 6,45,2032,4198.824283
Growth 7,45,2025,215.2184
Growth 7,45,2026,333.6516932
Growth 7,45,2027,489.4022653
Growth 7,45,2028,835.2893713
Growth 7,45,2029,1163.923767
Growth 7,45,2030,1394.012203
Growth 7,45,2031,1223.348171
Growth 7,45,2032,1319.852451
Growth 8,45,2025,0.0
Growth 8,45,2026,0.0
Growth 8,45,2027,0.0
Growth 8,45,2028,0.0
Growth 8,45,2029,0.0
Growth 8,45,2030,0.0
Growth 8,45,2031,0.0
Growth 8,45,2032,0.0
Growth 9,45,2025,0.0
Growth 9,45,2026,0.0
Growth 9,45,2027,0.0
Growth 9,45,2028,684.6243048
Growth 9,45,2029,3137.725002
Growth 9,45,2030,6550.566579
Growth 9,45,2031,9302.979184
Growth 9,45,2032,11088.26749
Mature 1,45,2025,38.2
Mature 1,45,2026,38.2
Mature 1,45,2027,38.2
Mature 1,45,2028,61.33333333
Mature 1,45,2029,62.19999999
Mature 1,45,2030,61.33333333
Mature 1,45,2031,91.79059773
Mature 1,45,2032,108.2223361
Mature 2,45,2025,1622.078506
Mature 2,45,2026,1946.722985
Mature 2,45,2027,1637.12799
Mature 2,45,2028,2184.0
Mature 2,45,2029,2079.0
Mature 2,45,2030,1947.0
Mature 2,45,2031,1511.0
Mature 2,45,2032,1896.191757
Mature 3,45,2025,1168.863415
Mature 3,45,2026,1240.863415
Mature 3,45,2027,1201.256541
Mature 3,45,2028,1404.974944
Mature 3,45,2029,1367.619723
Mature 3,45,2030,1045.063032
Mature 3,45,2031,1142.910101
Mature 3,45,2032,1011.38572
Mature 4,45,2025,2308.75
Mature 4,45,2026,2504.375
Mature 4,45,2027,2397.5
Mature 4,45,2028,2385.625
Mature 4,45,2029,2410.0
Mature 4,45,2030,2600.625
Mature 4,45,2031,2572.973603
Mature 4,45,2032,2437.80992
Decline 1,46,2025,4072.129212
Decline 1,46,2026,4050.943895
Decline 1,46,2027,3670.555031
Decline 1,46,2028,3736.943895
Decline 1,46,2029,2882.610705
Decline 1,46,2030,1544.11092
Decline 1,46,2031,1544.11092
Decline 1,46,2032,1256.713338
Decline 2,46,2025,1097.826268
Decline 2,46,2026,782.7680227
Decline 2,46,2027,823.0560987
Decline 2,46,2028,853.1148208
Decline 2,46,2029,853.1148208
Decline 2,46,2030,793.1148207
Decline 2,46,2031,665.5923062
Decline 2,46,2032,714.3560987
Decline 3,46,2025,2375.133859
Decline 3,46,2026,1923.0
Decline 3,46,2027,1645.0
Decline 3,46,2028,1119.0
Decline 3,46,2029,526.0000001
Decline 3,46,2030,392.0
Decline 3,46,2031,201.0
Decline 3,46,2032,316.305327
Decline 4,46,2025,214.4533333
Decline 4,46,2026,208.4533333
Decline 4,46,2027,191.7866667
Decline 4,46,2028,181.12
Decline 4,46,2029,76.43331867
Decline 4,46,2030,36.66666667
Decline 4,46,2031,0.0
Decline 4,46,2032,0.0
Decline 5,46,2025,2040.800368
Decline 5,46,2026,1910.304
Decline 5,46,2027,1792.103307
Decline 5,46,2028,1711.695501
Decline 5,46,2029,1556.812827
Decline 5,46,2030,1418.610036
Decline 5,46,2031,1367.367525
Decline 5,46,2032,1111.797171
Growth 1,46,2025,0.0
Growth 1,46,2026,0.0
Growth 1,46,2027,0.0
Growth 1,46,2028,12.86693097
Growth 1,46,2029,79.01491413
Growth 1,46,2030,147.0
Growth 1,46,2031,194.5313599
Growth 1,46,2032,196.0
Growth 2,46,2025,0.0
Growth 2,46,2026,0.0
Growth 2,46,2027,0.0
Growth 2,46,2028,1083.0
Growth 2,46,2029,1549.0
Growth 2,46,2030,2820.0
Growth 2,46,2031,4781.0
Growth 2,46,2032,5758.265744
Growth 3,46,2025,0.0
Growth 3,46,2026,0.0
Growth 3,46,2027,46.48360656
Growth 3,46,2028,91.44756544
Growth 3,46,2029,367.0185388
Growth 3,46,2030,758.976408
Growth 3,46,2031,1038.178471
Growth 3,46,2032,1679.068804
Growth 4,46,2025,0.0
Growth 4,46,2026,0.0
Growth 4,46,2027,0.0
Growth 4,46,2028,0.036969178
Growth 4,46,2029,2.444174196
Growth 4,46,2030,39.279279
Growth 4,46,2031,121.9648213
Growth 4,46,2032,168.129366
Growth 5,46,2025,0.0
Growth 5,46,2026,0.0
Growth 5,46,2027,3.711344179
Growth 5,46,2028,24.12748395
Growth 5,46,2029,58.41395903
Growth 5,46,2030,86.00016675
Growth 5,46,2031,103.3280894
Growth 5,46,2032,118.15574
Growth 6,46,2025,0.0
Growth 6,46,2026,190.0
Growth 6,46,2027,815.8364985
Growth 6,46,2028,2053.264447
Growth 6,46,2029,4464.216281
Growth 6,46,2030,8228.461161
Growth 6,46,2031,12256.6613
Growth 6,46,2032,15119.99982
Growth 7,46,2025,93.73946666
Growth 7,46,2026,187.4789333
Growth 7,46,2027,287.0685692
Growth 7,46,2028,468.1073593
Growth 7,46,2029,610.666967
Growth 7,46,2030,736.5398098
Growth 7,46,2031,796.2716264
Growth 7,46,2032,710.5446219
Growth 8,46,2025,0.0
Growth 8,46,2026,0.0
Growth 8,46,2027,0.0
Growth 8,46,2028,0.0
Growth 8,46,2029,0.0
Growth 8,46,2030,0.0
Growth 8,46,2031,96.39344262
Growth 8,46,2032,545.4421738
Growth 9,46,2025,0.0
Growth 9,46,2026,0.0
Growth 9,46,2027,0.0
Growth 9,46,2028,420.5743846
Growth 9,46,2029,1836.071143
Growth 9,46,2030,3774.986971
Growth 9,46,2031,5274.56421
Growth 9,46,2032,6166.945734
Mature 1,46,2025,38.2
Mature 1,46,2026,38.2
Mature 1,46,2027,38.2
Mature 1,46,2028,61.33333333
Mature 1,46,2029,62.19999999
Mature 1,46,2030,61.33333333
Mature 1,46,2031,91.79059773
Mature 1,46,2032,108.2223361
Mature 2,46,2025,2650.016952
Mature 2,46,2026,3353.577983
Mature 2,46,2027,3031.589928
Mature 2,46,2028,3521.875
Mature 2,46,2029,3445.732255
Mature 2,46,2030,3823.4375
Mature 2,46,2031,3941.936731
Mature 2,46,2032,4681.54962
Mature 3,46,2025,1168.863415
Mature 3,46,2026,1240.863415
Mature 3,46,2027,1201.256541
Mature 3,46,2028,1404.974944
Mature 3,46,2029,1367.619723
Mature 3,46,2030,1045.063032
Mature 3,46,2031,1142.910101
Mature 3,46,2032,1011.38572
Mature 4,46,2025,1821.5
Mature 4,46,2026,2003.5
Mature 4,46,2027,1912.5
Mature 4,46,2028,1734.0
Mature 4,46,2029,1580.5
Mature 4,46,2030,1410.333334
Mature 4,46,2031,1244.333334
Mature 4,46,2032,1078.333334
Decline 1,47,2025,3456.259145
Decline 1,47,2026,3407.943895
Decline 1,47,2027,3113.55503
Decline 1,47,2028,3047.166165
Decline 1,47,2029,2259.22184
Decline 1,47,2030,977.7220551
Decline 1,47,2031,977.7220551
Decline 1,47,2032,607.5554601
Decline 2,47,2025,1097.826268
Decline 2,47,2026,782.7680227
Decline 2,47,2027,823.0560987
Decline 2,47,2028,853.1148208
Decline 2,47,2029,853.1148208
Decline 2,47,2030,793.1148207
Decline 2,47,2031,665.5923062
Decline 2,47,2032,714.3560987
Decline 3,47,2025,1223.0
Decline 3,47,2026,1062.0
Decline 3,47,2027,670.0
Decline 3,47,2028,458.0181405
Decline 3,47,2029,268.0
Decline 3,47,2030,201.0
Decline 3,47,2031,134.0
Decline 3,47,2032,67.0
Decline 4,47,2025,1091.52
Decline 4,47,2026,1063.02
Decline 4,47,2027,1019.52
Decline 4,47,2028,1004.52
Decline 4,47,2029,744.18
Decline 4,47,2030,458.3400002
Decline 4,47,2031,0.0
Decline 4,47,2032,0.0
Decline 5,47,2025,1809.32464
Decline 5,47,2026,1297.792
Decline 5,47,2027,1152.897648
Decline 5,47,2028,1152.897648
Decline 5,47,2029,964.182804
Decline 5,47,2030,843.004
Decline 5,47,2031,416.4759425
Decline 5,47,2032,189.5069516
Growth 1,47,2025,0.0
Growth 1,47,2026,0.0
Growth 1,47,2027,0.0
Growth 1,47,2028,12.86693097
Growth 1,47,2029,79.01491413
Growth 1,47,2030,147.0
Growth 1,47,2031,194.5313599
Growth 1,47,2032,196.0
Growth 2,47,2025,0.0
Growth 2,47,2026,0.0
Growth 2,47,2027,0.0
Growth 2,47,2028,0.0
Growth 2,47,2029,115.0
Growth 2,47,2030,230.0
Growth 2,47,2031,690.0
Growth 2,47,2032,1265.0
Growth 3,47,2025,0.0
Growth 3,47,2026,0.0
Growth 3,47,2027,55.76354826
Growth 3,47,2028,172.0499227
Growth 3,47,2029,789.1875069
Growth 3,47,2030,2013.330648
Growth 3,47,2031,2975.817231
Growth 3,47,2032,4040.98506
Growth 4,47,2025,0.0
Growth 4,47,2026,0.0
Growth 4,47,2027,0.0
Growth 4,47,2028,0.0
Growth 4,47,2029,0.75
Growth 4,47,2030,35.12
Growth 4,47,2031,119.5
Growth 4,47,2032,105.198
Growth 5,47,2025,0.0
Growth 5,47,2026,0.0
Growth 5,47,2027,14.78274778
Growth 5,47,2028,93.0650761
Growth 5,47,2029,225.5690067
Growth 5,47,2030,331.837604
Growth 5,47,2031,395.9472962
Growth 5,47,2032,449.7006275
Growth 6,47,2025,0.0
Growth 6,47,2026,0.0
Growth 6,47,2027,0.0
Growth 6,47,2028,0.0
Growth 6,47,2029,0.0
Growth 6,47,2030,0.0
Growth 6,47,2031,0.0
Growth 6,47,2032,0.0
Growth 7,47,2025,215.2184
Growth 7,47,2026,333.6516932
Growth 7,47,2027,489.4022653
Growth 7,47,2028,835.2893713
Growth 7,47,2029,1163.923767
Growth 7,47,2030,1394.012203
Growth 7,47,2031,1223.348171
Growth 7,47,2032,1319.852451
Growth 8,47,2025,0.0
Growth 8,47,2026,0.0
Growth 8,47,2027,0.0
Growth 8,47,2028,0.0
Growth 8,47,2029,0.0
Growth 8,47,2030,0.0
Growth 8,47,2031,0.0
Growth 8,47,2032,0.0
Growth 9,47,2025,0.0
Growth 9,47,2026,0.0
Growth 9,47,2027,0.0
Growth 9,47,2028,420.5743846
Growth 9,47,2029,1836.071143
Growth 9,47,2030,3774.986971
Growth 9,47,2031,5274.56421
Growth 9,47,2032,6166.945734
Mature 1,47,2025,103.3
Mature 1,47,2026,103.3
Mature 1,47,2027,103.3
Mature 1,47,2028,149.3
Mature 1,47,2029,149.3
Mature 1,47,2030,149.3
Mature 1,47,2031,297.8258984
Mature 1,47,2032,339.3104838
Mature 2,47,2025,2650.016952
Mature 2,47,2026,3353.577983
Mature 2,47,2027,3031.589928
Mature 2,47,2028,3521.875
Mature 2,47,2029,3445.732255
Mature 2,47,2030,3823.4375
Mature 2,47,2031,3941.936731
Mature 2,47,2032,4681.54962
Mature 3,47,2025,1168.863415
Mature 3,47,2026,1240.863415
Mature 3,47,2027,1201.256541
Mature 3,47,2028,1404.974944
Mature 3,47,2029,1367.619723
Mature 3,47,2030,1045.063032
Mature 3,47,2031,1142.910101
Mature 3,47,2032,1011.38572
Mature 4,47,2025,1821.5
Mature 4,47,2026,2003.5
Mature 4,47,2027,1912.5
Mature 4,47,2028,1734.0
Mature 4,47,2029,1580.5
Mature 4,47,2030,1410.333334
Mature 4,47,2031,1244.333334
Mature 4,47,2032,1078.333334
Decline 1,48,2025,3456.259145
Decline 1,48,2026,3407.943895
Decline 1,48,2027,3113.55503
Decline 1,48,2028,3047.166165
Decline 1,48,2029,2259.22184
Decline 1,48,2030,977.7220551
Decline 1,48,2031,977.7220551
Decline 1,48,2032,607.5554601
Decline 2,48,2025,1097.826268
Decline 2,48,2026,782.7680227
Decline 2,48,2027,823.0560987
Decline 2,48,2028,853.1148208
Decline 2,48,2029,853.1148208
Decline 2,48,2030,793.1148207
Decline 2,48,2031,665.5923062
Decline 2,48,2032,714.3560987
Decline 3,48,2025,2599.0
Decline 3,48,2026,2314.0
Decline 3,48,2027,2188.0
Decline 3,48,2028,1497.667701
Decline 3,48,2029,1171.788571
Decline 3,48,2030,691.2601275
Decline 3,48,2031,492.4739318
Decline 3,48,2032,584.2266571
Decline 4,48,2025,214.4533333
Decline 4,48,2026,208.4533333
Decline 4,48,2027,191.7866667
Decline 4,48,2028,181.12
Decline 4,48,2029,76.43331867
Decline 4,48,2030,36.66666667
Decline 4,48,2031,0.0
Decline 4,48,2032,0.0
Decline 5,48,2025,1809.32464
Decline 5,48,2026,1297.792
Decline 5,48,2027,1152.897648
Decline 5,48,2028,1152.897648
Decline 5,48,2029,964.182804
Decline 5,48,2030,843.004
Decline 5,48,2031,416.4759425
Decline 5,48,2032,189.5069516
Growth 1,48,2025,0.0
Growth 1,48,2026,0.0
Growth 1,48,2027,0.0
Growth 1,48,2028,48.99999999
Growth 1,48,2029,79.01491413
Growth 1,48,2030,161.1043138
Growth 1,48,2031,194.5313599
Growth 1,48,2032,198.8655466
Growth 2,48,2025,0.0
Growth 2,48,2026,0.0
Growth 2,48,2027,0.0
Growth 2,48,2028,0.0
Growth 2,48,2029,0.0
Growth 2,48,2030,0.0
Growth 2,48,2031,0.0
Growth 2,48,2032,0.0
Growth 3,48,2025,0.0
Growth 3,48,2026,0.0
Growth 3,48,2027,55.76354826
Growth 3,48,2028,172.0499227
Growth 3,48,2029,789.1875069
Growth 3,48,2030,2013.330648
Growth 3,48,2031,2975.817231
Growth 3,48,2032,4040.98506
Growth 4,48,2025,0.0
Growth 4,48,2026,0.0
Growth 4,48,2027,0.0
Growth 4,48,2028,0.0
Growth 4,48,2029,0.75
Growth 4,48,2030,35.12
Growth 4,48,2031,119.5
Growth 4,48,2032,105.198
Growth 5,48,2025,0.0
Growth 5,48,2026,0.0
Growth 5,48,2027,0.0
Growth 5,48,2028,0.0
Growth 5,48,2029,0.0
Growth 5,48,2030,0.0
Growth 5,48,2031,0.0
Growth 5,48,2032,0.0
Growth 6,48,2025,0.0
Growth 6,48,2026,127.0
Growth 6,48,2027,289.2264985
Growth 6,48,2028,1451.424447
Growth 6,48,2029,3787.146281
Growth 6,48,2030,7476.161161
Growth 6,48,2031,11429.1313
Growth 6,48,2032,14217.23982
Growth 7,48,2025,159.7394667
Growth 7,48,2026,242.9578667
Growth 7,48,2027,373.9353065
Growth 7,48,2028,639.8787984
Growth 7,48,2029,877.2871368
Growth 7,48,2030,1028.385008
Growth 7,48,2031,1096.432133
Growth 7,48,2032,1149.609816
Growth 8,48,2025,0.0
Growth 8,48,2026,0.0
Growth 8,48,2027,0.0
Growth 8,48,2028,0.0
Growth 8,48,2029,0.0
Growth 8,48,2030,0.0
Growth 8,48,2031,96.39344262
Growth 8,48,2032,545.4421738
Growth 9,48,2025,0.0
Growth 9,48,2026,0.0
Growth 9,48,2027,0.0
Growth 9,48,2028,420.5743846
Growth 9,48,2029,1836.071143
Growth 9,48,2030,3774.986971
Growth 9,48,2031,5274.56421
Growth 9,48,2032,6166.945734
Mature 1,48,2025,103.3
Mature 1,48,2026,103.3
Mature 1,48,2027,103.3
Mature 1,48,2028,149.3
Mature 1,48,2029,149.3
Mature 1,48,2030,149.3
Mature 1,48,2031,297.8258984
Mature 1,48,2032,339.3104838
Mature 2,48,2025,1622.078506
Mature 2,48,2026,1946.722985
Mature 2,48,2027,1637.12799
Mature 2,48,2028,2184.0
Mature 2,48,2029,2079.0
Mature 2,48,2030,1947.0
Mature 2,48,2031,1511.0
Mature 2,48,2032,1896.191757
Mature 3,48,2025,1168.863415
Mature 3,48,2026,1240.863415
Mature 3,48,2027,1201.256541
Mature 3,48,2028,1404.974944
Mature 3,48,2029,1367.619723
Mature 3,48,2030,1045.063032
Mature 3,48,2031,1142.910101
Mature 3,48,2032,1011.38572
Mature 4,48,2025,1821.5
Mature 4,48,2026,2003.5
Mature 4,48,2027,1912.5
Mature 4,48,2028,1734.0
Mature 4,48,2029,1580.5
Mature 4,48,2030,1410.333334
Mature 4,48,2031,1244.333334
Mature 4,48,2032,1078.333334
Decline 1,49,2025,2894.7773
Decline 1,49,2026,2600.388435
Decline 1,49,2027,2543.388435
Decline 1,49,2028,2666.7773
Decline 1,49,2029,1565.66638
Decline 1,49,2030,473.9443251
Decline 1,49,2031,239.7990071
Decline 1,49,2032,32.8432985
Decline 2,49,2025,1382.830353
Decline 2,49,2026,1089.841929
Decline 2,49,2027,1065.886626
Decline 2,49,2028,1179.327024
Decline 2,49,2029,1189.841929
Decline 2,49,2030,991.393526
Decline 2,49,2031,944.9238804
Decline 2,49,2032,1194.99404
Decline 3,49,2025,2599.0
Decline 3,49,2026,2314.0
Decline 3,49,2027,2188.0
Decline 3,49,2028,1497.667701
Decline 3,49,2029,1171.788571
Decline 3,49,2030,691.2601275
Decline 3,49,2031,492.4739318
Decline 3,49,2032,584.2266571
Decline 4,49,2025,559.68
Decline 4,49,2026,549.68
Decline 4,49,2027,539.68
Decline 4,49,2028,529.68
Decline 4,49,2029,373.12
Decline 4,49,2030,186.5600001
Decline 4,49,2031,0.0
Decline 4,49,2032,0.0
Decline 5,49,2025,2040.800368
Decline 5,49,2026,1910.304
Decline 5,49,2027,1792.103307
Decline 5,49,2028,1711.695501
Decline 5,49,2029,1556.812827
Decline 5,49,2030,1418.610036
Decline 5,49,2031,1367.367525
Decline 5,49,2032,1111.797171
Growth 1,49,2025,0.0
Growth 1,49,2026,0.0
Growth 1,49,2027,0.0
Growth 1,49,2028,0.0
Growth 1,49,2029,0.0
Growth 1,49,2030,0.0
Growth 1,49,2031,0.0
Growth 1,49,2032,0.0
Growth 2,49,2025,0.0
Growth 2,49,2026,0.0
Growth 2,49,2027,0.0
Growth 2,49,2028,0.0
Growth 2,49,2029,115.0
Growth 2,49,2030,230.0
Growth 2,49,2031,690.0
Growth 2,49,2032,1265.0
Growth 3,49,2025,0.0
Growth 3,49,2026,0.0
Growth 3,49,2027,46.48360656
Growth 3,49,2028,91.44756544
Growth 3,49,2029,367.0185388
Growth 3,49,2030,758.976408
Growth 3,49,2031,1038.178471
Growth 3,49,2032,1679.068804
Growth 4,49,2025,0.0
Growth 4,49,2026,0.0
Growth 4,49,2027,0.0
Growth 4,49,2028,0.0
Growth 4,49,2029,0.75
Growth 4,49,2030,35.12
Growth 4,49,2031,119.5
Growth 4,49,2032,105.198
Growth 5,49,2025,0.0
Growth 5,49,2026,0.0
Growth 5,49,2027,14.78274778
Growth 5,49,2028,93.0650761
Growth 5,49,2029,225.5690067
Growth 5,49,2030,331.837604
Growth 5,49,2031,395.9472962
Growth 5,49,2032,449.7006275
Growth 6,49,2025,0.0
Growth 6,49,2026,0.0
Growth 6,49,2027,0.0
Growth 6,49,2028,404.8659044
Growth 6,49,2029,1127.547098
Growth 6,49,2030,2224.568158
Growth 6,49,2031,3385.53918
Growth 6,49,2032,4198.824283
Growth 7,49,2025,215.2184
Growth 7,49,2026,333.6516932
Growth 7,49,2027,489.4022653
Growth 7,49,2028,835.2893713
Growth 7,49,2029,1163.923767
Growth 7,49,2030,1394.012203
Growth 7,49,2031,1223.348171
Growth 7,49,2032,1319.852451
Growth 8,49,2025,0.0
Growth 8,49,2026,0.0
Growth 8,49,2027,0.0
Growth 8,49,2028,0.0
Growth 8,49,2029,0.0
Growth 8,49,2030,0.0
Growth 8,49,2031,0.0
Growth 8,49,2032,0.0
Growth 9,49,2025,0.0
Growth 9,49,2026,0.0
Growth 9,49,2027,0.0
Growth 9,49,2028,420.5743846
Growth 9,49,2029,1836.071143
Growth 9,49,2030,3774.986971
Growth 9,49,2031,5274.56421
Growth 9,49,2032,6166.945734
Mature 1,49,2025,228.0
Mature 1,49,2026,228.0
Mature 1,49,2027,228.0
Mature 1,49,2028,289.95
Mature 1,49,2029,292.95
Mature 1,49,2030,297.3308939
Mature 1,49,2031,566.9015648
Mature 1,49,2032,558.6735597
Mature 2,49,2025,1622.078506
Mature 2,49,2026,1946.722985
Mature 2,49,2027,1637.12799
Mature 2,49,2028,2184.0
Mature 2,49,2029,2079.0
Mature 2,49,2030,1947.0
Mature 2,49,2031,1511.0
Mature 2,49,2032,1896.191757
Mature 3,49,2025,1168.863415
Mature 3,49,2026,1240.863415
Mature 3,49,2027,1201.256541
Mature 3,49,2028,1404.974944
Mature 3,49,2029,1367.619723
Mature 3,49,2030,1045.063032
Mature 3,49,2031,1142.910101
Mature 3,49,2032,1011.38572
Mature 4,49,2025,1821.5
Mature 4,49,2026,2003.5
Mature 4,49,2027,1912.5
Mature 4,49,2028,1734.0
Mature 4,49,2029,1580.5
Mature 4,49,2030,1410.333334
Mature 4,49,2031,1244.333334
Mature 4,49,2032,1078.333334
