analysis,analysis_name,analysis_task_index,run_id,established_products,launch_products,decline_products,compete_products,established_demand,launch_demand,compete_demand,profit_established,profit_launch,profit_compete,probability_launch,availability,analysis11_mode,n_scenarios_sampled,seed,capacity_seed,evaluation_include_no_launch,solver_threads,time_limit_multi,time_limit_single,time_limit_long,time_limit_evaluation,multi_profit,single_profit,long_profit,n_arcs_multi,n_arcs_single,n_arcs_long,multi_machines,single_machines,n_machines_long,VMPSP,VMPLC,percent_vmpsp,percent_vmplc,planning_scenarios,evaluation_scenarios,status,runtime_seconds,error_type,error_message
11,Product-mix + seven-factor full factorial design,0,1,4,0,0,0,15,30,10,300,300,300,0.5,0.8,full,40,0,73,False,8,300.0,180.0,180.0,60.0,111470.65403868872,99930.61964724991,92097.13338372702,8,5,8,4,3,4,11540.034391438792,19373.5206549617,11.54804646681321,21.035964902665334,40,81,success,28.38929726404604,,
11,Product-mix + seven-factor full factorial design,1,2,4,0,0,0,15,30,10,300,300,300,0.75,0.8,full,40,0,73,False,8,300.0,180.0,180.0,60.0,111470.65403868872,99930.61964724991,92097.13338372702,8,5,8,4,3,4,11540.034391438792,19373.5206549617,11.54804646681321,21.035964902665334,40,81,success,28.052360864006918,,
11,Product-mix + seven-factor full factorial design,2,3,4,0,0,0,15,30,10,300,300,600,0.5,0.8,full,40,0,73,False,8,300.0,180.0,180.0,60.0,111470.65403868872,99930.61964724991,92097.13338372702,8,5,8,4,3,4,11540.034391438792,19373.5206549617,11.54804646681321,21.035964902665334,40,81,success,28.712187848985195,,
11,Product-mix + seven-factor full factorial design,3,4,4,0,0,0,15,30,10,300,300,600,0.75,0.8,full,40,0,73,False,8,300.0,180.0,180.0,60.0,111470.65403868872,99930.61964724991,92097.13338372702,8,5,8,4,3,4,11540.034391438792,19373.5206549617,11.54804646681321,21.035964902665334,40,81,success,27.844842918915678,,
11,Product-mix + seven-factor full factorial design,4,5,4,0,0,0,15,30,10,600,300,300,0.5,0.8,full,40,0,73,False,8,300.0,180.0,180.0,60.0,251819.4729044504,223055.71650663385,215650.590591376,10,6,8,4,3,4,28763.756397816527,36168.8823130744,12.895323575785186,16.771983890185005,40,81,success,28.400525711942464,,
11,Product-mix + seven-factor full factorial design,5,6,4,0,0,0,15,30,10,600,300,300,0.75,0.8,full,40,0,73,False,8,300.0,180.0,180.0,60.0,251819.4729044504,223055.7165066335,215650.590591376,10,6,8,4,3,4,28763.75639781688,36168.8823130744,12.895323575785364,16.771983890185005,40,81,success,31.99612765596248,,
11,Product-mix + seven-factor full factorial design,6,7,4,0,0,0,15,30,10,600,300,600,0.5,0.8,full,40,0,73,False,8,300.0,180.0,180.0,60.0,251819.4729044504,223055.71650663385,215650.590591376,10,6,8,4,3,4,28763.756397816527,36168.8823130744,12.895323575785186,16.771983890185005,40,81,success,28.549102938035503,,
11,Product-mix + seven-factor full factorial design,7,8,4,0,0,0,15,30,10,600,300,600,0.75,0.8,full,40,0,73,False,8,300.0,180.0,180.0,60.0,251819.4729044504,223055.71650663385,215650.590591376,10,6,8,4,3,4,28763.756397816527,36168.8823130744,12.895323575785186,16.771983890185005,40,81,success,28.244143201969564,,
11,Product-mix + seven-factor full factorial design,8,9,4,0,0,0,15,30,10,300,600,300,0.5,0.8,full,40,0,73,False,8,300.0,180.0,180.0,60.0,111470.65403868872,99930.61964724991,92097.13338372702,8,5,8,4,3,4,11540.034391438792,19373.5206549617,11.54804646681321,21.035964902665334,40,81,success,28.113571785972454,,
11,Product-mix + seven-factor full factorial design,9,10,4,0,0,0,15,30,10,300,600,300,0.75,0.8,full,40,0,73,False,8,300.0,180.0,180.0,60.0,111470.65403868872,99930.61964724991,92097.13338372702,8,5,8,4,3,4,11540.034391438792,19373.5206549617,11.54804646681321,21.035964902665334,40,81,success,27.300567246042192,,
11,Product-mix + seven-factor full factorial design,10,11,4,0,0,0,15,30,10,300,600,600,0.5,0.8,full,40,0,73,False,8,300.0,180.0,180.0,60.0,111470.65403868872,99930.61964724991,92097.13338372702,8,5,8,4,3,4,11540.034391438792,19373.5206549617,11.54804646681321,21.035964902665334,40,81,success,27.393011188018136,,
11,Product-mix + seven-factor full factorial design,11,12,4,0,0,0,15,30,10,300,600,600,0.75,0.8,full,40,0,73,False,8,300.0,180.0,180.0,60.0,111470.65403868872,99930.61964724991,92097.13338372702,8,5,8,4,3,4,11540.034391438792,19373.5206549617,11.54804646681321,21.035964902665334,40,81,success,29.455542981042527,,
11,Product-mix + seven-factor full factorial design,12,13,4,0,0,0,15,30,10,600,600,300,0.5,0.8,full,40,0,73,False,8,300.0,180.0,180.0,60.0,251819.4729044504,223055.71650663385,215650.590591376,10,6,8,4,3,4,28763.756397816527,36168.8823130744,12.895323575785186,16.771983890185005,40,81,success,31.153722744900733,,
11,Product-mix + seven-factor full factorial design,13,14,4,0,0,0,15,30,10,600,600,300,0.75,0.8,full,40,0,73,False,8,300.0,180.0,180.0,60.0,251819.4729044504,223055.71650663385,215650.590591376,10,6,8,4,3,4,28763.756397816527,36168.8823130744,12.895323575785186,16.771983890185005,40,81,success,28.782443681033328,,
11,Product-mix + seven-factor full factorial design,14,15,4,0,0,0,15,30,10,600,600,600,0.5,0.8,full,40,0,73,False,8,300.0,180.0,180.0,60.0,251819.4729044504,223055.71650663385,215650.590591376,10,6,8,4,3,4,28763.756397816527,36168.8823130744,12.895323575785186,16.771983890185005,40,81,success,31.90711038198788,,
11,Product-mix + seven-factor full factorial design,15,16,4,0,0,0,15,30,10,600,600,600,0.75,0.8,full,40,0,73,False,8,300.0,180.0,180.0,60.0,251819.4729044504,223055.71650663385,215650.590591376,10,6,8,4,3,4,28763.756397816527,36168.8823130744,12.895323575785186,16.771983890185005,40,81,success,28.031249898020175,,
11,Product-mix + seven-factor full factorial design,16,17,4,0,0,0,30,30,10,300,300,300,0.5,0.8,full,40,0,73,False,8,300.0,180.0,180.0,60.0,190610.2436172488,189975.3323130412,190045.05750747697,8,4,8,4,4,4,634.9113042075769,565.1861097718065,0.334207234422083,0.2973958476923665,40,81,success,11.246147006982936,,
11,Product-mix + seven-factor full factorial design,17,18,4,0,0,0,30,30,10,300,300,300,0.75,0.8,full,40,0,73,False,8,300.0,180.0,180.0,60.0,190610.2436172488,189975.3323130412,190045.05750747697,8,4,8,4,4,4,634.9113042075769,565.1861097718065,0.334207234422083,0.2973958476923665,40,81,success,11.643861372955143,,
11,Product-mix + seven-factor full factorial design,18,19,4,0,0,0,30,30,10,300,300,600,0.5,0.8,full,40,0,73,False,8,300.0,180.0,180.0,60.0,190610.2436172488,189975.3323130412,190045.05750747697,8,4,8,4,4,4,634.9113042075769,565.1861097718065,0.334207234422083,0.2973958476923665,40,81,success,11.626711537013762,,
11,Product-mix + seven-factor full factorial design,19,20,4,0,0,0,30,30,10,300,300,600,0.75,0.8,full,40,0,73,False,8,300.0,180.0,180.0,60.0,190610.2436172488,189975.3323130412,190045.05750747697,8,4,8,4,4,4,634.9113042075769,565.1861097718065,0.334207234422083,0.2973958476923665,40,81,success,11.295958611997776,,
11,Product-mix + seven-factor full factorial design,20,21,4,0,0,0,30,30,10,600,300,300,0.5,0.8,full,40,0,73,False,8,300.0,180.0,180.0,60.0,412013.8811048446,411513.047049023,411546.4388388759,8,8,8,4,4,4,500.83405582164414,467.4422659687698,0.1217055107761821,0.1135819003288174,40,81,success,9.693972578039393,,
11,Product-mix + seven-factor full factorial design,21,22,4,0,0,0,30,30,10,600,300,300,0.75,0.8,full,40,0,73,False,8,300.0,180.0,180.0,60.0,412013.8811048446,411513.047049023,411546.4388388759,8,8,8,4,4,4,500.83405582164414,467.4422659687698,0.1217055107761821,0.1135819003288174,40,81,success,9.96712506597396,,
11,Product-mix + seven-factor full factorial design,22,23,4,0,0,0,30,30,10,600,300,600,0.5,0.8,full,40,0,73,False,8,300.0,180.0,180.0,60.0,412013.8811048446,411513.047049023,411546.4388388759,8,8,8,4,4,4,500.83405582164414,467.4422659687698,0.1217055107761821,0.1135819003288174,40,81,success,10.319098173989914,,
11,Product-mix + seven-factor full factorial design,23,24,4,0,0,0,30,30,10,600,300,600,0.75,0.8,full,40,0,73,False,8,300.0,180.0,180.0,60.0,412013.8811048446,411513.047049023,411546.4388388759,8,8,8,4,4,4,500.83405582164414,467.4422659687698,0.1217055107761821,0.1135819003288174,40,81,success,9.6073889270192,,
11,Product-mix + seven-factor full factorial design,24,25,4,0,0,0,30,30,10,300,600,300,0.5,0.8,full,40,0,73,False,8,300.0,180.0,180.0,60.0,190610.2436172488,189975.3323130412,190045.05750747697,8,4,8,4,4,4,634.9113042075769,565.1861097718065,0.334207234422083,0.2973958476923665,40,81,success,12.392594290082345,,
11,Product-mix + seven-factor full factorial design,25,26,4,0,0,0,30,30,10,300,600,300,0.75,0.8,full,40,0,73,False,8,300.0,180.0,180.0,60.0,190610.2436172488,189975.3323130412,190045.05750747697,8,4,8,4,4,4,634.9113042075769,565.1861097718065,0.334207234422083,0.2973958476923665,40,81,success,12.271975171053782,,
11,Product-mix + seven-factor full factorial design,26,27,4,0,0,0,30,30,10,300,600,600,0.5,0.8,full,40,0,73,False,8,300.0,180.0,180.0,60.0,190610.2436172488,189975.3323130412,190045.05750747697,8,4,8,4,4,4,634.9113042075769,565.1861097718065,0.334207234422083,0.2973958476923665,40,81,success,11.706032456015237,,
11,Product-mix + seven-factor full factorial design,27,28,4,0,0,0,30,30,10,300,600,600,0.75,0.8,full,40,0,73,False,8,300.0,180.0,180.0,60.0,190610.2436172488,189975.3323130412,190045.05750747697,8,4,8,4,4,4,634.9113042075769,565.1861097718065,0.334207234422083,0.2973958476923665,40,81,success,12.652908524032682,,
11,Product-mix + seven-factor full factorial design,28,29,4,0,0,0,30,30,10,600,600,300,0.5,0.8,full,40,0,73,False,8,300.0,180.0,180.0,60.0,412013.8811048442,411513.047049023,411546.4388388759,8,8,8,4,4,4,500.8340558212367,467.4422659683624,0.1217055107760831,0.1135819003287185,40,81,success,10.09940095595084,,
11,Product-mix + seven-factor full factorial design,29,30,4,0,0,0,30,30,10,600,600,300,0.75,0.8,full,40,0,73,False,8,300.0,180.0,180.0,60.0,412013.8811048446,411513.047049023,411546.4388388759,8,8,8,4,4,4,500.83405582164414,467.4422659687698,0.1217055107761821,0.1135819003288174,40,81,success,10.26162188500166,,
11,Product-mix + seven-factor full factorial design,30,31,4,0,0,0,30,30,10,600,600,600,0.5,0.8,full,40,0,73,False,8,300.0,180.0,180.0,60.0,412013.8811048446,411513.047049023,411546.4388388759,8,8,8,4,4,4,500.83405582164414,467.4422659687698,0.1217055107761821,0.1135819003288174,40,81,success,9.598512056050822,,
11,Product-mix + seven-factor full factorial design,31,32,4,0,0,0,30,30,10,600,600,600,0.75,0.8,full,40,0,73,False,8,300.0,180.0,180.0,60.0,412013.8811048446,411513.047049023,411546.4388388759,8,8,8,4,4,4,500.83405582164414,467.4422659687698,0.1217055107761821,0.1135819003288174,40,81,success,10.028933778987266,,
11,Product-mix + seven-factor full factorial design,32,33,4,0,0,0,15,30,25,300,300,300,0.5,0.8,full,40,0,73,False,8,300.0,180.0,180.0,60.0,111470.65403868872,99930.61964725005,92097.13338372702,8,5,8,4,3,4,11540.034391438676,19373.5206549617,11.54804646681308,21.035964902665334,40,81,success,29.229465262964368,,
11,Product-mix + seven-factor full factorial design,33,34,4,0,0,0,15,30,25,300,300,300,0.75,0.8,full,40,0,73,False,8,300.0,180.0,180.0,60.0,111470.65403868872,99930.61964724991,92097.13338372702,8,5,8,4,3,4,11540.034391438792,19373.5206549617,11.54804646681321,21.035964902665334,40,81,success,27.551904321997423,,
11,Product-mix + seven-factor full factorial design,34,35,4,0,0,0,15,30,25,300,300,600,0.5,0.8,full,40,0,73,False,8,300.0,180.0,180.0,60.0,111470.65403868872,99930.61964724991,92097.13338372702,8,5,8,4,3,4,11540.034391438792,19373.5206549617,11.54804646681321,21.035964902665334,40,81,success,30.16946382995229,,
11,Product-mix + seven-factor full factorial design,35,36,4,0,0,0,15,30,25,300,300,600,0.75,0.8,full,40,0,73,False,8,300.0,180.0,180.0,60.0,111470.65403868872,99930.61964724991,92097.13338372702,8,5,8,4,3,4,11540.034391438792,19373.5206549617,11.54804646681321,21.035964902665334,40,81,success,29.405767314019613,,
11,Product-mix + seven-factor full factorial design,36,37,4,0,0,0,15,30,25,600,300,300,0.5,0.8,full,40,0,73,False,8,300.0,180.0,180.0,60.0,251819.4729044504,223055.71650663385,215650.590591376,10,6,8,4,3,4,28763.756397816527,36168.8823130744,12.895323575785186,16.771983890185005,40,81,success,30.619832723983563,,
11,Product-mix + seven-factor full factorial design,37,38,4,0,0,0,15,30,25,600,300,300,0.75,0.8,full,40,0,73,False,8,300.0,180.0,180.0,60.0,251819.4729044504,223055.71650663385,215650.590591376,10,6,8,4,3,4,28763.756397816527,36168.8823130744,12.895323575785186,16.771983890185005,40,81,success,31.28376264299732,,
11,Product-mix + seven-factor full factorial design,38,39,4,0,0,0,15,30,25,600,300,600,0.5,0.8,full,40,0,73,False,8,300.0,180.0,180.0,60.0,251819.4729044504,223055.71650663385,215650.590591376,10,6,8,4,3,4,28763.756397816527,36168.8823130744,12.895323575785186,16.771983890185005,40,81,success,30.64364836004097,,
11,Product-mix + seven-factor full factorial design,39,40,4,0,0,0,15,30,25,600,300,600,0.75,0.8,full,40,0,73,False,8,300.0,180.0,180.0,60.0,251819.4729044504,223055.71650663385,215650.590591376,10,6,8,4,3,4,28763.756397816527,36168.8823130744,12.895323575785186,16.771983890185005,40,81,success,30.150008332100697,,
11,Product-mix + seven-factor full factorial design,40,41,4,0,0,0,15,30,25,300,600,300,0.5,0.8,full,40,0,73,False,8,300.0,180.0,180.0,60.0,111470.65403868872,99930.61964724991,92097.13338372702,8,5,8,4,3,4,11540.034391438792,19373.5206549617,11.54804646681321,21.035964902665334,40,81,success,28.98743419710081,,
11,Product-mix + seven-factor full factorial design,41,42,4,0,0,0,15,30,25,300,600,300,0.75,0.8,full,40,0,73,False,8,300.0,180.0,180.0,60.0,111470.65403868872,99930.61964724991,92097.13338372702,8,5,8,4,3,4,11540.034391438792,19373.5206549617,11.54804646681321,21.035964902665334,40,81,success,27.60697578405961,,
11,Product-mix + seven-factor full factorial design,42,43,4,0,0,0,15,30,25,300,600,600,0.5,0.8,full,40,0,73,False,8,300.0,180.0,180.0,60.0,111470.65403868872,99930.61964724991,92097.13338372702,8,5,8,4,3,4,11540.034391438792,19373.5206549617,11.54804646681321,21.035964902665334,40,81,success,28.615758736035787,,
11,Product-mix + seven-factor full factorial design,43,44,4,0,0,0,15,30,25,300,600,600,0.75,0.8,full,40,0,73,False,8,300.0,180.0,180.0,60.0,111470.65403868872,99930.61964724991,92097.13338372702,8,5,8,4,3,4,11540.034391438792,19373.5206549617,11.54804646681321,21.035964902665334,40,81,success,28.352199672022834,,
11,Product-mix + seven-factor full factorial design,44,45,4,0,0,0,15,30,25,600,600,300,0.5,0.8,full,40,0,73,False,8,300.0,180.0,180.0,60.0,251819.4729044504,223055.71650663385,215650.590591376,10,6,8,4,3,4,28763.756397816527,36168.8823130744,12.895323575785186,16.771983890185005,40,81,success,30.898681218968704,,
11,Product-mix + seven-factor full factorial design,45,46,4,0,0,0,15,30,25,600,600,300,0.75,0.8,full,40,0,73,False,8,300.0,180.0,180.0,60.0,251819.4729044504,223055.71650663385,215650.590591376,10,6,8,4,3,4,28763.756397816527,36168.8823130744,12.895323575785186,16.771983890185005,40,81,success,30.385971538955346,,
11,Product-mix + seven-factor full factorial design,46,47,4,0,0,0,15,30,25,600,600,600,0.5,0.8,full,40,0,73,False,8,300.0,180.0,180.0,60.0,251819.4729044504,223055.71650663385,215650.590591376,10,6,8,4,3,4,28763.756397816527,36168.8823130744,12.895323575785186,16.771983890185005,40,81,success,30.00557328609284,,
11,Product-mix + seven-factor full factorial design,47,48,4,0,0,0,15,30,25,600,600,600,0.75,0.8,full,40,0,73,False,8,300.0,180.0,180.0,60.0,251819.4729044504,223055.71650663385,215650.590591376,10,6,8,4,3,4,28763.756397816527,36168.8823130744,12.895323575785186,16.771983890185005,40,81,success,31.11138021294028,,
11,Product-mix + seven-factor full factorial design,48,49,4,0,0,0,30,30,25,300,300,300,0.5,0.8,full,40,0,73,False,8,300.0,180.0,180.0,60.0,190610.2436172488,189975.3323130412,190045.05750747697,8,4,8,4,4,4,634.9113042075769,565.1861097718065,0.334207234422083,0.2973958476923665,40,81,success,12.23222421493847,,
11,Product-mix + seven-factor full factorial design,49,50,4,0,0,0,30,30,25,300,300,300,0.75,0.8,full,40,0,73,False,8,300.0,180.0,180.0,60.0,190610.2436172488,189975.3323130412,190045.05750747697,8,4,8,4,4,4,634.9113042075769,565.1861097718065,0.334207234422083,0.2973958476923665,40,81,success,11.515798606094904,,
11,Product-mix + seven-factor full factorial design,50,51,4,0,0,0,30,30,25,300,300,600,0.5,0.8,full,40,0,73,False,8,300.0,180.0,180.0,60.0,190610.2436172488,189975.3323130412,190045.05750747697,8,4,8,4,4,4,634.9113042075769,565.1861097718065,0.334207234422083,0.2973958476923665,40,81,success,11.420609956956469,,
11,Product-mix + seven-factor full factorial design,51,52,4,0,0,0,30,30,25,300,300,600,0.75,0.8,full,40,0,73,False,8,300.0,180.0,180.0,60.0,190610.2436172488,189975.3323130412,190045.05750747697,8,4,8,4,4,4,634.9113042075769,565.1861097718065,0.334207234422083,0.2973958476923665,40,81,success,12.245219044038096,,
11,Product-mix + seven-factor full factorial design,52,53,4,0,0,0,30,30,25,600,300,300,0.5,0.8,full,40,0,73,False,8,300.0,180.0,180.0,60.0,412013.8811048446,411513.047049023,411546.4388388759,8,8,8,4,4,4,500.83405582164414,467.4422659687698,0.1217055107761821,0.1135819003288174,40,81,success,8.770304000936449,,
11,Product-mix + seven-factor full factorial design,53,54,4,0,0,0,30,30,25,600,300,300,0.75,0.8,full,40,0,73,False,8,300.0,180.0,180.0,60.0,412013.8811048442,411513.047049023,411546.4388388759,8,8,8,4,4,4,500.8340558212367,467.4422659683624,0.1217055107760831,0.1135819003287185,40,81,success,9.453187478007749,,
11,Product-mix + seven-factor full factorial design,54,55,4,0,0,0,30,30,25,600,300,600,0.5,0.8,full,40,0,73,False,8,300.0,180.0,180.0,60.0,412013.8811048446,411513.047049023,411546.4388388759,8,8,8,4,4,4,500.83405582164414,467.4422659687698,0.1217055107761821,0.1135819003288174,40,81,success,9.735478376038373,,
11,Product-mix + seven-factor full factorial design,55,56,4,0,0,0,30,30,25,600,300,600,0.75,0.8,full,40,0,73,False,8,300.0,180.0,180.0,60.0,412013.8811048446,411513.047049023,411546.4388388759,8,8,8,4,4,4,500.83405582164414,467.4422659687698,0.1217055107761821,0.1135819003288174,40,81,success,9.361844803090207,,
11,Product-mix + seven-factor full factorial design,56,57,4,0,0,0,30,30,25,300,600,300,0.5,0.8,full,40,0,73,False,8,300.0,180.0,180.0,60.0,190610.2436172488,189975.3323130412,190045.05750747697,8,4,8,4,4,4,634.9113042075769,565.1861097718065,0.334207234422083,0.2973958476923665,40,81,success,10.394098988967016,,
11,Product-mix + seven-factor full factorial design,57,58,4,0,0,0,30,30,25,300,600,300,0.75,0.8,full,40,0,73,False,8,300.0,180.0,180.0,60.0,190610.2436172488,189975.3323130412,190045.05750747697,8,4,8,4,4,4,634.9113042075769,565.1861097718065,0.334207234422083,0.2973958476923665,40,81,success,11.63049404800404,,
11,Product-mix + seven-factor full factorial design,58,59,4,0,0,0,30,30,25,300,600,600,0.5,0.8,full,40,0,73,False,8,300.0,180.0,180.0,60.0,190610.2436172485,189975.3323130412,190045.05750747697,8,4,8,4,4,4,634.9113042072859,565.1861097715155,0.3342072344219298,0.2973958476922133,40,81,success,11.714972126996145,,
11,Product-mix + seven-factor full factorial design,59,60,4,0,0,0,30,30,25,300,600,600,0.75,0.8,full,40,0,73,False,8,300.0,180.0,180.0,60.0,190610.2436172485,189975.3323130412,190045.05750747697,8,4,8,4,4,4,634.9113042072859,565.1861097715155,0.3342072344219298,0.2973958476922133,40,81,success,11.730093023972586,,
11,Product-mix + seven-factor full factorial design,60,61,4,0,0,0,30,30,25,600,600,300,0.5,0.8,full,40,0,73,False,8,300.0,180.0,180.0,60.0,412013.8811048446,411513.047049023,411546.4388388759,8,8,8,4,4,4,500.83405582164414,467.4422659687698,0.1217055107761821,0.1135819003288174,40,81,success,9.36244495701976,,
11,Product-mix + seven-factor full factorial design,61,62,4,0,0,0,30,30,25,600,600,300,0.75,0.8,full,40,0,73,False,8,300.0,180.0,180.0,60.0,412013.8811048446,411513.047049023,411546.4388388759,8,8,8,4,4,4,500.83405582164414,467.4422659687698,0.1217055107761821,0.1135819003288174,40,81,success,9.661658226978034,,
11,Product-mix + seven-factor full factorial design,62,63,4,0,0,0,30,30,25,600,600,600,0.5,0.8,full,40,0,73,False,8,300.0,180.0,180.0,60.0,412013.8811048446,411513.047049023,411546.4388388759,8,8,8,4,4,4,500.83405582164414,467.4422659687698,0.1217055107761821,0.1135819003288174,40,81,success,10.039724127040245,,
11,Product-mix + seven-factor full factorial design,63,64,4,0,0,0,30,30,25,600,600,600,0.75,0.8,full,40,0,73,False,8,300.0,180.0,180.0,60.0,412013.8811048446,411513.047049023,411546.4388388759,8,8,8,4,4,4,500.83405582164414,467.4422659687698,0.1217055107761821,0.1135819003288174,40,81,success,10.24904928309843,,
11,Product-mix + seven-factor full factorial design,64,65,4,0,0,0,15,60,10,300,300,300,0.5,0.8,full,40,0,73,False,8,300.0,180.0,180.0,60.0,111470.65403868872,99930.61964724991,92097.13338372702,8,5,8,4,3,4,11540.034391438792,19373.5206549617,11.54804646681321,21.035964902665334,40,81,success,29.406930228928104,,
11,Product-mix + seven-factor full factorial design,65,66,4,0,0,0,15,60,10,300,300,300,0.75,0.8,full,40,0,73,False,8,300.0,180.0,180.0,60.0,111470.65403868872,99930.61964724991,92097.13338372702,8,5,8,4,3,4,11540.034391438792,19373.5206549617,11.54804646681321,21.035964902665334,40,81,success,28.74423896195367,,
11,Product-mix + seven-factor full factorial design,66,67,4,0,0,0,15,60,10,300,300,600,0.5,0.8,full,40,0,73,False,8,300.0,180.0,180.0,60.0,111470.65403868872,99930.61964724991,92097.13338372702,8,5,8,4,3,4,11540.034391438792,19373.5206549617,11.54804646681321,21.035964902665334,40,81,success,29.383070530020632,,
11,Product-mix + seven-factor full factorial design,67,68,4,0,0,0,15,60,10,300,300,600,0.75,0.8,full,40,0,73,False,8,300.0,180.0,180.0,60.0,111470.65403868872,99930.61964724991,92097.13338372702,8,5,8,4,3,4,11540.034391438792,19373.5206549617,11.54804646681321,21.035964902665334,40,81,success,29.820112261921167,,
11,Product-mix + seven-factor full factorial design,68,69,4,0,0,0,15,60,10,600,300,300,0.5,0.8,full,40,0,73,False,8,300.0,180.0,180.0,60.0,251819.4729044504,223055.71650663385,215650.590591376,10,6,8,4,3,4,28763.756397816527,36168.8823130744,12.895323575785186,16.771983890185005,40,81,success,31.58097100793384,,
11,Product-mix + seven-factor full factorial design,69,70,4,0,0,0,15,60,10,600,300,300,0.75,0.8,full,40,0,73,False,8,300.0,180.0,180.0,60.0,251819.4729044504,223055.71650663385,215650.590591376,10,6,8,4,3,4,28763.756397816527,36168.8823130744,12.895323575785186,16.771983890185005,40,81,success,32.518788903951645,,
11,Product-mix + seven-factor full factorial design,70,71,4,0,0,0,15,60,10,600,300,600,0.5,0.8,full,40,0,73,False,8,300.0,180.0,180.0,60.0,251819.4729044504,223055.71650663385,215650.590591376,10,6,8,4,3,4,28763.756397816527,36168.8823130744,12.895323575785186,16.771983890185005,40,81,success,30.516305907047357,,
11,Product-mix + seven-factor full factorial design,71,72,4,0,0,0,15,60,10,600,300,600,0.75,0.8,full,40,0,73,False,8,300.0,180.0,180.0,60.0,251819.4729044504,223055.71650663385,215650.590591376,10,6,8,4,3,4,28763.756397816527,36168.8823130744,12.895323575785186,16.771983890185005,40,81,success,32.46809713798575,,
11,Product-mix + seven-factor full factorial design,72,73,4,0,0,0,15,60,10,300,600,300,0.5,0.8,full,40,0,73,False,8,300.0,180.0,180.0,60.0,111470.65403868872,99930.61964724991,92097.13338372702,8,5,8,4,3,4,11540.034391438792,19373.5206549617,11.54804646681321,21.035964902665334,40,81,success,29.14455305901356,,
11,Product-mix + seven-factor full factorial design,73,74,4,0,0,0,15,60,10,300,600,300,0.75,0.8,full,40,0,73,False,8,300.0,180.0,180.0,60.0,111470.65403868872,99930.61964724991,92097.13338372702,8,5,8,4,3,4,11540.034391438792,19373.5206549617,11.54804646681321,21.035964902665334,40,81,success,28.10145283897873,,
11,Product-mix + seven-factor full factorial design,74,75,4,0,0,0,15,60,10,300,600,600,0.5,0.8,full,40,0,73,False,8,300.0,180.0,180.0,60.0,111470.65403868872,99930.61964724991,92097.13338372702,8,5,8,4,3,4,11540.034391438792,19373.5206549617,11.54804646681321,21.035964902665334,40,81,success,27.88020049093757,,
11,Product-mix + seven-factor full factorial design,75,76,4,0,0,0,15,60,10,300,600,600,0.75,0.8,full,40,0,73,False,8,300.0,180.0,180.0,60.0,111470.65403868872,99930.61964724991,92097.13338372702,8,5,8,4,3,4,11540.034391438792,19373.5206549617,11.54804646681321,21.035964902665334,40,81,success,28.83661335404031,,
11,Product-mix + seven-factor full factorial design,76,77,4,0,0,0,15,60,10,600,600,300,0.5,0.8,full,40,0,73,False,8,300.0,180.0,180.0,60.0,251819.4729044504,223055.71650663385,215650.590591376,10,6,8,4,3,4,28763.756397816527,36168.8823130744,12.895323575785186,16.771983890185005,40,81,success,31.74841882591136,,
11,Product-mix + seven-factor full factorial design,77,78,4,0,0,0,15,60,10,600,600,300,0.75,0.8,full,40,0,73,False,8,300.0,180.0,180.0,60.0,251819.4729044504,223055.71650663385,215650.590591376,10,6,8,4,3,4,28763.756397816527,36168.8823130744,12.895323575785186,16.771983890185005,40,81,success,30.84113897802308,,
11,Product-mix + seven-factor full factorial design,78,79,4,0,0,0,15,60,10,600,600,600,0.5,0.8,full,40,0,73,False,8,300.0,180.0,180.0,60.0,251819.4729044504,223055.71650663385,215650.590591376,10,6,8,4,3,4,28763.756397816527,36168.8823130744,12.895323575785186,16.771983890185005,40,81,success,30.27984947094228,,
11,Product-mix + seven-factor full factorial design,79,80,4,0,0,0,15,60,10,600,600,600,0.75,0.8,full,40,0,73,False,8,300.0,180.0,180.0,60.0,251819.4729044504,223055.71650663385,215650.590591376,10,6,8,4,3,4,28763.756397816527,36168.8823130744,12.895323575785186,16.771983890185005,40,81,success,29.303221354959533,,
11,Product-mix + seven-factor full factorial design,80,81,4,0,0,0,30,60,10,300,300,300,0.5,0.8,full,40,0,73,False,8,300.0,180.0,180.0,60.0,190610.2436172488,189975.3323130412,190045.05750747697,8,4,8,4,4,4,634.9113042075769,565.1861097718065,0.334207234422083,0.2973958476923665,40,81,success,12.217186369001864,,
11,Product-mix + seven-factor full factorial design,81,82,4,0,0,0,30,60,10,300,300,300,0.75,0.8,full,40,0,73,False,8,300.0,180.0,180.0,60.0,190610.2436172488,189975.3323130412,190045.05750747697,8,4,8,4,4,4,634.9113042075769,565.1861097718065,0.334207234422083,0.2973958476923665,40,81,success,12.53484705707524,,
11,Product-mix + seven-factor full factorial design,82,83,4,0,0,0,30,60,10,300,300,600,0.5,0.8,full,40,0,73,False,8,300.0,180.0,180.0,60.0,190610.2436172488,189975.3323130412,190045.05750747697,8,4,8,4,4,4,634.9113042075769,565.1861097718065,0.334207234422083,0.2973958476923665,40,81,success,11.866776259965263,,
11,Product-mix + seven-factor full factorial design,83,84,4,0,0,0,30,60,10,300,300,600,0.75,0.8,full,40,0,73,False,8,300.0,180.0,180.0,60.0,190610.2436172488,189975.3323130412,190045.05750747697,8,4,8,4,4,4,634.9113042075769,565.1861097718065,0.334207234422083,0.2973958476923665,40,81,success,11.921976835932584,,
11,Product-mix + seven-factor full factorial design,84,85,4,0,0,0,30,60,10,600,300,300,0.5,0.8,full,40,0,73,False,8,300.0,180.0,180.0,60.0,412013.8811048446,411513.047049023,411546.4388388759,8,8,8,4,4,4,500.83405582164414,467.4422659687698,0.1217055107761821,0.1135819003288174,40,81,success,9.650875515071675,,
11,Product-mix + seven-factor full factorial design,85,86,4,0,0,0,30,60,10,600,300,300,0.75,0.8,full,40,0,73,False,8,300.0,180.0,180.0,60.0,412013.8811048446,411513.047049023,411546.4388388759,8,8,8,4,4,4,500.83405582164414,467.4422659687698,0.1217055107761821,0.1135819003288174,40,81,success,9.54648644500412,,
11,Product-mix + seven-factor full factorial design,86,87,4,0,0,0,30,60,10,600,300,600,0.5,0.8,full,40,0,73,False,8,300.0,180.0,180.0,60.0,412013.8811048446,411513.047049023,411546.4388388759,8,8,8,4,4,4,500.83405582164414,467.4422659687698,0.1217055107761821,0.1135819003288174,40,81,success,9.802160029066728,,
11,Product-mix + seven-factor full factorial design,87,88,4,0,0,0,30,60,10,600,300,600,0.75,0.8,full,40,0,73,False,8,300.0,180.0,180.0,60.0,412013.8811048446,411513.047049023,411546.4388388759,8,8,8,4,4,4,500.83405582164414,467.4422659687698,0.1217055107761821,0.1135819003288174,40,81,success,9.80453376902733,,
11,Product-mix + seven-factor full factorial design,88,89,4,0,0,0,30,60,10,300,600,300,0.5,0.8,full,40,0,73,False,8,300.0,180.0,180.0,60.0,190610.2436172488,189975.3323130412,190045.05750747697,8,4,8,4,4,4,634.9113042075769,565.1861097718065,0.334207234422083,0.2973958476923665,40,81,success,12.356194286956452,,
11,Product-mix + seven-factor full factorial design,89,90,4,0,0,0,30,60,10,300,600,300,0.75,0.8,full,40,0,73,False,8,300.0,180.0,180.0,60.0,190610.2436172488,189975.3323130412,190045.05750747697,8,4,8,4,4,4,634.9113042075769,565.1861097718065,0.334207234422083,0.2973958476923665,40,81,success,12.030582492006944,,
11,Product-mix + seven-factor full factorial design,90,91,4,0,0,0,30,60,10,300,600,600,0.5,0.8,full,40,0,73,False,8,300.0,180.0,180.0,60.0,190610.2436172488,189975.3323130412,190045.05750747697,8,4,8,4,4,4,634.9113042075769,565.1861097718065,0.334207234422083,0.2973958476923665,40,81,success,12.88678971293848,,
11,Product-mix + seven-factor full factorial design,91,92,4,0,0,0,30,60,10,300,600,600,0.75,0.8,full,40,0,73,False,8,300.0,180.0,180.0,60.0,190610.2436172488,189975.3323130412,190045.05750747697,8,4,8,4,4,4,634.9113042075769,565.1861097718065,0.334207234422083,0.2973958476923665,40,81,success,12.217675013002008,,
11,Product-mix + seven-factor full factorial design,92,93,4,0,0,0,30,60,10,600,600,300,0.5,0.8,full,40,0,73,False,8,300.0,180.0,180.0,60.0,412013.8811048442,411513.047049023,411546.4388388759,8,8,8,4,4,4,500.8340558212367,467.4422659683624,0.1217055107760831,0.1135819003287185,40,81,success,8.81174435291905,,
11,Product-mix + seven-factor full factorial design,93,94,4,0,0,0,30,60,10,600,600,300,0.75,0.8,full,40,0,73,False,8,300.0,180.0,180.0,60.0,412013.8811048446,411513.047049023,411546.4388388759,8,8,8,4,4,4,500.83405582164414,467.4422659687698,0.1217055107761821,0.1135819003288174,40,81,success,10.029014838975854,,
11,Product-mix + seven-factor full factorial design,94,95,4,0,0,0,30,60,10,600,600,600,0.5,0.8,full,40,0,73,False,8,300.0,180.0,180.0,60.0,412013.8811048446,411513.047049023,411546.4388388759,8,8,8,4,4,4,500.83405582164414,467.4422659687698,0.1217055107761821,0.1135819003288174,40,81,success,10.091677855001764,,
11,Product-mix + seven-factor full factorial design,95,96,4,0,0,0,30,60,10,600,600,600,0.75,0.8,full,40,0,73,False,8,300.0,180.0,180.0,60.0,412013.8811048446,411513.047049023,411546.4388388759,8,8,8,4,4,4,500.83405582164414,467.4422659687698,0.1217055107761821,0.1135819003288174,40,81,success,9.572045785025692,,
11,Product-mix + seven-factor full factorial design,96,97,4,0,0,0,15,60,25,300,300,300,0.5,0.8,full,40,0,73,False,8,300.0,180.0,180.0,60.0,111470.65403868872,99930.61964724991,92097.13338372702,8,5,8,4,3,4,11540.034391438792,19373.5206549617,11.54804646681321,21.035964902665334,40,81,success,28.14622405008413,,
11,Product-mix + seven-factor full factorial design,97,98,4,0,0,0,15,60,25,300,300,300,0.75,0.8,full,40,0,73,False,8,300.0,180.0,180.0,60.0,111470.65403868872,99930.61964724991,92097.13338372702,8,5,8,4,3,4,11540.034391438792,19373.5206549617,11.54804646681321,21.035964902665334,40,81,success,28.212138143950146,,
11,Product-mix + seven-factor full factorial design,98,99,4,0,0,0,15,60,25,300,300,600,0.5,0.8,full,40,0,73,False,8,300.0,180.0,180.0,60.0,111470.65403868872,99930.61964724991,92097.13338372702,8,5,8,4,3,4,11540.034391438792,19373.5206549617,11.54804646681321,21.035964902665334,40,81,success,28.513547034934163,,
11,Product-mix + seven-factor full factorial design,99,100,4,0,0,0,15,60,25,300,300,600,0.75,0.8,full,40,0,73,False,8,300.0,180.0,180.0,60.0,111470.65403868872,99930.61964724991,92097.13338372702,8,5,8,4,3,4,11540.034391438792,19373.5206549617,11.54804646681321,21.035964902665334,40,81,success,29.63675967103336,,
11,Product-mix + seven-factor full factorial design,100,101,4,0,0,0,15,60,25,600,300,300,0.5,0.8,full,40,0,73,False,8,300.0,180.0,180.0,60.0,251819.4729044504,223055.71650663385,215650.590591376,10,6,8,4,3,4,28763.756397816527,36168.8823130744,12.895323575785186,16.771983890185005,40,81,success,32.472132939030416,,
11,Product-mix + seven-factor full factorial design,101,102,4,0,0,0,15,60,25,600,300,300,0.75,0.8,full,40,0,73,False,8,300.0,180.0,180.0,60.0,251819.4729044504,223055.71650663385,215650.590591376,10,6,8,4,3,4,28763.756397816527,36168.8823130744,12.895323575785186,16.771983890185005,40,81,success,29.620671703014523,,
11,Product-mix + seven-factor full factorial design,102,103,4,0,0,0,15,60,25,600,300,600,0.5,0.8,full,40,0,73,False,8,300.0,180.0,180.0,60.0,251819.4729044504,223055.71650663385,215650.590591376,10,6,8,4,3,4,28763.756397816527,36168.8823130744,12.895323575785186,16.771983890185005,40,81,success,33.19993380794767,,
11,Product-mix + seven-factor full factorial design,103,104,4,0,0,0,15,60,25,600,300,600,0.75,0.8,full,40,0,73,False,8,300.0,180.0,180.0,60.0,251819.4729044504,223055.71650663385,215650.590591376,10,6,8,4,3,4,28763.756397816527,36168.8823130744,12.895323575785186,16.771983890185005,40,81,success,33.07120774593204,,
11,Product-mix + seven-factor full factorial design,104,105,4,0,0,0,15,60,25,300,600,300,0.5,0.8,full,40,0,73,False,8,300.0,180.0,180.0,60.0,111470.65403868872,99930.61964724991,92097.13338372702,8,5,8,4,3,4,11540.034391438792,19373.5206549617,11.54804646681321,21.035964902665334,40,81,success,28.647562835016288,,
11,Product-mix + seven-factor full factorial design,105,106,4,0,0,0,15,60,25,300,600,300,0.75,0.8,full,40,0,73,False,8,300.0,180.0,180.0,60.0,111470.65403868872,99930.61964724991,92097.13338372702,8,5,8,4,3,4,11540.034391438792,19373.5206549617,11.54804646681321,21.035964902665334,40,81,success,29.473917891969904,,
11,Product-mix + seven-factor full factorial design,106,107,4,0,0,0,15,60,25,300,600,600,0.5,0.8,full,40,0,73,False,8,300.0,180.0,180.0,60.0,111470.65403868872,99930.61964724991,92097.13338372702,8,5,8,4,3,4,11540.034391438792,19373.5206549617,11.54804646681321,21.035964902665334,40,81,success,29.36820943199564,,
11,Product-mix + seven-factor full factorial design,107,108,4,0,0,0,15,60,25,300,600,600,0.75,0.8,full,40,0,73,False,8,300.0,180.0,180.0,60.0,111470.65403868872,99930.61964724991,92097.13338372702,8,5,8,4,3,4,11540.034391438792,19373.5206549617,11.54804646681321,21.035964902665334,40,81,success,28.25799528893549,,
11,Product-mix + seven-factor full factorial design,108,109,4,0,0,0,15,60,25,600,600,300,0.5,0.8,full,40,0,73,False,8,300.0,180.0,180.0,60.0,251819.4729044504,223055.71650663385,215650.590591376,10,6,8,4,3,4,28763.756397816527,36168.8823130744,12.895323575785186,16.771983890185005,40,81,success,29.06562167510856,,
11,Product-mix + seven-factor full factorial design,109,110,4,0,0,0,15,60,25,600,600,300,0.75,0.8,full,40,0,73,False,8,300.0,180.0,180.0,60.0,251819.4729044504,223055.71650663385,215650.590591376,10,6,8,4,3,4,28763.756397816527,36168.8823130744,12.895323575785186,16.771983890185005,40,81,success,28.62136364192702,,
11,Product-mix + seven-factor full factorial design,110,111,4,0,0,0,15,60,25,600,600,600,0.5,0.8,full,40,0,73,False,8,300.0,180.0,180.0,60.0,251819.4729044504,223055.71650663385,215650.590591376,10,6,8,4,3,4,28763.756397816527,36168.8823130744,12.895323575785186,16.771983890185005,40,81,success,29.06010204891209,,
11,Product-mix + seven-factor full factorial design,111,112,4,0,0,0,15,60,25,600,600,600,0.75,0.8,full,40,0,73,False,8,300.0,180.0,180.0,60.0,251819.4729044504,223055.71650663385,215650.590591376,10,6,8,4,3,4,28763.756397816527,36168.8823130744,12.895323575785186,16.771983890185005,40,81,success,29.15385971101932,,
11,Product-mix + seven-factor full factorial design,112,113,4,0,0,0,30,60,25,300,300,300,0.5,0.8,full,40,0,73,False,8,300.0,180.0,180.0,60.0,190610.2436172488,189975.3323130412,190045.05750747697,8,4,8,4,4,4,634.9113042075769,565.1861097718065,0.334207234422083,0.2973958476923665,40,81,success,11.018877436988989,,
11,Product-mix + seven-factor full factorial design,113,114,4,0,0,0,30,60,25,300,300,300,0.75,0.8,full,40,0,73,False,8,300.0,180.0,180.0,60.0,190610.2436172488,189975.3323130412,190045.05750747697,8,4,8,4,4,4,634.9113042075769,565.1861097718065,0.334207234422083,0.2973958476923665,40,81,success,11.329940475989131,,
11,Product-mix + seven-factor full factorial design,114,115,4,0,0,0,30,60,25,300,300,600,0.5,0.8,full,40,0,73,False,8,300.0,180.0,180.0,60.0,190610.2436172488,189975.3323130412,190045.05750747697,8,4,8,4,4,4,634.9113042075769,565.1861097718065,0.334207234422083,0.2973958476923665,40,81,success,10.71524484094698,,
11,Product-mix + seven-factor full factorial design,115,116,4,0,0,0,30,60,25,300,300,600,0.75,0.8,full,40,0,73,False,8,300.0,180.0,180.0,60.0,190610.2436172488,189975.3323130412,190045.05750747697,8,4,8,4,4,4,634.9113042075769,565.1861097718065,0.334207234422083,0.2973958476923665,40,81,success,11.160539653967136,,
11,Product-mix + seven-factor full factorial design,116,117,4,0,0,0,30,60,25,600,300,300,0.5,0.8,full,40,0,73,False,8,300.0,180.0,180.0,60.0,412013.8811048446,411513.047049023,411546.4388388759,8,8,8,4,4,4,500.83405582164414,467.4422659687698,0.1217055107761821,0.1135819003288174,40,81,success,8.893650425947271,,
11,Product-mix + seven-factor full factorial design,117,118,4,0,0,0,30,60,25,600,300,300,0.75,0.8,full,40,0,73,False,8,300.0,180.0,180.0,60.0,412013.8811048446,411513.047049023,411546.4388388759,8,8,8,4,4,4,500.83405582164414,467.4422659687698,0.1217055107761821,0.1135819003288174,40,81,success,9.284628345980307,,
11,Product-mix + seven-factor full factorial design,118,119,4,0,0,0,30,60,25,600,300,600,0.5,0.8,full,40,0,73,False,8,300.0,180.0,180.0,60.0,412013.8811048442,411513.047049023,411546.4388388759,8,8,8,4,4,4,500.8340558212367,467.4422659683624,0.1217055107760831,0.1135819003287185,40,81,success,9.494871046976186,,
11,Product-mix + seven-factor full factorial design,119,120,4,0,0,0,30,60,25,600,300,600,0.75,0.8,full,40,0,73,False,8,300.0,180.0,180.0,60.0,412013.8811048446,411513.047049023,411546.4388388759,8,8,8,4,4,4,500.83405582164414,467.4422659687698,0.1217055107761821,0.1135819003288174,40,81,success,9.54972541402094,,
11,Product-mix + seven-factor full factorial design,120,121,4,0,0,0,30,60,25,300,600,300,0.5,0.8,full,40,0,73,False,8,300.0,180.0,180.0,60.0,190610.2436172485,189975.3323130412,190045.05750747697,8,4,8,4,4,4,634.9113042072859,565.1861097715155,0.3342072344219298,0.2973958476922133,40,81,success,11.322405193001032,,
11,Product-mix + seven-factor full factorial design,121,122,4,0,0,0,30,60,25,300,600,300,0.75,0.8,full,40,0,73,False,8,300.0,180.0,180.0,60.0,190610.2436172488,189975.3323130412,190045.05750747697,8,4,8,4,4,4,634.9113042075769,565.1861097718065,0.334207234422083,0.2973958476923665,40,81,success,11.42764846899081,,
11,Product-mix + seven-factor full factorial design,122,123,4,0,0,0,30,60,25,300,600,600,0.5,0.8,full,40,0,73,False,8,300.0,180.0,180.0,60.0,190610.2436172485,189975.3323130412,190045.05750747697,8,4,8,4,4,4,634.9113042072859,565.1861097715155,0.3342072344219298,0.2973958476922133,40,81,success,11.740611314075068,,
11,Product-mix + seven-factor full factorial design,123,124,4,0,0,0,30,60,25,300,600,600,0.75,0.8,full,40,0,73,False,8,300.0,180.0,180.0,60.0,190610.2436172488,189975.3323130412,190045.05750747697,8,4,8,4,4,4,634.9113042075769,565.1861097718065,0.334207234422083,0.2973958476923665,40,81,success,11.899423084920272,,
11,Product-mix + seven-factor full factorial design,124,125,4,0,0,0,30,60,25,600,600,300,0.5,0.8,full,40,0,73,False,8,300.0,180.0,180.0,60.0,412013.8811048446,411513.047049023,411546.4388388759,8,8,8,4,4,4,500.83405582164414,467.4422659687698,0.1217055107761821,0.1135819003288174,40,81,success,8.920503056026064,,
11,Product-mix + seven-factor full factorial design,125,126,4,0,0,0,30,60,25,600,600,300,0.75,0.8,full,40,0,73,False,8,300.0,180.0,180.0,60.0,412013.8811048446,411513.047049023,411546.4388388759,8,8,8,4,4,4,500.83405582164414,467.4422659687698,0.1217055107761821,0.1135819003288174,40,81,success,9.637028388096953,,
11,Product-mix + seven-factor full factorial design,126,127,4,0,0,0,30,60,25,600,600,600,0.5,0.8,full,40,0,73,False,8,300.0,180.0,180.0,60.0,412013.8811048446,411513.047049023,411546.4388388759,8,8,8,4,4,4,500.83405582164414,467.4422659687698,0.1217055107761821,0.1135819003288174,40,81,success,9.244766697054729,,
11,Product-mix + seven-factor full factorial design,127,128,4,0,0,0,30,60,25,600,600,600,0.75,0.8,full,40,0,73,False,8,300.0,180.0,180.0,60.0,412013.8811048446,411513.047049023,411546.4388388759,8,8,8,4,4,4,500.83405582164414,467.4422659687698,0.1217055107761821,0.1135819003288174,40,81,success,9.770706166978924,,
11,Product-mix + seven-factor full factorial design,128,129,3,1,0,0,15,30,10,300,300,300,0.5,0.8,full,40,0,73,False,8,300.0,180.0,180.0,60.0,112795.3752005485,104805.16972875706,73542.48022746792,8,6,8,3,3,4,7990.205471791443,39252.894973080576,7.623865781116181,53.37445086386919,40,81,success,13.5868991590105,,
11,Product-mix + seven-factor full factorial design,129,130,3,1,0,0,15,30,10,300,300,300,0.75,0.8,full,40,0,73,False,8,300.0,180.0,180.0,60.0,114749.22900355792,104805.16972875706,73542.48022746792,7,6,8,3,3,4,9944.059274800864,41206.74877609,9.488138133392436,56.03121984550554,40,81,success,18.69799450004939,,
11,Product-mix + seven-factor full factorial design,130,131,3,1,0,0,15,30,10,300,300,600,0.5,0.8,full,40,0,73,False,8,300.0,180.0,180.0,60.0,112795.3752005485,104805.16972875716,73542.48022746792,8,6,8,3,3,4,7990.205471791327,39252.894973080576,7.623865781116061,53.37445086386919,40,81,success,15.198405163013376,,
11,Product-mix + seven-factor full factorial design,131,132,3,1,0,0,15,30,10,300,300,600,0.75,0.8,full,40,0,73,False,8,300.0,180.0,180.0,60.0,114749.22900355792,104805.16972875706,73542.48022746784,7,6,8,3,3,4,9944.059274800864,41206.74877609008,9.488138133392436,56.03121984550573,40,81,success,17.687693206011318,,
11,Product-mix + seven-factor full factorial design,132,133,3,1,0,0,15,30,10,600,300,300,0.5,0.8,full,40,0,73,False,8,300.0,180.0,180.0,60.0,216488.4221434752,197470.2626344933,166196.3913151699,9,6,8,3,3,4,19018.159508981887,50292.03082830532,9.630897966740168,30.26060339236428,40,81,success,23.4201575210318,,
11,Product-mix + seven-factor full factorial design,133,134,3,1,0,0,15,30,10,600,300,300,0.75,0.8,full,40,0,73,False,8,300.0,180.0,180.0,60.0,216609.2261905499,197470.2626344933,166196.3913151699,9,6,8,3,3,4,19138.96355605658,50412.83487538001,9.692073784031855,30.333290919523403,40,81,success,27.01640481303912,,
11,Product-mix + seven-factor full factorial design,134,135,3,1,0,0,15,30,10,600,300,600,0.5,0.8,full,40,0,73,False,8,300.0,180.0,180.0,60.0,216488.4221434752,197470.2626344933,166196.3913151699,9,6,8,3,3,4,19018.159508981887,50292.03082830532,9.630897966740168,30.26060339236428,40,81,success,22.20941507804673,,
11,Product-mix + seven-factor full factorial design,135,136,3,1,0,0,15,30,10,600,300,600,0.75,0.8,full,40,0,73,False,8,300.0,180.0,180.0,60.0,216609.2261905499,197470.2626344933,166196.3913151699,9,6,8,3,3,4,19138.96355605658,50412.83487538001,9.692073784031855,30.333290919523403,40,81,success,26.148733695037663,,
11,Product-mix + seven-factor full factorial design,136,137,3,1,0,0,15,30,10,300,600,300,0.5,0.8,full,40,0,73,False,8,300.0,180.0,180.0,60.0,159809.9843851662,143177.166673734,111914.47054765395,8,6,8,3,3,4,16632.817711432202,47895.51383751223,11.616948496637288,42.79653346268389,40,81,success,14.759522518026644,,
11,Product-mix + seven-factor full factorial design,137,138,3,1,0,0,15,30,10,300,600,300,0.75,0.8,full,40,0,73,False,8,300.0,180.0,180.0,60.0,160595.84252870813,143177.166673734,111914.47054765395,8,6,8,3,3,4,17418.675854974135,48681.371981054166,12.16581963426268,43.49872875494264,40,81,success,21.13465048605576,,
11,Product-mix + seven-factor full factorial design,138,139,3,1,0,0,15,30,10,300,600,600,0.5,0.8,full,40,0,73,False,8,300.0,180.0,180.0,60.0,159809.9843851662,143177.166673734,111914.47054765395,8,6,8,3,3,4,16632.817711432202,47895.51383751223,11.616948496637288,42.79653346268389,40,81,success,14.877436492941342,,
11,Product-mix + seven-factor full factorial design,139,140,3,1,0,0,15,30,10,300,600,600,0.75,0.8,full,40,0,73,False,8,300.0,180.0,180.0,60.0,160595.8425287083,143177.166673734,111914.47054765395,8,6,8,3,3,4,17418.67585497431,48681.37198105434,12.165819634262805,43.4987287549428,40,81,success,20.95132814510725,,
11,Product-mix + seven-factor full factorial design,140,141,3,1,0,0,15,30,10,600,600,300,0.5,0.8,full,40,0,73,False,8,300.0,180.0,180.0,60.0,248475.5095711099,233202.5823254556,204541.28427885775,9,6,8,3,3,4,15272.92724565434,43934.22529225212,6.5492101731273165,21.479392508533955,40,81,success,23.475333789014257,,
11,Product-mix + seven-factor full factorial design,141,142,3,1,0,0,15,30,10,600,600,300,0.75,0.8,full,40,0,73,False,8,300.0,180.0,180.0,60.0,255822.20428673463,233202.5823254556,204541.28427885775,10,6,8,4,3,4,22619.621961279103,51280.92000787688,9.699558956732028,25.07118315438165,40,81,success,27.56903152004816,,
11,Product-mix + seven-factor full factorial design,142,143,3,1,0,0,15,30,10,600,600,600,0.5,0.8,full,40,0,73,False,8,300.0,180.0,180.0,60.0,248475.5095711099,233202.5823254556,204541.28427885775,9,6,8,3,3,4,15272.92724565434,43934.22529225212,6.5492101731273165,21.479392508533955,40,81,success,23.10063335904852,,
11,Product-mix + seven-factor full factorial design,143,144,3,1,0,0,15,30,10,600,600,600,0.75,0.8,full,40,0,73,False,8,300.0,180.0,180.0,60.0,255822.20428673463,233202.5823254558,204541.28427885775,10,6,8,4,3,4,22619.62196127887,51280.92000787688,9.699558956731916,25.07118315438165,40,81,success,27.807336659054272,,
11,Product-mix + seven-factor full factorial design,144,145,3,1,0,0,30,30,10,300,300,300,0.5,0.8,full,40,0,73,False,8,300.0,180.0,180.0,60.0,157243.93756704946,142432.6528099383,149843.74233576687,7,3,8,4,3,4,14811.284757111163,7400.195231282589,10.39879863564382,4.938608123321146,40,81,success,19.103570916922763,,
11,Product-mix + seven-factor full factorial design,145,146,3,1,0,0,30,30,10,300,300,300,0.75,0.8,full,40,0,73,False,8,300.0,180.0,180.0,60.0,159808.31376494543,149843.30690147344,149843.74233576687,8,8,8,4,4,4,9965.006863471994,9964.571429178555,6.650284933997279,6.649975016540992,40,81,success,24.984825278050263,,
11,Product-mix + seven-factor full factorial design,146,147,3,1,0,0,30,30,10,300,300,600,0.5,0.8,full,40,0,73,False,8,300.0,180.0,180.0,60.0,157243.93756704946,142432.6528099383,149843.74233576687,7,3,8,4,3,4,14811.284757111163,7400.195231282589,10.39879863564382,4.938608123321146,40,81,success,19.000754690961912,,
11,Product-mix + seven-factor full factorial design,147,148,3,1,0,0,30,30,10,300,300,600,0.75,0.8,full,40,0,73,False,8,300.0,180.0,180.0,60.0,159808.31376494543,149843.30690147344,149843.74233576687,8,8,8,4,4,4,9965.006863471994,9964.571429178555,6.650284933997279,6.649975016540992,40,81,success,25.30319060990587,,
11,Product-mix + seven-factor full factorial design,148,149,3,1,0,0,30,30,10,600,300,300,0.5,0.8,full,40,0,73,False,8,300.0,180.0,180.0,60.0,344604.3702936303,331519.25692632166,332748.5552540217,8,7,8,4,4,4,13085.11336730863,11855.81503960857,3.9470145682115607,3.5629951963451165,40,81,success,18.64444201590959,,
11,Product-mix + seven-factor full factorial design,149,150,3,1,0,0,30,30,10,600,300,300,0.75,0.8,full,40,0,73,False,8,300.0,180.0,180.0,60.0,346045.89731569786,332896.7432428419,332748.5552540217,9,8,8,4,4,4,13149.154072855948,13297.342061676143,3.949919709266693,3.99621331233877,40,81,success,23.03974572091829,,
11,Product-mix + seven-factor full factorial design,150,151,3,1,0,0,30,30,10,600,300,600,0.5,0.8,full,40,0,73,False,8,300.0,180.0,180.0,60.0,344604.37029363035,331519.25692632166,332748.5552540217,8,7,8,4,4,4,13085.113367308688,11855.815039608628,3.9470145682115785,3.562995196345134,40,81,success,18.1989576369524,,
11,Product-mix + seven-factor full factorial design,151,152,3,1,0,0,30,30,10,600,300,600,0.75,0.8,full,40,0,73,False,8,300.0,180.0,180.0,60.0,346045.89731569786,332896.7432428419,332748.5552540217,9,8,8,4,4,4,13149.154072855948,13297.342061676143,3.949919709266693,3.99621331233877,40,81,success,23.84000973100774,,
11,Product-mix + seven-factor full factorial design,152,153,3,1,0,0,30,30,10,300,600,300,0.5,0.8,full,40,0,73,False,8,300.0,180.0,180.0,60.0,205235.77702107857,181670.5015573945,188214.4689227372,8,6,8,4,3,4,23565.275463684025,17021.308098341367,12.971437443981037,9.043570452242268,40,81,success,16.131515710032545,,
11,Product-mix + seven-factor full factorial design,153,154,3,1,0,0,30,30,10,300,600,300,0.75,0.8,full,40,0,73,False,8,300.0,180.0,180.0,60.0,205870.74116173555,188211.9494985467,188214.4689227372,8,8,8,4,4,4,17658.791663188866,17656.272238998354,9.382396659849285,9.380932475625094,40,81,success,17.91474223206751,,
11,Product-mix + seven-factor full factorial design,154,155,3,1,0,0,30,30,10,300,600,600,0.5,0.8,full,40,0,73,False,8,300.0,180.0,180.0,60.0,205235.77702107857,181670.5015573945,188214.4689227372,8,6,8,4,3,4,23565.275463684025,17021.308098341367,12.971437443981037,9.043570452242268,40,81,success,15.207794090965765,,
11,Product-mix + seven-factor full factorial design,155,156,3,1,0,0,30,30,10,300,600,600,0.75,0.8,full,40,0,73,False,8,300.0,180.0,180.0,60.0,205870.74116173555,188211.9494985467,188214.4689227372,8,8,8,4,4,4,17658.791663188866,17656.272238998354,9.382396659849285,9.380932475625094,40,81,success,19.003158204024658,,
11,Product-mix + seven-factor full factorial design,156,157,3,1,0,0,30,30,10,600,600,300,0.5,0.8,full,40,0,73,False,8,300.0,180.0,180.0,60.0,365148.4128843418,357163.3957914224,357143.80849545565,8,8,8,4,4,4,7985.017092919385,8004.604388886131,2.2356762162667154,2.241283258586291,40,81,success,17.89256300998386,,
11,Product-mix + seven-factor full factorial design,157,158,3,1,0,0,30,30,10,600,600,300,0.75,0.8,full,40,0,73,False,8,300.0,180.0,180.0,60.0,369936.45598402806,357142.9376268688,357143.80849545565,8,8,8,4,4,4,12793.51835715928,12792.647488572402,3.5821843327406144,3.5819317552960395,40,81,success,17.460335524054244,,
11,Product-mix + seven-factor full factorial design,158,159,3,1,0,0,30,30,10,600,600,600,0.5,0.8,full,40,0,73,False,8,300.0,180.0,180.0,60.0,365148.4128843418,357163.3957914224,357143.80849545565,8,8,8,4,4,4,7985.017092919385,8004.604388886131,2.2356762162667154,2.241283258586291,40,81,success,17.705224677105434,,
11,Product-mix + seven-factor full factorial design,159,160,3,1,0,0,30,30,10,600,600,600,0.75,0.8,full,40,0,73,False,8,300.0,180.0,180.0,60.0,369936.4559840284,357142.93762686994,357143.80849545565,8,8,8,4,4,4,12793.518357158464,12792.647488572751,3.582184332740375,3.5819317552961376,40,81,success,17.959967329981737,,
11,Product-mix + seven-factor full factorial design,160,161,3,1,0,0,15,30,25,300,300,300,0.5,0.8,full,40,0,73,False,8,300.0,180.0,180.0,60.0,112795.3752005485,104805.16972875706,73542.48022746792,8,6,8,3,3,4,7990.205471791443,39252.894973080576,7.623865781116181,53.37445086386919,40,81,success,13.930332808056846,,
11,Product-mix + seven-factor full factorial design,161,162,3,1,0,0,15,30,25,300,300,300,0.75,0.8,full,40,0,73,False,8,300.0,180.0,180.0,60.0,114749.22900355792,104805.16972875716,73542.48022746792,7,6,8,3,3,4,9944.059274800748,41206.74877609,9.488138133392312,56.03121984550554,40,81,success,18.47212294791825,,
11,Product-mix + seven-factor full factorial design,162,163,3,1,0,0,15,30,25,300,300,600,0.5,0.8,full,40,0,73,False,8,300.0,180.0,180.0,60.0,112795.3752005485,104805.16972875706,73542.48022746792,8,6,8,3,3,4,7990.205471791443,39252.894973080576,7.623865781116181,53.37445086386919,40,81,success,15.505297482013702,,
11,Product-mix + seven-factor full factorial design,163,164,3,1,0,0,15,30,25,300,300,600,0.75,0.8,full,40,0,73,False,8,300.0,180.0,180.0,60.0,114749.22900355792,104805.16972875706,73542.48022746792,7,6,8,3,3,4,9944.059274800864,41206.74877609,9.488138133392436,56.03121984550554,40,81,success,16.738615234964527,,
11,Product-mix + seven-factor full factorial design,164,165,3,1,0,0,15,30,25,600,300,300,0.5,0.8,full,40,0,73,False,8,300.0,180.0,180.0,60.0,216488.4221434752,197470.2626344933,166196.3913151699,9,6,8,3,3,4,19018.159508981887,50292.03082830532,9.630897966740168,30.26060339236428,40,81,success,20.45842551800888,,
11,Product-mix + seven-factor full factorial design,165,166,3,1,0,0,15,30,25,600,300,300,0.75,0.8,full,40,0,73,False,8,300.0,180.0,180.0,60.0,216609.2261905499,197470.2626344933,166196.3913151699,9,6,8,3,3,4,19138.96355605658,50412.83487538001,9.692073784031855,30.333290919523403,40,81,success,24.60296149796341,,
11,Product-mix + seven-factor full factorial design,166,167,3,1,0,0,15,30,25,600,300,600,0.5,0.8,full,40,0,73,False,8,300.0,180.0,180.0,60.0,216488.4221434752,197470.2626344933,166196.3913151699,9,6,8,3,3,4,19018.159508981887,50292.03082830532,9.630897966740168,30.26060339236428,40,81,success,22.13656047394033,,
11,Product-mix + seven-factor full factorial design,167,168,3,1,0,0,15,30,25,600,300,600,0.75,0.8,full,40,0,73,False,8,300.0,180.0,180.0,60.0,216609.2261905499,197470.2626344933,166196.3913151699,9,6,8,3,3,4,19138.96355605658,50412.83487538001,9.692073784031855,30.333290919523403,40,81,success,26.273040064028464,,
11,Product-mix + seven-factor full factorial design,168,169,3,1,0,0,15,30,25,300,600,300,0.5,0.8,full,40,0,73,False,8,300.0,180.0,180.0,60.0,159809.9843851662,143177.166673734,111914.47054765395,8,6,8,3,3,4,16632.817711432202,47895.51383751223,11.616948496637288,42.79653346268389,40,81,success,16.26640139601659,,
11,Product-mix + seven-factor full factorial design,169,170,3,1,0,0,15,30,25,300,600,300,0.75,0.8,full,40,0,73,False,8,300.0,180.0,180.0,60.0,160595.84252870813,143177.1666737336,111914.47054765395,8,6,8,3,3,4,17418.675854974543,48681.371981054166,12.165819634263,43.49872875494264,40,81,success,22.739943756023425,,
11,Product-mix + seven-factor full factorial design,170,171,3,1,0,0,15,30,25,300,600,600,0.5,0.8,full,40,0,73,False,8,300.0,180.0,180.0,60.0,159809.9843851662,143177.166673734,111914.47054765395,8,6,8,3,3,4,16632.817711432202,47895.51383751223,11.616948496637288,42.79653346268389,40,81,success,16.77664818998892,,
11,Product-mix + seven-factor full factorial design,171,172,3,1,0,0,15,30,25,300,600,600,0.75,0.8,full,40,0,73,False,8,300.0,180.0,180.0,60.0,160595.84252870813,143177.166673734,111914.47054765395,8,6,8,3,3,4,17418.675854974135,48681.371981054166,12.16581963426268,43.49872875494264,40,81,success,24.000211846083403,,
11,Product-mix + seven-factor full factorial design,172,173,3,1,0,0,15,30,25,600,600,300,0.5,0.8,full,40,0,73,False,8,300.0,180.0,180.0,60.0,248475.5095711099,233202.5823254556,204541.28427885775,9,6,8,3,3,4,15272.92724565434,43934.22529225212,6.5492101731273165,21.479392508533955,40,81,success,22.845370682072826,,
11,Product-mix + seven-factor full factorial design,173,174,3,1,0,0,15,30,25,600,600,300,0.75,0.8,full,40,0,73,False,8,300.0,180.0,180.0,60.0,255822.20428673463,233202.5823254556,204541.28427885775,10,6,8,4,3,4,22619.621961279103,51280.92000787688,9.699558956732028,25.07118315438165,40,81,success,27.109248816035688,,
11,Product-mix + seven-factor full factorial design,174,175,3,1,0,0,15,30,25,600,600,600,0.5,0.8,full,40,0,73,False,8,300.0,180.0,180.0,60.0,248475.5095711099,233202.5823254556,204541.28427885775,9,6,8,3,3,4,15272.92724565434,43934.22529225212,6.5492101731273165,21.479392508533955,40,81,success,26.0063870359445,,
11,Product-mix + seven-factor full factorial design,175,176,3,1,0,0,15,30,25,600,600,600,0.75,0.8,full,40,0,73,False,8,300.0,180.0,180.0,60.0,255822.20428673463,233202.5823254556,204541.2842788576,10,6,8,4,3,4,22619.621961279103,51280.92000787708,9.699558956732028,25.071183154381774,40,81,success,25.965149566996843,,
11,Product-mix + seven-factor full factorial design,176,177,3,1,0,0,30,30,25,300,300,300,0.5,0.8,full,40,0,73,False,8,300.0,180.0,180.0,60.0,157243.93756704946,142432.6528099383,149843.74233576676,7,3,8,4,3,4,14811.284757111163,7400.195231282705,10.39879863564382,4.9386081233212265,40,81,success,18.841350310016423,,
11,Product-mix + seven-factor full factorial design,177,178,3,1,0,0,30,30,25,300,300,300,0.75,0.8,full,40,0,73,False,8,300.0,180.0,180.0,60.0,159808.31376494543,149843.30690147344,149843.74233576687,8,8,8,4,4,4,9965.006863471994,9964.571429178555,6.650284933997279,6.649975016540992,40,81,success,23.613169969059527,,
11,Product-mix + seven-factor full factorial design,178,179,3,1,0,0,30,30,25,300,300,600,0.5,0.8,full,40,0,73,False,8,300.0,180.0,180.0,60.0,157243.93756704946,142432.6528099383,149843.74233576687,7,3,8,4,3,4,14811.284757111163,7400.195231282589,10.39879863564382,4.938608123321146,40,81,success,18.78670648101252,,
11,Product-mix + seven-factor full factorial design,179,180,3,1,0,0,30,30,25,300,300,600,0.75,0.8,full,40,0,73,False,8,300.0,180.0,180.0,60.0,159808.31376494543,149843.30690147344,149843.74233576687,8,8,8,4,4,4,9965.006863471994,9964.571429178555,6.650284933997279,6.649975016540992,40,81,success,23.980259179021232,,
11,Product-mix + seven-factor full factorial design,180,181,3,1,0,0,30,30,25,600,300,300,0.5,0.8,full,40,0,73,False,8,300.0,180.0,180.0,60.0,344604.3702936303,331519.2569263218,332748.5552540217,8,7,8,4,4,4,13085.113367308511,11855.81503960857,3.947014568211524,3.5629951963451165,40,81,success,18.210714466986246,,
11,Product-mix + seven-factor full factorial design,181,182,3,1,0,0,30,30,25,600,300,300,0.75,0.8,full,40,0,73,False,8,300.0,180.0,180.0,60.0,346045.89731569693,332896.743242842,332748.5552540217,9,8,8,4,4,4,13149.15407285496,13297.342061675212,3.9499197092663945,3.99621331233849,40,81,success,23.43681530095637,,
11,Product-mix + seven-factor full factorial design,182,183,3,1,0,0,30,30,25,600,300,600,0.5,0.8,full,40,0,73,False,8,300.0,180.0,180.0,60.0,344604.37029363035,331519.2569263218,332748.5552540217,8,7,8,4,4,4,13085.113367308571,11855.815039608628,3.9470145682115416,3.562995196345134,40,81,success,18.502823017071933,,
11,Product-mix + seven-factor full factorial design,183,184,3,1,0,0,30,30,25,600,300,600,0.75,0.8,full,40,0,73,False,8,300.0,180.0,180.0,60.0,346045.89731569693,332896.7432428419,332748.5552540217,9,8,8,4,4,4,13149.154072855015,13297.342061675212,3.9499197092664127,3.99621331233849,40,81,success,21.96676676091738,,
11,Product-mix + seven-factor full factorial design,184,185,3,1,0,0,30,30,25,300,600,300,0.5,0.8,full,40,0,73,False,8,300.0,180.0,180.0,60.0,205235.77702107857,181670.5015573945,188214.4689227372,8,6,8,4,3,4,23565.275463684025,17021.308098341367,12.971437443981037,9.043570452242268,40,81,success,15.046339873108082,,
11,Product-mix + seven-factor full factorial design,185,186,3,1,0,0,30,30,25,300,600,300,0.75,0.8,full,40,0,73,False,8,300.0,180.0,180.0,60.0,205870.74116173555,188211.9494985467,188214.4689227372,8,8,8,4,4,4,17658.791663188866,17656.272238998354,9.382396659849285,9.380932475625094,40,81,success,16.066271594027057,,
11,Product-mix + seven-factor full factorial design,186,187,3,1,0,0,30,30,25,300,600,600,0.5,0.8,full,40,0,73,False,8,300.0,180.0,180.0,60.0,205235.77702107857,181670.5015573945,188214.4689227372,8,6,8,4,3,4,23565.275463684025,17021.308098341367,12.971437443981037,9.043570452242268,40,81,success,14.993800705997272,,
11,Product-mix + seven-factor full factorial design,187,188,3,1,0,0,30,30,25,300,600,600,0.75,0.8,full,40,0,73,False,8,300.0,180.0,180.0,60.0,205870.74116173555,188211.9494985467,188214.4689227372,8,8,8,4,4,4,17658.791663188866,17656.272238998354,9.382396659849285,9.380932475625094,40,81,success,15.874544274061918,,
11,Product-mix + seven-factor full factorial design,188,189,3,1,0,0,30,30,25,600,600,300,0.5,0.8,full,40,0,73,False,8,300.0,180.0,180.0,60.0,365148.4128843418,357163.3957914224,357143.80849545565,8,8,8,4,4,4,7985.017092919385,8004.604388886131,2.2356762162667154,2.241283258586291,40,81,success,18.063240759074688,,
11,Product-mix + seven-factor full factorial design,189,190,3,1,0,0,30,30,25,600,600,300,0.75,0.8,full,40,0,73,False,8,300.0,180.0,180.0,60.0,369936.4559840284,357142.9376268688,357143.80849545565,8,8,8,4,4,4,12793.518357159628,12792.647488572751,3.582184332740712,3.5819317552961376,40,81,success,17.500184613047168,,
11,Product-mix + seven-factor full factorial design,190,191,3,1,0,0,30,30,25,600,600,600,0.5,0.8,full,40,0,73,False,8,300.0,180.0,180.0,60.0,365148.4128843418,357163.3957914224,357143.80849545565,8,8,8,4,4,4,7985.017092919385,8004.604388886131,2.2356762162667154,2.241283258586291,40,81,success,18.51198407402262,,
11,Product-mix + seven-factor full factorial design,191,192,3,1,0,0,30,30,25,600,600,600,0.75,0.8,full,40,0,73,False,8,300.0,180.0,180.0,60.0,369936.45598402806,357142.9376268688,357143.80849545565,8,8,8,4,4,4,12793.51835715928,12792.647488572402,3.5821843327406144,3.5819317552960395,40,81,success,17.854819457046688,,
11,Product-mix + seven-factor full factorial design,192,193,3,1,0,0,15,60,10,300,300,300,0.5,0.8,full,40,0,73,False,8,300.0,180.0,180.0,60.0,121122.54871477703,115166.74983791808,102569.67112403685,9,6,8,3,3,4,5955.798876858957,18552.877590740216,5.171456939820697,18.08807358688354,40,81,success,14.05828262399882,,
11,Product-mix + seven-factor full factorial design,193,194,3,1,0,0,15,60,10,300,300,300,0.75,0.8,full,40,0,73,False,8,300.0,180.0,180.0,60.0,134242.3955127926,115166.74983791808,102569.67112403685,9,6,8,4,3,4,19075.64567487451,31672.72438875577,16.563500925155004,30.87922973883201,40,81,success,28.862513619009405,,
11,Product-mix + seven-factor full factorial design,194,195,3,1,0,0,15,60,10,300,300,600,0.5,0.8,full,40,0,73,False,8,300.0,180.0,180.0,60.0,121122.54871477668,115166.74983791808,102569.67112403685,9,6,8,3,3,4,5955.798876858578,18552.87759073984,5.171456939820369,18.08807358688317,40,81,success,13.35176800796762,,
11,Product-mix + seven-factor full factorial design,195,196,3,1,0,0,15,60,10,300,300,600,0.75,0.8,full,40,0,73,False,8,300.0,180.0,180.0,60.0,134242.3955127926,115166.74983791808,102569.67112403685,9,6,8,4,3,4,19075.64567487451,31672.72438875577,16.563500925155004,30.87922973883201,40,81,success,29.453952303971164,,
11,Product-mix + seven-factor full factorial design,196,197,3,1,0,0,15,60,10,600,300,300,0.5,0.8,full,40,0,73,False,8,300.0,180.0,180.0,60.0,224505.81319550367,207831.8427436538,194665.4221208709,9,6,8,3,3,4,16673.97045184992,29840.39107463279,8.02281798194712,15.329066019801092,40,81,success,33.18602976296097,,
11,Product-mix + seven-factor full factorial design,197,198,3,1,0,0,15,60,10,600,300,300,0.75,0.8,full,40,0,73,False,8,300.0,180.0,180.0,60.0,241791.4226065004,207831.8427436538,194665.4221208709,12,6,8,4,3,4,33959.57986284656,47126.00048562943,16.339931078190624,24.20871666482613,40,81,success,29.870747067965567,,
11,Product-mix + seven-factor full factorial design,198,199,3,1,0,0,15,60,10,600,300,600,0.5,0.8,full,40,0,73,False,8,300.0,180.0,180.0,60.0,224505.81319550367,207831.8427436538,194665.4221208709,9,6,8,3,3,4,16673.97045184992,29840.39107463279,8.02281798194712,15.329066019801092,40,81,success,32.85032731096726,,
11,Product-mix + seven-factor full factorial design,199,200,3,1,0,0,15,60,10,600,300,600,0.75,0.8,full,40,0,73,False,8,300.0,180.0,180.0,60.0,241791.4226065004,207831.8427436538,194665.4221208709,12,6,8,4,3,4,33959.57986284656,47126.00048562943,16.339931078190624,24.20871666482613,40,81,success,32.431511012953706,,
11,Product-mix + seven-factor full factorial design,200,201,3,1,0,0,15,60,10,300,600,300,0.5,0.8,full,40,0,73,False,8,300.0,180.0,180.0,60.0,208759.08829370784,191898.5028009897,170942.2992659601,9,6,8,3,3,4,16860.58549271818,37816.78902774776,8.786199603758048,22.122546139917432,40,81,success,13.475758517044596,,
11,Product-mix + seven-factor full factorial design,201,202,3,1,0,0,15,60,10,300,600,300,0.75,0.8,full,40,0,73,False,8,300.0,180.0,180.0,60.0,231822.7025775276,191898.5028009897,170942.2992659601,10,6,8,4,3,4,39924.19977653792,60880.4033115675,20.804852145168493,35.61459251045108,40,81,success,25.962999843992293,,
11,Product-mix + seven-factor full factorial design,202,203,3,1,0,0,15,60,10,300,600,600,0.5,0.8,full,40,0,73,False,8,300.0,180.0,180.0,60.0,208759.08829370784,191898.5028009897,170942.2992659601,9,6,8,3,3,4,16860.58549271818,37816.78902774776,8.786199603758048,22.122546139917432,40,81,success,14.032019330072217,,
11,Product-mix + seven-factor full factorial design,203,204,3,1,0,0,15,60,10,300,600,600,0.75,0.8,full,40,0,73,False,8,300.0,180.0,180.0,60.0,231822.7025775276,191898.5028009897,170942.2992659601,10,6,8,4,3,4,39924.19977653792,60880.4033115675,20.804852145168493,35.61459251045108,40,81,success,24.87134258798324,,
11,Product-mix + seven-factor full factorial design,204,205,3,1,0,0,15,60,10,600,600,300,0.5,0.8,full,40,0,73,False,8,300.0,180.0,180.0,60.0,308443.81441269035,253925.74254377763,262595.6660719956,11,6,8,4,3,4,54518.07186891272,45848.14834069478,21.47008464866993,17.459598258611262,40,81,success,22.805627559078857,,
11,Product-mix + seven-factor full factorial design,205,206,3,1,0,0,15,60,10,600,600,300,0.75,0.8,full,40,0,73,False,8,300.0,180.0,180.0,60.0,318003.4271429008,273731.90415648604,262595.6660719956,10,7,8,4,4,4,44271.522986414726,55407.7610709052,16.173314953124994,21.100028762742078,40,81,success,22.122459703939967,,
11,Product-mix + seven-factor full factorial design,206,207,3,1,0,0,15,60,10,600,600,600,0.5,0.8,full,40,0,73,False,8,300.0,180.0,180.0,60.0,308443.81441269035,253925.74254377763,262595.6660719956,11,6,8,4,3,4,54518.07186891272,45848.14834069478,21.47008464866993,17.459598258611262,40,81,success,20.759673740016297,,
11,Product-mix + seven-factor full factorial design,207,208,3,1,0,0,15,60,10,600,600,600,0.75,0.8,full,40,0,73,False,8,300.0,180.0,180.0,60.0,318003.4271429008,273731.90415648604,262595.6660719956,10,7,8,4,4,4,44271.522986414726,55407.7610709052,16.173314953124994,21.100028762742078,40,81,success,21.088662986061536,,
11,Product-mix + seven-factor full factorial design,208,209,3,1,0,0,30,60,10,300,300,300,0.5,0.8,full,40,0,73,False,8,300.0,180.0,180.0,60.0,160157.51485458223,142432.6528099383,151160.1502822125,8,3,8,4,3,4,17724.86204464393,8997.364572369726,12.44438104252396,5.952206686465881,40,81,success,13.222469246946275,,
11,Product-mix + seven-factor full factorial design,209,210,3,1,0,0,30,60,10,300,300,300,0.75,0.8,full,40,0,73,False,8,300.0,180.0,180.0,60.0,161424.93978936167,151160.15028221253,151160.15028221245,8,8,8,4,4,4,10264.789507149137,10264.789507149224,6.790671673708322,6.790671673708383,40,81,success,16.472570949001238,,
11,Product-mix + seven-factor full factorial design,210,211,3,1,0,0,30,60,10,300,300,600,0.5,0.8,full,40,0,73,False,8,300.0,180.0,180.0,60.0,160157.51485458223,142432.6528099383,151160.15028221245,8,3,8,4,3,4,17724.86204464393,8997.364572369785,12.44438104252396,5.952206686465921,40,81,success,14.313165159081109,,
11,Product-mix + seven-factor full factorial design,211,212,3,1,0,0,30,60,10,300,300,600,0.75,0.8,full,40,0,73,False,8,300.0,180.0,180.0,60.0,161424.93978936167,151160.15028221265,151160.15028221245,8,8,8,4,4,4,10264.78950714902,10264.789507149224,6.79067167370824,6.790671673708383,40,81,success,15.984512877999803,,
11,Product-mix + seven-factor full factorial design,212,213,3,1,0,0,30,60,10,600,300,300,0.5,0.8,full,40,0,73,False,8,300.0,180.0,180.0,60.0,345533.60046508454,333601.6366664259,333379.4295917629,8,8,8,4,4,4,11931.963798658631,12154.170873321593,3.5767102097852144,3.645747096095546,40,81,success,17.778861762024462,,
11,Product-mix + seven-factor full factorial design,213,214,3,1,0,0,30,60,10,600,300,300,0.75,0.8,full,40,0,73,False,8,300.0,180.0,180.0,60.0,347558.4261980851,334214.60409099987,333379.42959176324,10,10,8,4,4,4,13343.8221070852,14178.99660632183,3.9925909711150593,4.25311082440947,40,81,success,21.19245277205482,,
11,Product-mix + seven-factor full factorial design,214,215,3,1,0,0,30,60,10,600,300,600,0.5,0.8,full,40,0,73,False,8,300.0,180.0,180.0,60.0,345533.60046508454,333601.6366664259,333379.4295917629,8,8,8,4,4,4,11931.963798658631,12154.170873321593,3.5767102097852144,3.645747096095546,40,81,success,17.111512336996384,,
11,Product-mix + seven-factor full factorial design,215,216,3,1,0,0,30,60,10,600,300,600,0.75,0.8,full,40,0,73,False,8,300.0,180.0,180.0,60.0,347558.4261980851,334214.60409099987,333379.4295917629,10,10,8,4,4,4,13343.8221070852,14178.996606322122,3.9925909711150593,4.253110824409561,40,81,success,19.772951880004257,,
11,Product-mix + seven-factor full factorial design,216,217,3,1,0,0,30,60,10,300,600,300,0.5,0.8,full,40,0,73,False,8,300.0,180.0,180.0,60.0,246487.4109456672,220009.1341984253,219534.8932512673,9,6,8,4,3,4,26478.27674724188,26952.517694399867,12.035080654133766,12.277099687998811,40,81,success,7.546353126992471,,
11,Product-mix + seven-factor full factorial design,217,218,3,1,0,0,30,60,10,300,600,300,0.75,0.8,full,40,0,73,False,8,300.0,180.0,180.0,60.0,248631.57028914453,226904.14417216496,219534.8932512673,8,9,8,4,4,4,21727.426116979565,29096.677037877205,9.575596865473615,13.25378239739538,40,81,success,7.100617385003716,,
11,Product-mix + seven-factor full factorial design,218,219,3,1,0,0,30,60,10,300,600,600,0.5,0.8,full,40,0,73,False,8,300.0,180.0,180.0,60.0,246487.4109456672,220009.13419842563,219534.89325126685,9,6,8,4,3,4,26478.27674724156,26952.51769440033,12.035080654133605,12.277099687999051,40,81,success,8.13504687603563,,
11,Product-mix + seven-factor full factorial design,219,220,3,1,0,0,30,60,10,300,600,600,0.75,0.8,full,40,0,73,False,8,300.0,180.0,180.0,60.0,248631.57028914453,226904.14417216496,219534.89325126685,8,9,8,4,4,4,21727.426116979565,29096.67703787767,9.575596865473615,13.25378239739562,40,81,success,7.267905186046846,,
11,Product-mix + seven-factor full factorial design,220,221,3,1,0,0,30,60,10,600,600,300,0.5,0.8,full,40,0,73,False,8,300.0,180.0,180.0,60.0,368579.14555414673,359776.62438834633,359776.6243883469,8,8,8,4,4,4,8802.521165800397,8802.521165799815,2.4466628927784013,2.446662892778236,40,81,success,11.2883242740063,,
11,Product-mix + seven-factor full factorial design,221,222,3,1,0,0,30,60,10,600,600,300,0.75,0.8,full,40,0,73,False,8,300.0,180.0,180.0,60.0,373158.1735634663,359776.6243883472,359776.6243883468,8,8,8,4,4,4,13381.549175119086,13381.549175119491,3.7194048384518954,3.7194048384520126,40,81,success,12.157313323928976,,
11,Product-mix + seven-factor full factorial design,222,223,3,1,0,0,30,60,10,600,600,600,0.5,0.8,full,40,0,73,False,8,300.0,180.0,180.0,60.0,368579.14555414673,359776.62438834633,359776.6243883469,8,8,8,4,4,4,8802.521165800397,8802.521165799815,2.4466628927784013,2.446662892778236,40,81,success,11.759704811964184,,
11,Product-mix + seven-factor full factorial design,223,224,3,1,0,0,30,60,10,600,600,600,0.75,0.8,full,40,0,73,False,8,300.0,180.0,180.0,60.0,373158.1735634663,359776.6243883472,359776.6243883469,8,8,8,4,4,4,13381.549175119086,13381.549175119377,3.7194048384518954,3.7194048384519776,40,81,success,12.598294005030766,,
11,Product-mix + seven-factor full factorial design,224,225,3,1,0,0,15,60,25,300,300,300,0.5,0.8,full,40,0,73,False,8,300.0,180.0,180.0,60.0,121122.54871477668,115166.74983791808,102569.67112403685,9,6,8,3,3,4,5955.798876858578,18552.87759073984,5.171456939820369,18.08807358688317,40,81,success,14.203896026941948,,
11,Product-mix + seven-factor full factorial design,225,226,3,1,0,0,15,60,25,300,300,300,0.75,0.8,full,40,0,73,False,8,300.0,180.0,180.0,60.0,134242.3955127926,115166.74983791808,102569.67112403685,9,6,8,4,3,4,19075.64567487451,31672.72438875577,16.563500925155004,30.87922973883201,40,81,success,30.57064529391937,,
11,Product-mix + seven-factor full factorial design,226,227,3,1,0,0,15,60,25,300,300,600,0.5,0.8,full,40,0,73,False,8,300.0,180.0,180.0,60.0,121122.54871477668,115166.74983791808,102569.67112403685,9,6,8,3,3,4,5955.798876858578,18552.87759073984,5.171456939820369,18.08807358688317,40,81,success,13.631154819042422,,
11,Product-mix + seven-factor full factorial design,227,228,3,1,0,0,15,60,25,300,300,600,0.75,0.8,full,40,0,73,False,8,300.0,180.0,180.0,60.0,134242.3955127926,115166.74983791808,102569.67112403685,9,6,8,4,3,4,19075.64567487451,31672.72438875577,16.563500925155004,30.87922973883201,40,81,success,30.86071122996509,,
11,Product-mix + seven-factor full factorial design,228,229,3,1,0,0,15,60,25,600,300,300,0.5,0.8,full,40,0,73,False,8,300.0,180.0,180.0,60.0,224505.81319550367,207831.8427436538,194665.4221208709,9,6,8,3,3,4,16673.97045184992,29840.39107463279,8.02281798194712,15.329066019801092,40,81,success,35.87191065005027,,
11,Product-mix + seven-factor full factorial design,229,230,3,1,0,0,15,60,25,600,300,300,0.75,0.8,full,40,0,73,False,8,300.0,180.0,180.0,60.0,241791.4226065004,207831.8427436538,194665.4221208709,12,6,8,4,3,4,33959.57986284656,47126.00048562943,16.339931078190624,24.20871666482613,40,81,success,31.65786353801377,,
11,Product-mix + seven-factor full factorial design,230,231,3,1,0,0,15,60,25,600,300,600,0.5,0.8,full,40,0,73,False,8,300.0,180.0,180.0,60.0,224505.81319550367,207831.8427436538,194665.4221208709,9,6,8,3,3,4,16673.97045184992,29840.39107463279,8.02281798194712,15.329066019801092,40,81,success,32.434800132061355,,
11,Product-mix + seven-factor full factorial design,231,232,3,1,0,0,15,60,25,600,300,600,0.75,0.8,full,40,0,73,False,8,300.0,180.0,180.0,60.0,241791.4226065004,207831.8427436538,194665.4221208709,12,6,8,4,3,4,33959.57986284656,47126.00048562943,16.339931078190624,24.20871666482613,40,81,success,29.721197047969326,,
11,Product-mix + seven-factor full factorial design,232,233,3,1,0,0,15,60,25,300,600,300,0.5,0.8,full,40,0,73,False,8,300.0,180.0,180.0,60.0,208759.08829370784,191898.50280098984,170942.2992659601,9,6,8,3,3,4,16860.585492718004,37816.78902774776,8.786199603757948,22.122546139917432,40,81,success,14.071355544030666,,
11,Product-mix + seven-factor full factorial design,233,234,3,1,0,0,15,60,25,300,600,300,0.75,0.8,full,40,0,73,False,8,300.0,180.0,180.0,60.0,231822.7025775276,191898.5028009897,170942.29926595988,10,6,8,4,3,4,39924.19977653792,60880.4033115677,20.804852145168493,35.614592510451246,40,81,success,27.536402230034582,,
11,Product-mix + seven-factor full factorial design,234,235,3,1,0,0,15,60,25,300,600,600,0.5,0.8,full,40,0,73,False,8,300.0,180.0,180.0,60.0,208759.08829370784,191898.5028009897,170942.2992659601,9,6,8,3,3,4,16860.58549271818,37816.78902774776,8.786199603758048,22.122546139917432,40,81,success,14.188092010095716,,
11,Product-mix + seven-factor full factorial design,235,236,3,1,0,0,15,60,25,300,600,600,0.75,0.8,full,40,0,73,False,8,300.0,180.0,180.0,60.0,231822.7025775276,191898.5028009897,170942.2992659601,10,6,8,4,3,4,39924.19977653792,60880.4033115675,20.804852145168493,35.61459251045108,40,81,success,25.48996352602262,,
11,Product-mix + seven-factor full factorial design,236,237,3,1,0,0,15,60,25,600,600,300,0.5,0.8,full,40,0,73,False,8,300.0,180.0,180.0,60.0,308443.81441269035,253925.74254377763,262595.6660719956,11,6,8,4,3,4,54518.07186891272,45848.14834069478,21.47008464866993,17.459598258611262,40,81,success,20.943585152039304,,
11,Product-mix + seven-factor full factorial design,237,238,3,1,0,0,15,60,25,600,600,300,0.75,0.8,full,40,0,73,False,8,300.0,180.0,180.0,60.0,318003.4271429008,273731.90415648604,262595.6660719956,10,7,8,4,4,4,44271.522986414726,55407.7610709052,16.173314953124994,21.100028762742078,40,81,success,23.27821613405831,,
11,Product-mix + seven-factor full factorial design,238,239,3,1,0,0,15,60,25,600,600,600,0.5,0.8,full,40,0,73,False,8,300.0,180.0,180.0,60.0,308443.81441269035,253925.74254377763,262595.6660719956,11,6,8,4,3,4,54518.07186891272,45848.14834069478,21.47008464866993,17.459598258611262,40,81,success,22.86082760302816,,
11,Product-mix + seven-factor full factorial design,239,240,3,1,0,0,15,60,25,600,600,600,0.75,0.8,full,40,0,73,False,8,300.0,180.0,180.0,60.0,318003.4271429008,273731.90415648604,262595.6660719956,10,7,8,4,4,4,44271.522986414726,55407.7610709052,16.173314953124994,21.100028762742078,40,81,success,21.8667002459988,,
11,Product-mix + seven-factor full factorial design,240,241,3,1,0,0,30,60,25,300,300,300,0.5,0.8,full,40,0,73,False,8,300.0,180.0,180.0,60.0,160157.51485458223,142432.6528099383,151160.15028221245,8,3,8,4,3,4,17724.86204464393,8997.364572369785,12.44438104252396,5.952206686465921,40,81,success,13.47334876190871,,
11,Product-mix + seven-factor full factorial design,241,242,3,1,0,0,30,60,25,300,300,300,0.75,0.8,full,40,0,73,False,8,300.0,180.0,180.0,60.0,161424.93978936167,151160.15028221253,151160.15028221245,8,8,8,4,4,4,10264.789507149137,10264.789507149224,6.790671673708322,6.790671673708383,40,81,success,16.08867359603755,,
11,Product-mix + seven-factor full factorial design,242,243,3,1,0,0,30,60,25,300,300,600,0.5,0.8,full,40,0,73,False,8,300.0,180.0,180.0,60.0,160157.51485458223,142432.6528099383,151160.15028221245,8,3,8,4,3,4,17724.86204464393,8997.364572369785,12.44438104252396,5.952206686465921,40,81,success,13.08774473599624,,
11,Product-mix + seven-factor full factorial design,243,244,3,1,0,0,30,60,25,300,300,600,0.75,0.8,full,40,0,73,False,8,300.0,180.0,180.0,60.0,161424.93978936167,151160.15028221265,151160.1502822125,8,8,8,4,4,4,10264.78950714902,10264.789507149166,6.79067167370824,6.790671673708343,40,81,success,16.633939430001192,,
11,Product-mix + seven-factor full factorial design,244,245,3,1,0,0,30,60,25,600,300,300,0.5,0.8,full,40,0,73,False,8,300.0,180.0,180.0,60.0,345533.60046508454,333601.6366664259,333379.4295917629,8,8,8,4,4,4,11931.963798658631,12154.170873321593,3.5767102097852144,3.645747096095546,40,81,success,18.559727635001764,,
11,Product-mix + seven-factor full factorial design,245,246,3,1,0,0,30,60,25,600,300,300,0.75,0.8,full,40,0,73,False,8,300.0,180.0,180.0,60.0,347558.4261980851,334214.60409099987,333379.4295917629,10,10,8,4,4,4,13343.8221070852,14178.996606322122,3.9925909711150593,4.253110824409561,40,81,success,21.807979900040664,,
11,Product-mix + seven-factor full factorial design,246,247,3,1,0,0,30,60,25,600,300,600,0.5,0.8,full,40,0,73,False,8,300.0,180.0,180.0,60.0,345533.60046508454,333601.6366664257,333379.4295917629,8,8,8,4,4,4,11931.963798658864,12154.170873321593,3.5767102097852868,3.645747096095546,40,81,success,17.415349012007937,,
11,Product-mix + seven-factor full factorial design,247,248,3,1,0,0,30,60,25,600,300,600,0.75,0.8,full,40,0,73,False,8,300.0,180.0,180.0,60.0,347558.4261980851,334214.60409099987,333379.4295917629,10,10,8,4,4,4,13343.8221070852,14178.996606322122,3.9925909711150593,4.253110824409561,40,81,success,20.943111338070597,,
11,Product-mix + seven-factor full factorial design,248,249,3,1,0,0,30,60,25,300,600,300,0.5,0.8,full,40,0,73,False,8,300.0,180.0,180.0,60.0,246487.4109456672,220009.13419842563,219534.89325126685,9,6,8,4,3,4,26478.27674724156,26952.51769440033,12.035080654133605,12.277099687999051,40,81,success,8.53629117703531,,
11,Product-mix + seven-factor full factorial design,249,250,3,1,0,0,30,60,25,300,600,300,0.75,0.8,full,40,0,73,False,8,300.0,180.0,180.0,60.0,248631.57028914423,226904.14417216496,219534.8932512673,8,9,8,4,4,4,21727.426116979277,29096.677037876914,9.57559686547349,13.253782397395248,40,81,success,6.756142769008875,,
11,Product-mix + seven-factor full factorial design,250,251,3,1,0,0,30,60,25,300,600,600,0.5,0.8,full,40,0,73,False,8,300.0,180.0,180.0,60.0,246487.4109456672,220009.1341984253,219534.89325126685,9,6,8,4,3,4,26478.27674724188,26952.51769440033,12.035080654133766,12.277099687999051,40,81,success,9.082344738999382,,
11,Product-mix + seven-factor full factorial design,251,252,3,1,0,0,30,60,25,300,600,600,0.75,0.8,full,40,0,73,False,8,300.0,180.0,180.0,60.0,248631.57028914453,226904.14417216496,219534.8932512673,8,9,8,4,4,4,21727.426116979565,29096.677037877205,9.575596865473615,13.25378239739538,40,81,success,7.492852424969897,,
11,Product-mix + seven-factor full factorial design,252,253,3,1,0,0,30,60,25,600,600,300,0.5,0.8,full,40,0,73,False,8,300.0,180.0,180.0,60.0,368579.14555414673,359776.62438834633,359776.6243883469,8,8,8,4,4,4,8802.521165800397,8802.521165799815,2.4466628927784013,2.446662892778236,40,81,success,11.482724727015013,,
11,Product-mix + seven-factor full factorial design,253,254,3,1,0,0,30,60,25,600,600,300,0.75,0.8,full,40,0,73,False,8,300.0,180.0,180.0,60.0,373158.1735634663,359776.624388347,359776.6243883468,8,8,8,4,4,4,13381.54917511932,13381.549175119491,3.719404838451962,3.7194048384520126,40,81,success,12.513313420000486,,
11,Product-mix + seven-factor full factorial design,254,255,3,1,0,0,30,60,25,600,600,600,0.5,0.8,full,40,0,73,False,8,300.0,180.0,180.0,60.0,368579.14555414673,359776.624388347,359776.6243883468,8,8,8,4,4,4,8802.521165799757,8802.521165799932,2.446662892778219,2.4466628927782685,40,81,success,12.298956240992991,,
11,Product-mix + seven-factor full factorial design,255,256,3,1,0,0,30,60,25,600,600,600,0.75,0.8,full,40,0,73,False,8,300.0,180.0,180.0,60.0,373158.1735634663,359776.6243883472,359776.6243883469,8,8,8,4,4,4,13381.549175119086,13381.549175119377,3.7194048384518954,3.7194048384519776,40,81,success,11.87978117808234,,
11,Product-mix + seven-factor full factorial design,256,257,3,0,1,1,15,30,10,300,300,300,0.5,0.8,full,40,0,73,False,8,300.0,180.0,180.0,60.0,105331.88814700925,94334.30029835246,85701.80055956438,9,5,8,4,3,4,10997.587848656782,19630.08758744487,11.658100832756007,22.905105212814732,40,81,success,27.937587033957243,,
11,Product-mix + seven-factor full factorial design,257,258,3,0,1,1,15,30,10,300,300,300,0.75,0.8,full,40,0,73,False,8,300.0,180.0,180.0,60.0,105331.88814700925,94334.30029835246,85701.80055956438,9,5,8,4,3,4,10997.587848656782,19630.08758744487,11.658100832756007,22.905105212814732,40,81,success,29.916435363003984,,
11,Product-mix + seven-factor full factorial design,258,259,3,0,1,1,15,30,10,300,300,600,0.5,0.8,full,40,0,73,False,8,300.0,180.0,180.0,60.0,134581.71876100893,118827.3317761038,110194.83203731292,9,5,8,4,3,4,15754.38698490514,24386.88672369602,13.258218247793184,22.130699119754013,40,81,success,24.569361706031486,,
11,Product-mix + seven-factor full factorial design,259,260,3,0,1,1,15,30,10,300,300,600,0.75,0.8,full,40,0,73,False,8,300.0,180.0,180.0,60.0,134581.71876100893,118827.3317761038,110194.83203731292,9,5,8,4,3,4,15754.38698490514,24386.88672369602,13.258218247793184,22.130699119754013,40,81,success,24.49558378499933,,
11,Product-mix + seven-factor full factorial design,260,261,3,0,1,1,15,30,10,600,300,300,0.5,0.8,full,40,0,73,False,8,300.0,180.0,180.0,60.0,217383.82204239245,187009.6190427729,178366.89346530064,10,5,8,4,3,4,30374.202999619563,39016.92857709181,16.242053833964746,21.874535021086817,40,81,success,30.555833952035755,,
11,Product-mix + seven-factor full factorial design,261,262,3,0,1,1,15,30,10,600,300,300,0.75,0.8,full,40,0,73,False,8,300.0,180.0,180.0,60.0,217383.82204239245,187009.6190427731,178366.89346530064,10,5,8,4,3,4,30374.20299961936,39016.92857709181,16.24205383396462,21.874535021086817,40,81,success,30.78315618797205,,
11,Product-mix + seven-factor full factorial design,262,263,3,0,1,1,15,30,10,600,300,600,0.5,0.8,full,40,0,73,False,8,300.0,180.0,180.0,60.0,239257.13017017592,211260.8434646464,202859.9249430507,10,5,8,4,3,4,27996.28670552955,36397.20522712523,13.25199987200402,17.942038200666346,40,81,success,26.463678110041656,,
11,Product-mix + seven-factor full factorial design,263,264,3,0,1,1,15,30,10,600,300,600,0.75,0.8,full,40,0,73,False,8,300.0,180.0,180.0,60.0,239257.13017017592,211260.8434646464,202859.9249430507,10,5,8,4,3,4,27996.28670552955,36397.20522712523,13.25199987200402,17.942038200666346,40,81,success,24.244371250038967,,
11,Product-mix + seven-factor full factorial design,264,265,3,0,1,1,15,30,10,300,600,300,0.5,0.8,full,40,0,73,False,8,300.0,180.0,180.0,60.0,105331.88814700925,94334.30029835246,85701.80055956438,9,5,8,4,3,4,10997.587848656782,19630.08758744487,11.658100832756007,22.905105212814732,40,81,success,30.339615436038,,
11,Product-mix + seven-factor full factorial design,265,266,3,0,1,1,15,30,10,300,600,300,0.75,0.8,full,40,0,73,False,8,300.0,180.0,180.0,60.0,105331.88814700925,94334.30029835246,85701.80055956438,9,5,8,4,3,4,10997.587848656782,19630.08758744487,11.658100832756007,22.905105212814732,40,81,success,29.524838877026923,,
11,Product-mix + seven-factor full factorial design,266,267,3,0,1,1,15,30,10,300,600,600,0.5,0.8,full,40,0,73,False,8,300.0,180.0,180.0,60.0,134581.71876100893,118827.3317761038,110194.83203731292,9,5,8,4,3,4,15754.38698490514,24386.88672369602,13.258218247793184,22.130699119754013,40,81,success,26.60273943690117,,
11,Product-mix + seven-factor full factorial design,267,268,3,0,1,1,15,30,10,300,600,600,0.75,0.8,full,40,0,73,False,8,300.0,180.0,180.0,60.0,134581.71876100893,118827.3317761038,110194.83203731292,9,5,8,4,3,4,15754.38698490514,24386.88672369602,13.258218247793184,22.130699119754013,40,81,success,23.836463696090505,,
11,Product-mix + seven-factor full factorial design,268,269,3,0,1,1,15,30,10,600,600,300,0.5,0.8,full,40,0,73,False,8,300.0,180.0,180.0,60.0,217383.82204239245,187009.6190427731,178366.89346530064,10,5,8,4,3,4,30374.20299961936,39016.92857709181,16.24205383396462,21.874535021086817,40,81,success,26.837318361969665,,
11,Product-mix + seven-factor full factorial design,269,270,3,0,1,1,15,30,10,600,600,300,0.75,0.8,full,40,0,73,False,8,300.0,180.0,180.0,60.0,217383.82204239245,187009.6190427729,178366.89346530064,10,5,8,4,3,4,30374.202999619563,39016.92857709181,16.242053833964746,21.874535021086817,40,81,success,30.651736582047302,,
11,Product-mix + seven-factor full factorial design,270,271,3,0,1,1,15,30,10,600,600,600,0.5,0.8,full,40,0,73,False,8,300.0,180.0,180.0,60.0,239257.13017017592,211260.8434646464,202859.9249430507,10,5,8,4,3,4,27996.28670552955,36397.20522712523,13.25199987200402,17.942038200666346,40,81,success,26.877419081982225,,
11,Product-mix + seven-factor full factorial design,271,272,3,0,1,1,15,30,10,600,600,600,0.75,0.8,full,40,0,73,False,8,300.0,180.0,180.0,60.0,239257.13017017592,211260.8434646464,202859.9249430507,10,5,8,4,3,4,27996.28670552955,36397.20522712523,13.25199987200402,17.942038200666346,40,81,success,27.048736733966507,,
11,Product-mix + seven-factor full factorial design,272,273,3,0,1,1,30,30,10,300,300,300,0.5,0.8,full,40,0,73,False,8,300.0,180.0,180.0,60.0,180258.6341927717,179743.43430698657,178911.89329463232,7,7,8,4,4,4,515.199885785114,1346.7408981393671,0.2866307121433967,0.7527397275493323,40,81,success,10.616430738940837,,
11,Product-mix + seven-factor full factorial design,273,274,3,0,1,1,30,30,10,300,300,300,0.75,0.8,full,40,0,73,False,8,300.0,180.0,180.0,60.0,180258.6341927717,179743.43430698657,178911.89329463232,7,7,8,4,4,4,515.199885785114,1346.7408981393671,0.2866307121433967,0.7527397275493323,40,81,success,10.215792888076976,,
11,Product-mix + seven-factor full factorial design,274,275,3,0,1,1,30,30,10,300,300,600,0.5,0.8,full,40,0,73,False,8,300.0,180.0,180.0,60.0,215651.88862706345,215129.05731404485,215107.29060180628,8,8,8,4,4,4,522.8313130186289,544.5980252571753,0.2430314712230626,0.2531750661419015,40,81,success,13.3720469790278,,
11,Product-mix + seven-factor full factorial design,275,276,3,0,1,1,30,30,10,300,300,600,0.75,0.8,full,40,0,73,False,8,300.0,180.0,180.0,60.0,215651.88862706345,215129.05731404485,215107.29060180628,8,8,8,4,4,4,522.8313130186289,544.5980252571753,0.2430314712230626,0.2531750661419015,40,81,success,13.352812777971849,,
11,Product-mix + seven-factor full factorial design,276,277,3,0,1,1,30,30,10,600,300,300,0.5,0.8,full,40,0,73,False,8,300.0,180.0,180.0,60.0,364122.46456118085,364122.46456118097,363599.10392682056,7,7,8,4,4,4,-1.1641532182693479e-10,523.3606343602878,-3.197147475293284e-14,0.1439389230358558,40,81,success,21.34453353798017,,
11,Product-mix + seven-factor full factorial design,277,278,3,0,1,1,30,30,10,600,300,300,0.75,0.8,full,40,0,73,False,8,300.0,180.0,180.0,60.0,364122.46456118085,364122.46456118097,363599.10392682056,7,7,8,4,4,4,-1.1641532182693479e-10,523.3606343602878,-3.197147475293284e-14,0.1439389230358558,40,81,success,20.73654980806168,,
11,Product-mix + seven-factor full factorial design,278,279,3,0,1,1,30,30,10,600,300,600,0.5,0.8,full,40,0,73,False,8,300.0,180.0,180.0,60.0,390388.47306275344,389943.1924378951,389280.11041318654,7,7,8,4,4,4,445.28062485839473,1108.3626495669014,0.1141911523251718,0.2847211095348468,40,81,success,8.062209675088525,,
11,Product-mix + seven-factor full factorial design,279,280,3,0,1,1,30,30,10,600,300,600,0.75,0.8,full,40,0,73,False,8,300.0,180.0,180.0,60.0,390388.47306275344,389943.1924378951,389280.11041318654,7,7,8,4,4,4,445.28062485839473,1108.3626495669014,0.1141911523251718,0.2847211095348468,40,81,success,8.063552895910107,,
11,Product-mix + seven-factor full factorial design,280,281,3,0,1,1,30,30,10,300,600,300,0.5,0.8,full,40,0,73,False,8,300.0,180.0,180.0,60.0,180258.6341927717,179743.43430698657,178911.89329463232,7,7,8,4,4,4,515.199885785114,1346.7408981393671,0.2866307121433967,0.7527397275493323,40,81,success,10.122509279986843,,
11,Product-mix + seven-factor full factorial design,281,282,3,0,1,1,30,30,10,300,600,300,0.75,0.8,full,40,0,73,False,8,300.0,180.0,180.0,60.0,180258.6341927717,179743.43430698657,178911.89329463232,7,7,8,4,4,4,515.199885785114,1346.7408981393671,0.2866307121433967,0.7527397275493323,40,81,success,10.515882456908002,,
11,Product-mix + seven-factor full factorial design,282,283,3,0,1,1,30,30,10,300,600,600,0.5,0.8,full,40,0,73,False,8,300.0,180.0,180.0,60.0,215651.88862706345,215129.05731404485,215107.29060180628,8,8,8,4,4,4,522.8313130186289,544.5980252571753,0.2430314712230626,0.2531750661419015,40,81,success,13.372682183980942,,
11,Product-mix + seven-factor full factorial design,283,284,3,0,1,1,30,30,10,300,600,600,0.75,0.8,full,40,0,73,False,8,300.0,180.0,180.0,60.0,215651.88862706345,215129.05731404485,215107.29060180628,8,8,8,4,4,4,522.8313130186289,544.5980252571753,0.2430314712230626,0.2531750661419015,40,81,success,13.5313112110598,,
11,Product-mix + seven-factor full factorial design,284,285,3,0,1,1,30,30,10,600,600,300,0.5,0.8,full,40,0,73,False,8,300.0,180.0,180.0,60.0,364122.4645611808,364122.46456118097,363599.10392682056,7,7,8,4,4,4,-2.3283064365386963e-10,523.3606343601714,-6.394294950586568e-14,0.1439389230358238,40,81,success,19.72404490201734,,
11,Product-mix + seven-factor full factorial design,285,286,3,0,1,1,30,30,10,600,600,300,0.75,0.8,full,40,0,73,False,8,300.0,180.0,180.0,60.0,364122.46456118085,364122.46456118097,363599.10392682056,7,7,8,4,4,4,-1.1641532182693479e-10,523.3606343602878,-3.197147475293284e-14,0.1439389230358558,40,81,success,20.621875421027653,,
11,Product-mix + seven-factor full factorial design,286,287,3,0,1,1,30,30,10,600,600,600,0.5,0.8,full,40,0,73,False,8,300.0,180.0,180.0,60.0,390388.47306275344,389943.1924378951,389280.11041318654,7,7,8,4,4,4,445.28062485839473,1108.3626495669014,0.1141911523251718,0.2847211095348468,40,81,success,7.715188708039932,,
11,Product-mix + seven-factor full factorial design,287,288,3,0,1,1,30,30,10,600,600,600,0.75,0.8,full,40,0,73,False,8,300.0,180.0,180.0,60.0,390388.47306275344,389943.1924378951,389280.11041318654,7,7,8,4,4,4,445.28062485839473,1108.3626495669014,0.1141911523251718,0.2847211095348468,40,81,success,7.737871899036691,,
11,Product-mix + seven-factor full factorial design,288,289,3,0,1,1,15,30,25,300,300,300,0.5,0.8,full,40,0,73,False,8,300.0,180.0,180.0,60.0,124337.4417562494,112082.3252256712,104887.76775537158,9,5,8,4,3,4,12255.116530578203,19449.67400087783,10.934031307704622,18.54331960447481,40,81,success,33.17961823195219,,
11,Product-mix + seven-factor full factorial design,289,290,3,0,1,1,15,30,25,300,300,300,0.75,0.8,full,40,0,73,False,8,300.0,180.0,180.0,60.0,124337.4417562494,112082.3252256712,104887.76775537158,9,5,8,4,3,4,12255.116530578203,19449.67400087783,10.934031307704622,18.54331960447481,40,81,success,31.385628652060404,,
11,Product-mix + seven-factor full factorial design,290,291,3,0,1,1,15,30,25,300,300,600,0.5,0.8,full,40,0,73,False,8,300.0,180.0,180.0,60.0,179410.17959105517,155394.14219020505,148566.79770560816,9,6,8,4,3,4,24016.037400850124,30843.381885447016,15.454918095595966,20.76061567037648,40,81,success,31.0767787079094,,
11,Product-mix + seven-factor full factorial design,291,292,3,0,1,1,15,30,25,300,300,600,0.75,0.8,full,40,0,73,False,8,300.0,180.0,180.0,60.0,179410.17959105517,155394.14219020505,148566.79770560816,9,6,8,4,3,4,24016.037400850124,30843.381885447016,15.454918095595966,20.76061567037648,40,81,success,33.25022088806145,,
11,Product-mix + seven-factor full factorial design,292,293,3,0,1,1,15,30,25,600,300,300,0.5,0.8,full,40,0,73,False,8,300.0,180.0,180.0,60.0,234142.69296033663,204379.00251179087,197552.8597162916,11,6,8,4,3,4,29763.690448545764,36589.83324404506,14.562988410137024,18.52154066339117,40,81,success,48.89787470607553,,
11,Product-mix + seven-factor full factorial design,293,294,3,0,1,1,15,30,25,600,300,300,0.75,0.8,full,40,0,73,False,8,300.0,180.0,180.0,60.0,234142.69296033663,204379.0025117905,197552.8597162916,11,6,8,4,3,4,29763.690448546145,36589.83324404506,14.562988410137237,18.52154066339117,40,81,success,48.32487349002622,,
11,Product-mix + seven-factor full factorial design,294,295,3,0,1,1,15,30,25,600,300,600,0.5,0.8,full,40,0,73,False,8,300.0,180.0,180.0,60.0,277370.7490252743,247145.8090977525,241231.85933466503,9,6,8,4,3,4,30224.9399275218,36138.88969060924,12.229598405031853,14.980977135558676,40,81,success,28.164067283971235,,
11,Product-mix + seven-factor full factorial design,295,296,3,0,1,1,15,30,25,600,300,600,0.75,0.8,full,40,0,73,False,8,300.0,180.0,180.0,60.0,277370.7490252743,247145.80909775232,241231.85933466503,9,6,8,4,3,4,30224.939927521977,36138.88969060924,12.22959840503193,14.980977135558676,40,81,success,27.558940749033358,,
11,Product-mix + seven-factor full factorial design,296,297,3,0,1,1,15,30,25,300,600,300,0.5,0.8,full,40,0,73,False,8,300.0,180.0,180.0,60.0,124337.4417562494,112082.3252256712,104887.76775537158,9,5,8,4,3,4,12255.116530578203,19449.67400087783,10.934031307704622,18.54331960447481,40,81,success,34.892343121930026,,
11,Product-mix + seven-factor full factorial design,297,298,3,0,1,1,15,30,25,300,600,300,0.75,0.8,full,40,0,73,False,8,300.0,180.0,180.0,60.0,124337.4417562494,112082.3252256712,104887.76775537158,9,5,8,4,3,4,12255.116530578203,19449.67400087783,10.934031307704622,18.54331960447481,40,81,success,32.336517799063586,,
11,Product-mix + seven-factor full factorial design,298,299,3,0,1,1,15,30,25,300,600,600,0.5,0.8,full,40,0,73,False,8,300.0,180.0,180.0,60.0,179410.17959105517,155394.14219020505,148566.79770560816,9,6,8,4,3,4,24016.037400850124,30843.381885447016,15.454918095595966,20.76061567037648,40,81,success,32.46336714900099,,
11,Product-mix + seven-factor full factorial design,299,300,3,0,1,1,15,30,25,300,600,600,0.75,0.8,full,40,0,73,False,8,300.0,180.0,180.0,60.0,179410.17959105517,155394.14219020505,148566.79770560816,9,6,8,4,3,4,24016.037400850124,30843.381885447016,15.454918095595966,20.76061567037648,40,81,success,33.94573465397116,,
11,Product-mix + seven-factor full factorial design,300,301,3,0,1,1,15,30,25,600,600,300,0.5,0.8,full,40,0,73,False,8,300.0,180.0,180.0,60.0,234142.69296033663,204379.00251179087,197552.8597162916,11,6,8,4,3,4,29763.690448545764,36589.83324404506,14.562988410137024,18.52154066339117,40,81,success,47.69047468400095,,
11,Product-mix + seven-factor full factorial design,301,302,3,0,1,1,15,30,25,600,600,300,0.75,0.8,full,40,0,73,False,8,300.0,180.0,180.0,60.0,234142.69296033663,204379.00251179087,197552.8597162916,11,6,8,4,3,4,29763.690448545764,36589.83324404506,14.562988410137024,18.52154066339117,40,81,success,50.87356657802593,,
11,Product-mix + seven-factor full factorial design,302,303,3,0,1,1,15,30,25,600,600,600,0.5,0.8,full,40,0,73,False,8,300.0,180.0,180.0,60.0,277370.7490252743,247145.80909775232,241231.85933466503,9,6,8,4,3,4,30224.939927521977,36138.88969060924,12.22959840503193,14.980977135558676,40,81,success,27.748711728025228,,
11,Product-mix + seven-factor full factorial design,303,304,3,0,1,1,15,30,25,600,600,600,0.75,0.8,full,40,0,73,False,8,300.0,180.0,180.0,60.0,277370.7490252743,247145.8090977525,241231.85933466503,9,6,8,4,3,4,30224.9399275218,36138.88969060924,12.229598405031853,14.980977135558676,40,81,success,25.525687142042443,,
11,Product-mix + seven-factor full factorial design,304,305,3,0,1,1,30,30,25,300,300,300,0.5,0.8,full,40,0,73,False,8,300.0,180.0,180.0,60.0,189683.94970218715,188985.48821092723,189027.7144015902,8,7,8,4,4,4,698.4614912599209,656.235300596949,0.3695847220186378,0.3471635377248302,40,81,success,15.07382998103276,,
11,Product-mix + seven-factor full factorial design,305,306,3,0,1,1,30,30,25,300,300,300,0.75,0.8,full,40,0,73,False,8,300.0,180.0,180.0,60.0,189683.94970218715,188985.48821092723,189027.7144015902,8,7,8,4,4,4,698.4614912599209,656.235300596949,0.3695847220186378,0.3471635377248302,40,81,success,15.284171944949776,,
11,Product-mix + seven-factor full factorial design,306,307,3,0,1,1,30,30,25,300,300,600,0.5,0.8,full,40,0,73,False,8,300.0,180.0,180.0,60.0,244916.31718122875,244393.48586820904,244407.9802057756,8,8,8,4,4,4,522.8313130197057,508.33697545315954,0.2139301344969752,0.2079870612347325,40,81,success,21.551820008084174,,
11,Product-mix + seven-factor full factorial design,307,308,3,0,1,1,30,30,25,300,300,600,0.75,0.8,full,40,0,73,False,8,300.0,180.0,180.0,60.0,244916.31718122875,244393.48586820904,244407.9802057756,8,8,8,4,4,4,522.8313130197057,508.33697545315954,0.2139301344969752,0.2079870612347325,40,81,success,21.561018729000352,,
11,Product-mix + seven-factor full factorial design,308,309,3,0,1,1,30,30,25,600,300,300,0.5,0.8,full,40,0,73,False,8,300.0,180.0,180.0,60.0,372682.34520054114,372398.0681829529,372275.71343987685,9,8,8,4,4,4,284.2770175882615,406.6317606642842,0.0763368668842291,0.1092286566069413,40,81,success,27.538201041985303,,
11,Product-mix + seven-factor full factorial design,309,310,3,0,1,1,30,30,25,600,300,300,0.75,0.8,full,40,0,73,False,8,300.0,180.0,180.0,60.0,372682.34520054114,372398.0681829529,372275.71343987685,9,8,8,4,4,4,284.2770175882615,406.6317606642842,0.0763368668842291,0.1092286566069413,40,81,success,27.26985220692586,,
11,Product-mix + seven-factor full factorial design,310,311,3,0,1,1,30,30,25,600,300,600,0.5,0.8,full,40,0,73,False,8,300.0,180.0,180.0,60.0,410069.7691084645,409481.3509551215,409511.7526271023,8,8,8,4,4,4,588.4181533429655,558.0164813621668,0.143698400908972,0.1362638502515193,40,81,success,13.076224840944633,,
11,Product-mix + seven-factor full factorial design,311,312,3,0,1,1,30,30,25,600,300,600,0.75,0.8,full,40,0,73,False,8,300.0,180.0,180.0,60.0,410069.7691084645,409481.3509551215,409511.7526271023,8,8,8,4,4,4,588.4181533429655,558.0164813621668,0.143698400908972,0.1362638502515193,40,81,success,13.73450659099035,,
11,Product-mix + seven-factor full factorial design,312,313,3,0,1,1,30,30,25,300,600,300,0.5,0.8,full,40,0,73,False,8,300.0,180.0,180.0,60.0,189683.94970218715,188985.48821092723,189027.7144015902,8,7,8,4,4,4,698.4614912599209,656.235300596949,0.3695847220186378,0.3471635377248302,40,81,success,15.716944938059896,,
11,Product-mix + seven-factor full factorial design,313,314,3,0,1,1,30,30,25,300,600,300,0.75,0.8,full,40,0,73,False,8,300.0,180.0,180.0,60.0,189683.94970218715,188985.48821092723,189027.7144015902,8,7,8,4,4,4,698.4614912599209,656.235300596949,0.3695847220186378,0.3471635377248302,40,81,success,16.224717422039248,,
11,Product-mix + seven-factor full factorial design,314,315,3,0,1,1,30,30,25,300,600,600,0.5,0.8,full,40,0,73,False,8,300.0,180.0,180.0,60.0,244916.31718122875,244393.48586820904,244407.9802057756,8,8,8,4,4,4,522.8313130197057,508.33697545315954,0.2139301344969752,0.2079870612347325,40,81,success,21.686977987992577,,
11,Product-mix + seven-factor full factorial design,315,316,3,0,1,1,30,30,25,300,600,600,0.75,0.8,full,40,0,73,False,8,300.0,180.0,180.0,60.0,244916.31718122875,244393.48586820904,244407.9802057756,8,8,8,4,4,4,522.8313130197057,508.33697545315954,0.2139301344969752,0.2079870612347325,40,81,success,21.722775302943774,,
11,Product-mix + seven-factor full factorial design,316,317,3,0,1,1,30,30,25,600,600,300,0.5,0.8,full,40,0,73,False,8,300.0,180.0,180.0,60.0,372682.34520054114,372398.0681829529,372275.71343987685,9,8,8,4,4,4,284.2770175882615,406.6317606642842,0.0763368668842291,0.1092286566069413,40,81,success,27.404612894984894,,
11,Product-mix + seven-factor full factorial design,317,318,3,0,1,1,30,30,25,600,600,300,0.75,0.8,full,40,0,73,False,8,300.0,180.0,180.0,60.0,372682.34520054114,372398.0681829529,372275.71343987685,9,8,8,4,4,4,284.2770175882615,406.6317606642842,0.0763368668842291,0.1092286566069413,40,81,success,27.626475138007663,,
11,Product-mix + seven-factor full factorial design,318,319,3,0,1,1,30,30,25,600,600,600,0.5,0.8,full,40,0,73,False,8,300.0,180.0,180.0,60.0,410069.7691084647,409481.3509551215,409511.7526271023,8,8,8,4,4,4,588.4181533431984,558.0164813623414,0.1436984009090289,0.1362638502515619,40,81,success,14.13689508405514,,
11,Product-mix + seven-factor full factorial design,319,320,3,0,1,1,30,30,25,600,600,600,0.75,0.8,full,40,0,73,False,8,300.0,180.0,180.0,60.0,410069.7691084647,409481.3509551215,409511.7526271023,8,8,8,4,4,4,588.4181533431401,558.0164813623414,0.1436984009090147,0.1362638502515619,40,81,success,13.877224841038696,,
11,Product-mix + seven-factor full factorial design,320,321,3,0,1,1,15,60,10,300,300,300,0.5,0.8,full,40,0,73,False,8,300.0,180.0,180.0,60.0,105331.88814700925,94334.30029835246,85701.80055956438,9,5,8,4,3,4,10997.587848656782,19630.08758744487,11.658100832756007,22.905105212814732,40,81,success,29.927150284987874,,
11,Product-mix + seven-factor full factorial design,321,322,3,0,1,1,15,60,10,300,300,300,0.75,0.8,full,40,0,73,False,8,300.0,180.0,180.0,60.0,105331.88814700925,94334.30029835246,85701.80055956438,9,5,8,4,3,4,10997.587848656782,19630.08758744487,11.658100832756007,22.905105212814732,40,81,success,30.62815720494837,,
11,Product-mix + seven-factor full factorial design,322,323,3,0,1,1,15,60,10,300,300,600,0.5,0.8,full,40,0,73,False,8,300.0,180.0,180.0,60.0,134581.71876100893,118827.3317761038,110194.83203731292,9,5,8,4,3,4,15754.38698490514,24386.88672369602,13.258218247793184,22.130699119754013,40,81,success,26.993357892963104,,
11,Product-mix + seven-factor full factorial design,323,324,3,0,1,1,15,60,10,300,300,600,0.75,0.8,full,40,0,73,False,8,300.0,180.0,180.0,60.0,134581.71876100893,118827.3317761038,110194.83203731292,9,5,8,4,3,4,15754.38698490514,24386.88672369602,13.258218247793184,22.130699119754013,40,81,success,26.61368756997399,,
11,Product-mix + seven-factor full factorial design,324,325,3,0,1,1,15,60,10,600,300,300,0.5,0.8,full,40,0,73,False,8,300.0,180.0,180.0,60.0,217383.82204239245,187009.6190427731,178366.89346530064,10,5,8,4,3,4,30374.20299961936,39016.92857709181,16.24205383396462,21.874535021086817,40,81,success,29.981440966948867,,
11,Product-mix + seven-factor full factorial design,325,326,3,0,1,1,15,60,10,600,300,300,0.75,0.8,full,40,0,73,False,8,300.0,180.0,180.0,60.0,217383.82204239245,187009.6190427731,178366.89346530064,10,5,8,4,3,4,30374.20299961936,39016.92857709181,16.24205383396462,21.874535021086817,40,81,success,30.31174239004031,,
11,Product-mix + seven-factor full factorial design,326,327,3,0,1,1,15,60,10,600,300,600,0.5,0.8,full,40,0,73,False,8,300.0,180.0,180.0,60.0,239257.13017017592,211260.8434646464,202859.9249430507,10,5,8,4,3,4,27996.28670552955,36397.20522712523,13.25199987200402,17.942038200666346,40,81,success,28.20082419598475,,
11,Product-mix + seven-factor full factorial design,327,328,3,0,1,1,15,60,10,600,300,600,0.75,0.8,full,40,0,73,False,8,300.0,180.0,180.0,60.0,239257.13017017592,211260.8434646464,202859.9249430507,10,5,8,4,3,4,27996.28670552955,36397.20522712523,13.25199987200402,17.942038200666346,40,81,success,26.57782021991443,,
11,Product-mix + seven-factor full factorial design,328,329,3,0,1,1,15,60,10,300,600,300,0.5,0.8,full,40,0,73,False,8,300.0,180.0,180.0,60.0,105331.88814700925,94334.30029835246,85701.80055956438,9,5,8,4,3,4,10997.587848656782,19630.08758744487,11.658100832756007,22.905105212814732,40,81,success,26.648100227001123,,
11,Product-mix + seven-factor full factorial design,329,330,3,0,1,1,15,60,10,300,600,300,0.75,0.8,full,40,0,73,False,8,300.0,180.0,180.0,60.0,105331.88814700925,94334.30029835246,85701.80055956438,9,5,8,4,3,4,10997.587848656782,19630.08758744487,11.658100832756007,22.905105212814732,40,81,success,26.743649573996663,,
11,Product-mix + seven-factor full factorial design,330,331,3,0,1,1,15,60,10,300,600,600,0.5,0.8,full,40,0,73,False,8,300.0,180.0,180.0,60.0,134581.71876100893,118827.3317761038,110194.83203731292,9,5,8,4,3,4,15754.38698490514,24386.88672369602,13.258218247793184,22.130699119754013,40,81,success,23.681194130098447,,
11,Product-mix + seven-factor full factorial design,331,332,3,0,1,1,15,60,10,300,600,600,0.75,0.8,full,40,0,73,False,8,300.0,180.0,180.0,60.0,134581.71876100893,118827.3317761038,110194.83203731292,9,5,8,4,3,4,15754.38698490514,24386.88672369602,13.258218247793184,22.130699119754013,40,81,success,26.13711270003114,,
11,Product-mix + seven-factor full factorial design,332,333,3,0,1,1,15,60,10,600,600,300,0.5,0.8,full,40,0,73,False,8,300.0,180.0,180.0,60.0,217383.82204239245,187009.6190427731,178366.89346530064,10,5,8,4,3,4,30374.20299961936,39016.92857709181,16.24205383396462,21.874535021086817,40,81,success,29.48045078397263,,
11,Product-mix + seven-factor full factorial design,333,334,3,0,1,1,15,60,10,600,600,300,0.75,0.8,full,40,0,73,False,8,300.0,180.0,180.0,60.0,217383.82204239245,187009.6190427729,178366.89346530064,10,5,8,4,3,4,30374.202999619563,39016.92857709181,16.242053833964746,21.874535021086817,40,81,success,29.60861109301913,,
11,Product-mix + seven-factor full factorial design,334,335,3,0,1,1,15,60,10,600,600,600,0.5,0.8,full,40,0,73,False,8,300.0,180.0,180.0,60.0,239257.13017017592,211260.8434646464,202859.9249430507,10,5,8,4,3,4,27996.28670552955,36397.20522712523,13.25199987200402,17.942038200666346,40,81,success,24.281903857947327,,
11,Product-mix + seven-factor full factorial design,335,336,3,0,1,1,15,60,10,600,600,600,0.75,0.8,full,40,0,73,False,8,300.0,180.0,180.0,60.0,239257.13017017592,211260.8434646464,202859.9249430507,10,5,8,4,3,4,27996.28670552955,36397.20522712523,13.25199987200402,17.942038200666346,40,81,success,24.22283492097631,,
11,Product-mix + seven-factor full factorial design,336,337,3,0,1,1,30,60,10,300,300,300,0.5,0.8,full,40,0,73,False,8,300.0,180.0,180.0,60.0,180258.6341927717,179743.43430698657,178911.89329463232,7,7,8,4,4,4,515.199885785114,1346.7408981393671,0.2866307121433967,0.7527397275493323,40,81,success,10.609637785935774,,
11,Product-mix + seven-factor full factorial design,337,338,3,0,1,1,30,60,10,300,300,300,0.75,0.8,full,40,0,73,False,8,300.0,180.0,180.0,60.0,180258.6341927717,179743.43430698657,178911.89329463232,7,7,8,4,4,4,515.199885785114,1346.7408981393671,0.2866307121433967,0.7527397275493323,40,81,success,9.438938016071916,,
11,Product-mix + seven-factor full factorial design,338,339,3,0,1,1,30,60,10,300,300,600,0.5,0.8,full,40,0,73,False,8,300.0,180.0,180.0,60.0,215651.88862706345,215129.05731404485,215107.29060180628,8,8,8,4,4,4,522.8313130186289,544.5980252571753,0.2430314712230626,0.2531750661419015,40,81,success,11.485906286980024,,
11,Product-mix + seven-factor full factorial design,339,340,3,0,1,1,30,60,10,300,300,600,0.75,0.8,full,40,0,73,False,8,300.0,180.0,180.0,60.0,215651.88862706345,215129.05731404485,215107.29060180628,8,8,8,4,4,4,522.8313130186289,544.5980252571753,0.2430314712230626,0.2531750661419015,40,81,success,11.168964334065096,,
11,Product-mix + seven-factor full factorial design,340,341,3,0,1,1,30,60,10,600,300,300,0.5,0.8,full,40,0,73,False,8,300.0,180.0,180.0,60.0,364122.46456118085,364122.46456118097,363599.10392682056,7,7,8,4,4,4,-1.1641532182693479e-10,523.3606343602878,-3.197147475293284e-14,0.1439389230358558,40,81,success,19.400123583036475,,
11,Product-mix + seven-factor full factorial design,341,342,3,0,1,1,30,60,10,600,300,300,0.75,0.8,full,40,0,73,False,8,300.0,180.0,180.0,60.0,364122.4645611808,364122.46456118097,363599.10392682056,7,7,8,4,4,4,-2.3283064365386963e-10,523.3606343601714,-6.394294950586568e-14,0.1439389230358238,40,81,success,19.830404434003867,,
11,Product-mix + seven-factor full factorial design,342,343,3,0,1,1,30,60,10,600,300,600,0.5,0.8,full,40,0,73,False,8,300.0,180.0,180.0,60.0,390388.47306275344,389943.1924378951,389280.11041318654,7,7,8,4,4,4,445.28062485839473,1108.3626495669014,0.1141911523251718,0.2847211095348468,40,81,success,7.433090561069548,,
11,Product-mix + seven-factor full factorial design,343,344,3,0,1,1,30,60,10,600,300,600,0.75,0.8,full,40,0,73,False,8,300.0,180.0,180.0,60.0,390388.47306275344,389943.1924378951,389280.11041318654,7,7,8,4,4,4,445.28062485839473,1108.3626495669014,0.1141911523251718,0.2847211095348468,40,81,success,8.188940900960006,,
11,Product-mix + seven-factor full factorial design,344,345,3,0,1,1,30,60,10,300,600,300,0.5,0.8,full,40,0,73,False,8,300.0,180.0,180.0,60.0,180258.6341927717,179743.43430698657,178911.89329463232,7,7,8,4,4,4,515.199885785114,1346.7408981393671,0.2866307121433967,0.7527397275493323,40,81,success,9.55783825693652,,
11,Product-mix + seven-factor full factorial design,345,346,3,0,1,1,30,60,10,300,600,300,0.75,0.8,full,40,0,73,False,8,300.0,180.0,180.0,60.0,180258.6341927717,179743.43430698657,178911.89329463232,7,7,8,4,4,4,515.199885785114,1346.7408981393671,0.2866307121433967,0.7527397275493323,40,81,success,9.603478044038638,,
11,Product-mix + seven-factor full factorial design,346,347,3,0,1,1,30,60,10,300,600,600,0.5,0.8,full,40,0,73,False,8,300.0,180.0,180.0,60.0,215651.88862706345,215129.05731404485,215107.29060180628,8,8,8,4,4,4,522.8313130186289,544.5980252571753,0.2430314712230626,0.2531750661419015,40,81,success,13.15794318600092,,
11,Product-mix + seven-factor full factorial design,347,348,3,0,1,1,30,60,10,300,600,600,0.75,0.8,full,40,0,73,False,8,300.0,180.0,180.0,60.0,215651.88862706345,215129.05731404485,215107.29060180628,8,8,8,4,4,4,522.8313130186289,544.5980252571753,0.2430314712230626,0.2531750661419015,40,81,success,11.430588115006683,,
11,Product-mix + seven-factor full factorial design,348,349,3,0,1,1,30,60,10,600,600,300,0.5,0.8,full,40,0,73,False,8,300.0,180.0,180.0,60.0,364122.46456118085,364122.46456118097,363599.10392682056,7,7,8,4,4,4,-1.1641532182693479e-10,523.3606343602878,-3.197147475293284e-14,0.1439389230358558,40,81,success,21.519107965985317,,
11,Product-mix + seven-factor full factorial design,349,350,3,0,1,1,30,60,10,600,600,300,0.75,0.8,full,40,0,73,False,8,300.0,180.0,180.0,60.0,364122.46456118085,364122.46456118097,363599.10392682056,7,7,8,4,4,4,-1.1641532182693479e-10,523.3606343602878,-3.197147475293284e-14,0.1439389230358558,40,81,success,21.165899066021662,,
11,Product-mix + seven-factor full factorial design,350,351,3,0,1,1,30,60,10,600,600,600,0.5,0.8,full,40,0,73,False,8,300.0,180.0,180.0,60.0,390388.4730627532,389943.19243789447,389280.11041318654,7,7,8,4,4,4,445.280624858744,1108.3626495666686,0.1141911523252615,0.2847211095347869,40,81,success,8.989958034013398,,
11,Product-mix + seven-factor full factorial design,351,352,3,0,1,1,30,60,10,600,600,600,0.75,0.8,full,40,0,73,False,8,300.0,180.0,180.0,60.0,390388.47306275344,389943.19243789447,389280.11041318654,7,7,8,4,4,4,445.2806248589768,1108.3626495669014,0.1141911523253212,0.2847211095348468,40,81,success,8.858098616008647,,
11,Product-mix + seven-factor full factorial design,352,353,3,0,1,1,15,60,25,300,300,300,0.5,0.8,full,40,0,73,False,8,300.0,180.0,180.0,60.0,124337.4417562494,112082.3252256712,104887.76775537158,9,5,8,4,3,4,12255.116530578203,19449.67400087783,10.934031307704622,18.54331960447481,40,81,success,35.243430923088454,,
11,Product-mix + seven-factor full factorial design,353,354,3,0,1,1,15,60,25,300,300,300,0.75,0.8,full,40,0,73,False,8,300.0,180.0,180.0,60.0,124337.4417562494,112082.3252256712,104887.76775537158,9,5,8,4,3,4,12255.116530578203,19449.67400087783,10.934031307704622,18.54331960447481,40,81,success,37.3738643390825,,
11,Product-mix + seven-factor full factorial design,354,355,3,0,1,1,15,60,25,300,300,600,0.5,0.8,full,40,0,73,False,8,300.0,180.0,180.0,60.0,179410.17959105517,155394.14219020505,148566.79770560816,9,6,8,4,3,4,24016.037400850124,30843.381885447016,15.454918095595966,20.76061567037648,40,81,success,37.313736369949766,,
11,Product-mix + seven-factor full factorial design,355,356,3,0,1,1,15,60,25,300,300,600,0.75,0.8,full,40,0,73,False,8,300.0,180.0,180.0,60.0,179410.17959105517,155394.14219020505,148566.79770560816,9,6,8,4,3,4,24016.037400850124,30843.381885447016,15.454918095595966,20.76061567037648,40,81,success,37.83964897401165,,
11,Product-mix + seven-factor full factorial design,356,357,3,0,1,1,15,60,25,600,300,300,0.5,0.8,full,40,0,73,False,8,300.0,180.0,180.0,60.0,234142.69296033663,204379.0025117905,197552.8597162916,11,6,8,4,3,4,29763.690448546145,36589.83324404506,14.562988410137237,18.52154066339117,40,81,success,50.117018618038855,,
11,Product-mix + seven-factor full factorial design,357,358,3,0,1,1,15,60,25,600,300,300,0.75,0.8,full,40,0,73,False,8,300.0,180.0,180.0,60.0,234142.69296033663,204379.0025117905,197552.8597162916,11,6,8,4,3,4,29763.690448546145,36589.83324404506,14.562988410137237,18.52154066339117,40,81,success,51.26583542791195,,
11,Product-mix + seven-factor full factorial design,358,359,3,0,1,1,15,60,25,600,300,600,0.5,0.8,full,40,0,73,False,8,300.0,180.0,180.0,60.0,277370.7490252743,247145.80909775232,241231.85933466503,9,6,8,4,3,4,30224.939927521977,36138.88969060924,12.22959840503193,14.980977135558676,40,81,success,27.81637368293013,,
11,Product-mix + seven-factor full factorial design,359,360,3,0,1,1,15,60,25,600,300,600,0.75,0.8,full,40,0,73,False,8,300.0,180.0,180.0,60.0,277370.7490252743,247145.80909775232,241231.85933466503,9,6,8,4,3,4,30224.939927521977,36138.88969060924,12.22959840503193,14.980977135558676,40,81,success,27.81012272799853,,
11,Product-mix + seven-factor full factorial design,360,361,3,0,1,1,15,60,25,300,600,300,0.5,0.8,full,40,0,73,False,8,300.0,180.0,180.0,60.0,124337.4417562494,112082.3252256712,104887.76775537158,9,5,8,4,3,4,12255.116530578203,19449.67400087783,10.934031307704622,18.54331960447481,40,81,success,32.67964948806912,,
11,Product-mix + seven-factor full factorial design,361,362,3,0,1,1,15,60,25,300,600,300,0.75,0.8,full,40,0,73,False,8,300.0,180.0,180.0,60.0,124337.4417562494,112082.3252256712,104887.76775537158,9,5,8,4,3,4,12255.116530578203,19449.67400087783,10.934031307704622,18.54331960447481,40,81,success,35.39895125501789,,
11,Product-mix + seven-factor full factorial design,362,363,3,0,1,1,15,60,25,300,600,600,0.5,0.8,full,40,0,73,False,8,300.0,180.0,180.0,60.0,179410.17959105517,155394.14219020505,148566.79770560816,9,6,8,4,3,4,24016.037400850124,30843.381885447016,15.454918095595966,20.76061567037648,40,81,success,31.588085424969904,,
11,Product-mix + seven-factor full factorial design,363,364,3,0,1,1,15,60,25,300,600,600,0.75,0.8,full,40,0,73,False,8,300.0,180.0,180.0,60.0,179410.17959105517,155394.14219020505,148566.79770560816,9,6,8,4,3,4,24016.037400850124,30843.381885447016,15.454918095595966,20.76061567037648,40,81,success,32.31361289601773,,
11,Product-mix + seven-factor full factorial design,364,365,3,0,1,1,15,60,25,600,600,300,0.5,0.8,full,40,0,73,False,8,300.0,180.0,180.0,60.0,234142.69296033663,204379.0025117905,197552.8597162916,11,6,8,4,3,4,29763.690448546145,36589.83324404506,14.562988410137237,18.52154066339117,40,81,success,50.854396525071934,,
11,Product-mix + seven-factor full factorial design,365,366,3,0,1,1,15,60,25,600,600,300,0.75,0.8,full,40,0,73,False,8,300.0,180.0,180.0,60.0,234142.69296033663,204379.0025117905,197552.8597162916,11,6,8,4,3,4,29763.690448546145,36589.83324404506,14.562988410137237,18.52154066339117,40,81,success,48.07747553498484,,
11,Product-mix + seven-factor full factorial design,366,367,3,0,1,1,15,60,25,600,600,600,0.5,0.8,full,40,0,73,False,8,300.0,180.0,180.0,60.0,277370.7490252743,247145.80909775232,241231.85933466503,9,6,8,4,3,4,30224.939927521977,36138.88969060924,12.22959840503193,14.980977135558676,40,81,success,25.361775135970674,,
11,Product-mix + seven-factor full factorial design,367,368,3,0,1,1,15,60,25,600,600,600,0.75,0.8,full,40,0,73,False,8,300.0,180.0,180.0,60.0,277370.7490252743,247145.80909775232,241231.85933466503,9,6,8,4,3,4,30224.939927521977,36138.88969060924,12.22959840503193,14.980977135558676,40,81,success,25.164055873989128,,
11,Product-mix + seven-factor full factorial design,368,369,3,0,1,1,30,60,25,300,300,300,0.5,0.8,full,40,0,73,False,8,300.0,180.0,180.0,60.0,189683.94970218715,188985.48821092723,189027.7144015902,8,7,8,4,4,4,698.4614912599209,656.235300596949,0.3695847220186378,0.3471635377248302,40,81,success,14.767186064971613,,
11,Product-mix + seven-factor full factorial design,369,370,3,0,1,1,30,60,25,300,300,300,0.75,0.8,full,40,0,73,False,8,300.0,180.0,180.0,60.0,189683.94970218715,188985.48821092723,189027.7144015902,8,7,8,4,4,4,698.4614912599209,656.235300596949,0.3695847220186378,0.3471635377248302,40,81,success,14.441979703959078,,
11,Product-mix + seven-factor full factorial design,370,371,3,0,1,1,30,60,25,300,300,600,0.5,0.8,full,40,0,73,False,8,300.0,180.0,180.0,60.0,244916.31718122875,244393.4858682096,244407.9802057756,8,8,8,4,4,4,522.8313130191818,508.33697545315954,0.2139301344967604,0.2079870612347325,40,81,success,19.197557991952635,,
11,Product-mix + seven-factor full factorial design,371,372,3,0,1,1,30,60,25,300,300,600,0.75,0.8,full,40,0,73,False,8,300.0,180.0,180.0,60.0,244916.31718122875,244393.4858682096,244407.9802057756,8,8,8,4,4,4,522.8313130191818,508.33697545315954,0.2139301344967604,0.2079870612347325,40,81,success,22.798312947968952,,
11,Product-mix + seven-factor full factorial design,372,373,3,0,1,1,30,60,25,600,300,300,0.5,0.8,full,40,0,73,False,8,300.0,180.0,180.0,60.0,372682.34520054114,372398.0681829529,372275.71343987685,9,8,8,4,4,4,284.2770175882615,406.6317606642842,0.0763368668842291,0.1092286566069413,40,81,success,25.34682135505136,,
11,Product-mix + seven-factor full factorial design,373,374,3,0,1,1,30,60,25,600,300,300,0.75,0.8,full,40,0,73,False,8,300.0,180.0,180.0,60.0,372682.34520054114,372398.0681829529,372275.71343987685,9,8,8,4,4,4,284.2770175882615,406.6317606642842,0.0763368668842291,0.1092286566069413,40,81,success,27.068189056008123,,
11,Product-mix + seven-factor full factorial design,374,375,3,0,1,1,30,60,25,600,300,600,0.5,0.8,full,40,0,73,False,8,300.0,180.0,180.0,60.0,410069.7691084647,409481.3509551215,409511.7526271023,8,8,8,4,4,4,588.4181533431401,558.0164813623414,0.1436984009090147,0.1362638502515619,40,81,success,13.633511938969605,,
11,Product-mix + seven-factor full factorial design,375,376,3,0,1,1,30,60,25,600,300,600,0.75,0.8,full,40,0,73,False,8,300.0,180.0,180.0,60.0,410069.7691084647,409481.3509551215,409511.7526271023,8,8,8,4,4,4,588.4181533431401,558.0164813623414,0.1436984009090147,0.1362638502515619,40,81,success,13.194019385031424,,
11,Product-mix + seven-factor full factorial design,376,377,3,0,1,1,30,60,25,300,600,300,0.5,0.8,full,40,0,73,False,8,300.0,180.0,180.0,60.0,189683.94970218715,188985.48821092723,189027.7144015902,8,7,8,4,4,4,698.4614912599209,656.235300596949,0.3695847220186378,0.3471635377248302,40,81,success,15.397636928013526,,
11,Product-mix + seven-factor full factorial design,377,378,3,0,1,1,30,60,25,300,600,300,0.75,0.8,full,40,0,73,False,8,300.0,180.0,180.0,60.0,189683.94970218715,188985.4882109277,189027.7144015902,8,7,8,4,4,4,698.4614912594552,656.235300596949,0.3695847220183905,0.3471635377248302,40,81,success,14.75954381993506,,
11,Product-mix + seven-factor full factorial design,378,379,3,0,1,1,30,60,25,300,600,600,0.5,0.8,full,40,0,73,False,8,300.0,180.0,180.0,60.0,244916.31718122875,244393.4858682096,244407.9802057756,8,8,8,4,4,4,522.8313130191818,508.33697545315954,0.2139301344967604,0.2079870612347325,40,81,success,20.708636426948942,,
11,Product-mix + seven-factor full factorial design,379,380,3,0,1,1,30,60,25,300,600,600,0.75,0.8,full,40,0,73,False,8,300.0,180.0,180.0,60.0,244916.31718122875,244393.48586820904,244407.9802057756,8,8,8,4,4,4,522.8313130197057,508.33697545315954,0.2139301344969752,0.2079870612347325,40,81,success,19.047092393040657,,
11,Product-mix + seven-factor full factorial design,380,381,3,0,1,1,30,60,25,600,600,300,0.5,0.8,full,40,0,73,False,8,300.0,180.0,180.0,60.0,372682.34520054114,372398.0681829529,372275.71343987685,9,8,8,4,4,4,284.2770175882615,406.6317606642842,0.0763368668842291,0.1092286566069413,40,81,success,29.072524957940917,,
11,Product-mix + seven-factor full factorial design,381,382,3,0,1,1,30,60,25,600,600,300,0.75,0.8,full,40,0,73,False,8,300.0,180.0,180.0,60.0,372682.34520054114,372398.0681829529,372275.71343987685,9,8,8,4,4,4,284.2770175882615,406.6317606642842,0.0763368668842291,0.1092286566069413,40,81,success,25.14764321106486,,
11,Product-mix + seven-factor full factorial design,382,383,3,0,1,1,30,60,25,600,600,600,0.5,0.8,full,40,0,73,False,8,300.0,180.0,180.0,60.0,410069.7691084647,409481.3509551215,409511.7526271023,8,8,8,4,4,4,588.4181533431984,558.0164813623414,0.1436984009090289,0.1362638502515619,40,81,success,11.982451355899684,,
11,Product-mix + seven-factor full factorial design,383,384,3,0,1,1,30,60,25,600,600,600,0.75,0.8,full,40,0,73,False,8,300.0,180.0,180.0,60.0,410069.7691084647,409481.3509551215,409511.7526271023,8,8,8,4,4,4,588.4181533431984,558.0164813623414,0.1436984009090289,0.1362638502515619,40,81,success,13.928783884039149,,
11,Product-mix + seven-factor full factorial design,384,385,2,2,0,0,15,30,10,300,300,300,0.5,0.8,full,40,0,73,False,8,300.0,180.0,180.0,60.0,84312.56188105528,73778.39783379373,54476.19173941546,6,5,8,2,2,4,10534.164047261556,29836.370141639825,14.278114402799416,54.76955930466071,40,81,success,4.854383676080033,,
11,Product-mix + seven-factor full factorial design,385,386,2,2,0,0,15,30,10,300,300,300,0.75,0.8,full,40,0,73,False,8,300.0,180.0,180.0,60.0,97622.4774461422,74775.13084643632,54476.19173941546,8,6,8,3,2,4,22847.346599705867,43146.28570672673,30.554739712360853,79.20209605163876,40,81,success,15.762016337015666,,
11,Product-mix + seven-factor full factorial design,386,387,2,2,0,0,15,30,10,300,300,600,0.5,0.8,full,40,0,73,False,8,300.0,180.0,180.0,60.0,84312.56188105528,73778.39783379373,54476.19173941546,6,5,8,2,2,4,10534.164047261556,29836.370141639825,14.278114402799416,54.76955930466071,40,81,success,4.663580271997489,,
11,Product-mix + seven-factor full factorial design,387,388,2,2,0,0,15,30,10,300,300,600,0.75,0.8,full,40,0,73,False,8,300.0,180.0,180.0,60.0,97622.4774461422,74775.13084643632,54476.19173941546,8,6,8,3,2,4,22847.346599705867,43146.28570672673,30.554739712360853,79.20209605163876,40,81,success,17.251618051086552,,
11,Product-mix + seven-factor full factorial design,388,389,2,2,0,0,15,30,10,600,300,300,0.5,0.8,full,40,0,73,False,8,300.0,180.0,180.0,60.0,150144.05630613724,136551.8594502603,116184.21646926738,7,6,8,2,2,4,13592.196855876944,33959.839836869854,9.953871672342895,29.22930572575044,40,81,success,14.228980853920802,,
11,Product-mix + seven-factor full factorial design,389,390,2,2,0,0,15,30,10,600,300,300,0.75,0.8,full,40,0,73,False,8,300.0,180.0,180.0,60.0,169047.83193405473,136551.8594502603,116184.21646926738,10,6,8,3,2,4,32495.97248379444,52863.61546478735,23.797532025282496,45.49982525274475,40,81,success,31.061832141014747,,
11,Product-mix + seven-factor full factorial design,390,391,2,2,0,0,15,30,10,600,300,600,0.5,0.8,full,40,0,73,False,8,300.0,180.0,180.0,60.0,150144.05630613724,136551.8594502603,116184.21646926738,7,6,8,2,2,4,13592.196855876944,33959.839836869854,9.953871672342895,29.22930572575044,40,81,success,17.058568246895447,,
11,Product-mix + seven-factor full factorial design,391,392,2,2,0,0,15,30,10,600,300,600,0.75,0.8,full,40,0,73,False,8,300.0,180.0,180.0,60.0,169047.83193405473,136551.8594502603,116184.21646926738,10,6,8,3,2,4,32495.97248379444,52863.61546478735,23.797532025282496,45.49982525274475,40,81,success,30.073793246992864,,
11,Product-mix + seven-factor full factorial design,392,393,2,2,0,0,15,30,10,300,600,300,0.5,0.8,full,40,0,73,False,8,300.0,180.0,180.0,60.0,160061.94849805092,142468.98518603927,131071.98750257208,8,6,8,2,2,4,17592.96331201165,28989.960995478847,12.34862681799716,22.11758709686917,40,81,success,8.95640858297702,,
11,Product-mix + seven-factor full factorial design,393,394,2,2,0,0,15,30,10,300,600,300,0.75,0.8,full,40,0,73,False,8,300.0,180.0,180.0,60.0,192277.8971275664,142468.98518603927,131071.98750257208,9,6,8,3,2,4,49808.91194152716,61205.909624994354,34.9612316508646,46.69640766971149,40,81,success,18.3521256899694,,
11,Product-mix + seven-factor full factorial design,394,395,2,2,0,0,15,30,10,300,600,600,0.5,0.8,full,40,0,73,False,8,300.0,180.0,180.0,60.0,160061.94849805092,142468.98518603927,131071.98750257208,8,6,8,2,2,4,17592.96331201165,28989.960995478847,12.34862681799716,22.11758709686917,40,81,success,9.063944239052944,,
11,Product-mix + seven-factor full factorial design,395,396,2,2,0,0,15,30,10,300,600,600,0.75,0.8,full,40,0,73,False,8,300.0,180.0,180.0,60.0,192277.89712756648,142468.98518603927,131071.98750257208,9,6,8,3,2,4,49808.911941527214,61205.90962499441,34.96123165086464,46.69640766971154,40,81,success,17.530322595965117,,
11,Product-mix + seven-factor full factorial design,396,397,2,2,0,0,15,30,10,600,600,300,0.5,0.8,full,40,0,73,False,8,300.0,180.0,180.0,60.0,235982.84304827676,167278.4236048336,192408.7073027528,9,6,8,3,2,4,68704.41944344313,43574.13574552391,41.07189556361761,22.64665479871476,40,81,success,15.442981955013238,,
11,Product-mix + seven-factor full factorial design,397,398,2,2,0,0,15,30,10,600,600,300,0.75,0.8,full,40,0,73,False,8,300.0,180.0,180.0,60.0,258619.8973133375,200763.7450217253,192408.7073027528,10,6,8,4,3,4,57856.152291612205,66211.19001058469,28.81802801863025,34.41174307480907,40,81,success,18.341812612023205,,
11,Product-mix + seven-factor full factorial design,398,399,2,2,0,0,15,30,10,600,600,600,0.5,0.8,full,40,0,73,False,8,300.0,180.0,180.0,60.0,235982.84304827676,167278.4236048336,192408.7073027528,9,6,8,3,2,4,68704.41944344313,43574.13574552391,41.07189556361761,22.64665479871476,40,81,success,13.194043065072036,,
11,Product-mix + seven-factor full factorial design,399,400,2,2,0,0,15,30,10,600,600,600,0.75,0.8,full,40,0,73,False,8,300.0,180.0,180.0,60.0,258619.8973133375,200763.7450217253,192408.7073027528,10,6,8,4,3,4,57856.152291612205,66211.19001058475,28.81802801863025,34.4117430748091,40,81,success,19.27423308801372,,
11,Product-mix + seven-factor full factorial design,400,401,2,2,0,0,30,30,10,300,300,300,0.5,0.8,full,40,0,73,False,8,300.0,180.0,180.0,60.0,112049.32736611152,94850.01960120747,100310.57931507129,6,2,8,3,2,4,17199.30776490405,11738.748051040238,18.133162056494815,11.70240280855056,40,81,success,13.676438185037114,,
11,Product-mix + seven-factor full factorial design,401,402,2,2,0,0,30,30,10,300,300,300,0.75,0.8,full,40,0,73,False,8,300.0,180.0,180.0,60.0,127384.7697150694,100932.45678062676,100310.57931507129,8,6,8,4,3,4,26452.312934442627,27074.1903999981,26.207935265001847,26.990363912623028,40,81,success,20.83016671508085,,
11,Product-mix + seven-factor full factorial design,402,403,2,2,0,0,30,30,10,300,300,600,0.5,0.8,full,40,0,73,False,8,300.0,180.0,180.0,60.0,112049.32736611152,94850.01960120747,100310.57931507129,6,2,8,3,2,4,17199.30776490405,11738.748051040238,18.133162056494815,11.70240280855056,40,81,success,16.400148426997475,,
11,Product-mix + seven-factor full factorial design,403,404,2,2,0,0,30,30,10,300,300,600,0.75,0.8,full,40,0,73,False,8,300.0,180.0,180.0,60.0,127384.7697150694,100932.45678062676,100310.57931507129,8,6,8,4,3,4,26452.312934442627,27074.1903999981,26.207935265001847,26.990363912623028,40,81,success,18.82306104095187,,
11,Product-mix + seven-factor full factorial design,404,405,2,2,0,0,30,30,10,600,300,300,0.5,0.8,full,40,0,73,False,8,300.0,180.0,180.0,60.0,263250.7289578184,222995.43260445504,222775.1339010716,10,6,8,4,3,4,40255.29635336332,40475.59505674674,18.05207213583041,18.168811908209133,40,81,success,15.117590241949074,,
11,Product-mix + seven-factor full factorial design,405,406,2,2,0,0,30,30,10,600,300,300,0.75,0.8,full,40,0,73,False,8,300.0,180.0,180.0,60.0,264956.2101700237,223475.4746015469,222775.1339010716,10,7,8,4,3,4,41480.73556847678,42181.07626895211,18.56165006134845,18.93437365755712,40,81,success,27.475330328918066,,
11,Product-mix + seven-factor full factorial design,406,407,2,2,0,0,30,30,10,600,300,600,0.5,0.8,full,40,0,73,False,8,300.0,180.0,180.0,60.0,263250.7289578195,222995.43260445504,222775.1339010716,10,6,8,4,3,4,40255.29635336448,40475.5950567479,18.052072135830937,18.16881190820965,40,81,success,14.863792730029672,,
11,Product-mix + seven-factor full factorial design,407,408,2,2,0,0,30,30,10,600,300,600,0.75,0.8,full,40,0,73,False,8,300.0,180.0,180.0,60.0,264956.2101700237,223475.4746015466,222775.1339010716,10,7,8,4,3,4,41480.73556847713,42181.07626895211,18.56165006134864,18.93437365755712,40,81,success,25.7669407769572,,
11,Product-mix + seven-factor full factorial design,408,409,2,2,0,0,30,30,10,300,600,300,0.5,0.8,full,40,0,73,False,8,300.0,180.0,180.0,60.0,197859.8995011035,161060.42697710352,175793.30181708478,8,6,8,3,2,4,36799.47252399998,22066.59768401872,22.84823976607949,12.552581614844064,40,81,success,9.43240467691794,,
11,Product-mix + seven-factor full factorial design,409,410,2,2,0,0,30,30,10,300,600,300,0.75,0.8,full,40,0,73,False,8,300.0,180.0,180.0,60.0,222508.39949067112,175607.62614283676,175793.30181708478,10,8,8,4,3,4,46900.77334783436,46715.09767358634,26.707708758437366,26.57387806629516,40,81,success,18.182044537039477,,
11,Product-mix + seven-factor full factorial design,410,411,2,2,0,0,30,30,10,300,600,600,0.5,0.8,full,40,0,73,False,8,300.0,180.0,180.0,60.0,197859.8995011035,161060.42697710352,175793.30181708478,8,6,8,3,2,4,36799.47252399998,22066.59768401872,22.84823976607949,12.552581614844064,40,81,success,8.247107886010781,,
11,Product-mix + seven-factor full factorial design,411,412,2,2,0,0,30,30,10,300,600,600,0.75,0.8,full,40,0,73,False,8,300.0,180.0,180.0,60.0,222508.39949067112,175607.62614283676,175793.30181708478,10,8,8,4,3,4,46900.77334783436,46715.09767358634,26.707708758437366,26.57387806629516,40,81,success,15.824044976034202,,
11,Product-mix + seven-factor full factorial design,412,413,2,2,0,0,30,30,10,600,600,300,0.5,0.8,full,40,0,73,False,8,300.0,180.0,180.0,60.0,322056.9938664313,251457.15642919505,284077.4824540645,10,6,8,4,3,4,70599.83743723627,37979.51141236682,28.076288795986475,13.369419879489438,40,81,success,14.999282471020706,,
11,Product-mix + seven-factor full factorial design,413,414,2,2,0,0,30,30,10,600,600,300,0.75,0.8,full,40,0,73,False,8,300.0,180.0,180.0,60.0,327136.7406342814,284115.43275655503,284077.4824540645,9,8,8,4,4,4,43021.30787772639,43059.258180216944,15.14219324882267,15.157575253145822,40,81,success,19.1130219589686,,
11,Product-mix + seven-factor full factorial design,414,415,2,2,0,0,30,30,10,600,600,600,0.5,0.8,full,40,0,73,False,8,300.0,180.0,180.0,60.0,322056.9938664313,251457.15642919505,284077.4824540645,10,6,8,4,3,4,70599.83743723627,37979.51141236682,28.076288795986475,13.369419879489438,40,81,success,15.756527876947075,,
11,Product-mix + seven-factor full factorial design,415,416,2,2,0,0,30,30,10,600,600,600,0.75,0.8,full,40,0,73,False,8,300.0,180.0,180.0,60.0,327136.7406342814,284115.43275655503,284077.4824540645,9,8,8,4,4,4,43021.30787772639,43059.258180216944,15.14219324882267,15.157575253145822,40,81,success,19.230159310041927,,
11,Product-mix + seven-factor full factorial design,416,417,2,2,0,0,15,30,25,300,300,300,0.5,0.8,full,40,0,73,False,8,300.0,180.0,180.0,60.0,84312.56188105528,73778.39783379373,54476.19173941546,6,5,8,2,2,4,10534.164047261556,29836.370141639825,14.278114402799416,54.76955930466071,40,81,success,4.372181962011382,,
11,Product-mix + seven-factor full factorial design,417,418,2,2,0,0,15,30,25,300,300,300,0.75,0.8,full,40,0,73,False,8,300.0,180.0,180.0,60.0,97622.4774461422,74775.13084643632,54476.19173941543,8,6,8,3,2,4,22847.346599705867,43146.28570672676,30.554739712360853,79.20209605163886,40,81,success,15.10753406607546,,
11,Product-mix + seven-factor full factorial design,418,419,2,2,0,0,15,30,25,300,300,600,0.5,0.8,full,40,0,73,False,8,300.0,180.0,180.0,60.0,84312.56188105528,73778.39783379373,54476.19173941546,6,5,8,2,2,4,10534.164047261556,29836.370141639825,14.278114402799416,54.76955930466071,40,81,success,4.675833550980315,,
11,Product-mix + seven-factor full factorial design,419,420,2,2,0,0,15,30,25,300,300,600,0.75,0.8,full,40,0,73,False,8,300.0,180.0,180.0,60.0,97622.4774461422,74775.13084643632,54476.19173941543,8,6,8,3,2,4,22847.346599705867,43146.28570672676,30.554739712360853,79.20209605163886,40,81,success,13.376965407980606,,
11,Product-mix + seven-factor full factorial design,420,421,2,2,0,0,15,30,25,600,300,300,0.5,0.8,full,40,0,73,False,8,300.0,180.0,180.0,60.0,150144.05630613724,136551.8594502603,116184.21646926738,7,6,8,2,2,4,13592.196855876944,33959.839836869854,9.953871672342895,29.22930572575044,40,81,success,14.965988220996223,,
11,Product-mix + seven-factor full factorial design,421,422,2,2,0,0,15,30,25,600,300,300,0.75,0.8,full,40,0,73,False,8,300.0,180.0,180.0,60.0,169047.83193405473,136551.8594502603,116184.21646926738,10,6,8,3,2,4,32495.97248379444,52863.61546478735,23.797532025282496,45.49982525274475,40,81,success,27.72300316498149,,
11,Product-mix + seven-factor full factorial design,422,423,2,2,0,0,15,30,25,600,300,600,0.5,0.8,full,40,0,73,False,8,300.0,180.0,180.0,60.0,150144.05630613724,136551.8594502603,116184.21646926738,7,6,8,2,2,4,13592.196855876944,33959.839836869854,9.953871672342895,29.22930572575044,40,81,success,18.600109172053635,,
11,Product-mix + seven-factor full factorial design,423,424,2,2,0,0,15,30,25,600,300,600,0.75,0.8,full,40,0,73,False,8,300.0,180.0,180.0,60.0,169047.83193405473,136551.8594502603,116184.21646926738,10,6,8,3,2,4,32495.97248379444,52863.61546478735,23.797532025282496,45.49982525274475,40,81,success,29.245599055895585,,
11,Product-mix + seven-factor full factorial design,424,425,2,2,0,0,15,30,25,300,600,300,0.5,0.8,full,40,0,73,False,8,300.0,180.0,180.0,60.0,160061.94849805092,142468.98518603927,131071.98750257208,8,6,8,2,2,4,17592.96331201165,28989.960995478847,12.34862681799716,22.11758709686917,40,81,success,8.500623732921667,,
11,Product-mix + seven-factor full factorial design,425,426,2,2,0,0,15,30,25,300,600,300,0.75,0.8,full,40,0,73,False,8,300.0,180.0,180.0,60.0,192277.89712756648,142468.98518603927,131071.98750257208,9,6,8,3,2,4,49808.911941527214,61205.90962499441,34.96123165086464,46.69640766971154,40,81,success,14.660831650951875,,
11,Product-mix + seven-factor full factorial design,426,427,2,2,0,0,15,30,25,300,600,600,0.5,0.8,full,40,0,73,False,8,300.0,180.0,180.0,60.0,160061.94849805092,142468.98518603927,131071.98750257208,8,6,8,2,2,4,17592.96331201165,28989.960995478847,12.34862681799716,22.11758709686917,40,81,success,8.16704462992493,,
11,Product-mix + seven-factor full factorial design,427,428,2,2,0,0,15,30,25,300,600,600,0.75,0.8,full,40,0,73,False,8,300.0,180.0,180.0,60.0,192277.89712756648,142468.98518603927,131071.98750257208,9,6,8,3,2,4,49808.911941527214,61205.90962499441,34.96123165086464,46.69640766971154,40,81,success,16.797452619997784,,
11,Product-mix + seven-factor full factorial design,428,429,2,2,0,0,15,30,25,600,600,300,0.5,0.8,full,40,0,73,False,8,300.0,180.0,180.0,60.0,235982.84304827676,167278.4236048336,192408.7073027528,9,6,8,3,2,4,68704.41944344313,43574.13574552391,41.07189556361761,22.64665479871476,40,81,success,15.333980211056767,,
11,Product-mix + seven-factor full factorial design,429,430,2,2,0,0,15,30,25,600,600,300,0.75,0.8,full,40,0,73,False,8,300.0,180.0,180.0,60.0,258619.8973133375,200763.7450217253,192408.7073027528,10,6,8,4,3,4,57856.152291612205,66211.19001058469,28.81802801863025,34.41174307480907,40,81,success,20.919126388966102,,
11,Product-mix + seven-factor full factorial design,430,431,2,2,0,0,15,30,25,600,600,600,0.5,0.8,full,40,0,73,False,8,300.0,180.0,180.0,60.0,235982.84304827676,167278.4236048336,192408.7073027528,9,6,8,3,2,4,68704.41944344313,43574.13574552391,41.07189556361761,22.64665479871476,40,81,success,13.721696759108454,,
11,Product-mix + seven-factor full factorial design,431,432,2,2,0,0,15,30,25,600,600,600,0.75,0.8,full,40,0,73,False,8,300.0,180.0,180.0,60.0,258619.8973133375,200763.7450217253,192408.7073027528,10,6,8,4,3,4,57856.152291612205,66211.19001058469,28.81802801863025,34.41174307480907,40,81,success,20.61335441900883,,
11,Product-mix + seven-factor full factorial design,432,433,2,2,0,0,30,30,25,300,300,300,0.5,0.8,full,40,0,73,False,8,300.0,180.0,180.0,60.0,112049.32736611152,94850.01960120747,100310.57931507129,6,2,8,3,2,4,17199.30776490405,11738.748051040238,18.133162056494815,11.70240280855056,40,81,success,14.05792424606625,,
11,Product-mix + seven-factor full factorial design,433,434,2,2,0,0,30,30,25,300,300,300,0.75,0.8,full,40,0,73,False,8,300.0,180.0,180.0,60.0,127384.7697150694,100932.45678062676,100310.57931507129,8,6,8,4,3,4,26452.312934442627,27074.1903999981,26.207935265001847,26.990363912623028,40,81,success,18.13132448203396,,
11,Product-mix + seven-factor full factorial design,434,435,2,2,0,0,30,30,25,300,300,600,0.5,0.8,full,40,0,73,False,8,300.0,180.0,180.0,60.0,112049.32736611152,94850.01960120747,100310.57931507129,6,2,8,3,2,4,17199.30776490405,11738.748051040238,18.133162056494815,11.70240280855056,40,81,success,16.12869452801533,,
11,Product-mix + seven-factor full factorial design,435,436,2,2,0,0,30,30,25,300,300,600,0.75,0.8,full,40,0,73,False,8,300.0,180.0,180.0,60.0,127384.7697150694,100932.45678062676,100310.57931507129,8,6,8,4,3,4,26452.312934442627,27074.1903999981,26.207935265001847,26.990363912623028,40,81,success,18.3610380559694,,
11,Product-mix + seven-factor full factorial design,436,437,2,2,0,0,30,30,25,600,300,300,0.5,0.8,full,40,0,73,False,8,300.0,180.0,180.0,60.0,263250.72895781946,222995.43260445504,222775.1339010716,10,6,8,4,3,4,40255.29635336442,40475.59505674784,18.05207213583091,18.16881190820963,40,81,success,16.031353364000097,,
11,Product-mix + seven-factor full factorial design,437,438,2,2,0,0,30,30,25,600,300,300,0.75,0.8,full,40,0,73,False,8,300.0,180.0,180.0,60.0,264956.21017002425,223475.4746015466,222775.1339010716,10,7,8,4,3,4,41480.735568477656,42181.07626895263,18.56165006134887,18.934373657557355,40,81,success,25.480427954928015,,
11,Product-mix + seven-factor full factorial design,438,439,2,2,0,0,30,30,25,600,300,600,0.5,0.8,full,40,0,73,False,8,300.0,180.0,180.0,60.0,263250.7289578184,222995.43260445504,222775.1339010716,10,6,8,4,3,4,40255.29635336332,40475.59505674674,18.05207213583041,18.168811908209133,40,81,success,15.809182045049964,,
11,Product-mix + seven-factor full factorial design,439,440,2,2,0,0,30,30,25,600,300,600,0.75,0.8,full,40,0,73,False,8,300.0,180.0,180.0,60.0,264956.2101700243,223475.4746015466,222775.1339010716,10,7,8,4,3,4,41480.735568477714,42181.07626895269,18.561650061348896,18.934373657557384,40,81,success,24.71523032500409,,
11,Product-mix + seven-factor full factorial design,440,441,2,2,0,0,30,30,25,300,600,300,0.5,0.8,full,40,0,73,False,8,300.0,180.0,180.0,60.0,197859.8995011035,161060.42697710352,175793.30181708478,8,6,8,3,2,4,36799.47252399998,22066.59768401872,22.84823976607949,12.552581614844064,40,81,success,8.196790911955759,,
11,Product-mix + seven-factor full factorial design,441,442,2,2,0,0,30,30,25,300,600,300,0.75,0.8,full,40,0,73,False,8,300.0,180.0,180.0,60.0,222508.39949067088,175607.62614283612,175793.30181708478,10,8,8,4,3,4,46900.773347834765,46715.0976735861,26.707708758437693,26.573878066295027,40,81,success,17.560074052074924,,
11,Product-mix + seven-factor full factorial design,442,443,2,2,0,0,30,30,25,300,600,600,0.5,0.8,full,40,0,73,False,8,300.0,180.0,180.0,60.0,197859.8995011035,161060.42697710352,175793.30181708478,8,6,8,3,2,4,36799.47252399998,22066.59768401872,22.84823976607949,12.552581614844064,40,81,success,8.939301602076739,,
11,Product-mix + seven-factor full factorial design,443,444,2,2,0,0,30,30,25,300,600,600,0.75,0.8,full,40,0,73,False,8,300.0,180.0,180.0,60.0,222508.39949067088,175607.62614283676,175793.30181708478,10,8,8,4,3,4,46900.773347834125,46715.0976735861,26.70770875843723,26.573878066295027,40,81,success,17.45086004200857,,
11,Product-mix + seven-factor full factorial design,444,445,2,2,0,0,30,30,25,600,600,300,0.5,0.8,full,40,0,73,False,8,300.0,180.0,180.0,60.0,322056.9938664313,251457.15642919505,284077.4824540645,10,6,8,4,3,4,70599.83743723627,37979.51141236682,28.076288795986475,13.369419879489438,40,81,success,14.87322602502536,,
11,Product-mix + seven-factor full factorial design,445,446,2,2,0,0,30,30,25,600,600,300,0.75,0.8,full,40,0,73,False,8,300.0,180.0,180.0,60.0,327136.7406342814,284115.43275655503,284077.4824540645,9,8,8,4,4,4,43021.30787772639,43059.258180216944,15.14219324882267,15.157575253145822,40,81,success,19.351123843924142,,
11,Product-mix + seven-factor full factorial design,446,447,2,2,0,0,30,30,25,600,600,600,0.5,0.8,full,40,0,73,False,8,300.0,180.0,180.0,60.0,322056.9938664313,251457.15642919505,284077.4824540645,10,6,8,4,3,4,70599.83743723627,37979.51141236682,28.076288795986475,13.369419879489438,40,81,success,15.447460563969798,,
11,Product-mix + seven-factor full factorial design,447,448,2,2,0,0,30,30,25,600,600,600,0.75,0.8,full,40,0,73,False,8,300.0,180.0,180.0,60.0,327136.7406342814,284115.43275655503,284077.4824540645,9,8,8,4,4,4,43021.30787772639,43059.258180216944,15.14219324882267,15.157575253145822,40,81,success,20.61224726401269,,
11,Product-mix + seven-factor full factorial design,448,449,2,2,0,0,15,60,10,300,300,300,0.5,0.8,full,40,0,73,False,8,300.0,180.0,180.0,60.0,84428.30895985875,73778.39783379369,76310.97138624455,6,5,8,2,2,4,10649.911126065068,8117.337573614204,14.434999185068978,10.63718286657454,40,81,success,5.211558150011115,,
11,Product-mix + seven-factor full factorial design,449,450,2,2,0,0,15,60,10,300,300,300,0.75,0.8,full,40,0,73,False,8,300.0,180.0,180.0,60.0,118389.42027167648,74787.6993398761,76310.97138624455,10,6,8,4,2,4,43601.72093180037,42078.44888543192,58.30065815188454,55.140759082273696,40,81,success,10.86208085110411,,
11,Product-mix + seven-factor full factorial design,450,451,2,2,0,0,15,60,10,300,300,600,0.5,0.8,full,40,0,73,False,8,300.0,180.0,180.0,60.0,84428.30895985875,73778.39783379369,76310.97138624455,6,5,8,2,2,4,10649.911126065068,8117.337573614204,14.434999185068978,10.63718286657454,40,81,success,5.844039002084173,,
11,Product-mix + seven-factor full factorial design,451,452,2,2,0,0,15,60,10,300,300,600,0.75,0.8,full,40,0,73,False,8,300.0,180.0,180.0,60.0,118389.42027167648,74787.6993398761,76310.97138624455,10,6,8,4,2,4,43601.72093180037,42078.44888543192,58.30065815188454,55.140759082273696,40,81,success,10.904198221047409,,
11,Product-mix + seven-factor full factorial design,452,453,2,2,0,0,15,60,10,600,300,300,0.5,0.8,full,40,0,73,False,8,300.0,180.0,180.0,60.0,172142.8593568098,136564.4279437,137004.4994434705,10,6,8,3,2,4,35578.43141310982,35138.359913339315,26.05248815436577,25.647595557865436,40,81,success,14.338676834013311,,
11,Product-mix + seven-factor full factorial design,453,454,2,2,0,0,15,60,10,600,300,300,0.75,0.8,full,40,0,73,False,8,300.0,180.0,180.0,60.0,189649.29085205024,136564.4279437,137004.4994434705,12,6,8,4,2,4,53084.862908350246,52644.79140857974,38.87166204821288,38.42559304433759,40,81,success,26.31592349091079,,
11,Product-mix + seven-factor full factorial design,454,455,2,2,0,0,15,60,10,600,300,600,0.5,0.8,full,40,0,73,False,8,300.0,180.0,180.0,60.0,172142.8593568098,136564.4279437,137004.4994434705,10,6,8,3,2,4,35578.43141310982,35138.359913339315,26.05248815436577,25.647595557865436,40,81,success,14.032989658997394,,
11,Product-mix + seven-factor full factorial design,455,456,2,2,0,0,15,60,10,600,300,600,0.75,0.8,full,40,0,73,False,8,300.0,180.0,180.0,60.0,189649.29085205024,136564.4279437,137004.49944347065,12,6,8,4,2,4,53084.862908350246,52644.79140857959,38.87166204821288,38.42559304433745,40,81,success,26.78337386692874,,
11,Product-mix + seven-factor full factorial design,456,457,2,2,0,0,15,60,10,300,600,300,0.5,0.8,full,40,0,73,False,8,300.0,180.0,180.0,60.0,220251.0495064592,143898.82893286482,180171.5947589841,10,6,8,3,2,4,76352.22057359436,40079.45474747507,53.05965388308758,22.245157346300584,40,81,success,8.919844488962553,,
11,Product-mix + seven-factor full factorial design,457,458,2,2,0,0,15,60,10,300,600,300,0.75,0.8,full,40,0,73,False,8,300.0,180.0,180.0,60.0,286220.52888265863,215776.8372366958,180171.5947589841,11,8,8,4,4,4,70443.69164596283,106048.93412367452,32.64654934611439,58.85996306217769,40,81,success,11.921000294038096,,
11,Product-mix + seven-factor full factorial design,458,459,2,2,0,0,15,60,10,300,600,600,0.5,0.8,full,40,0,73,False,8,300.0,180.0,180.0,60.0,220251.0495064592,143898.82893286482,180171.5947589841,10,6,8,3,2,4,76352.22057359436,40079.45474747507,53.05965388308758,22.245157346300584,40,81,success,8.216296308906749,,
11,Product-mix + seven-factor full factorial design,459,460,2,2,0,0,15,60,10,300,600,600,0.75,0.8,full,40,0,73,False,8,300.0,180.0,180.0,60.0,286220.52888265863,215776.8372366958,180171.5947589841,11,8,8,4,4,4,70443.69164596283,106048.93412367452,32.64654934611439,58.85996306217769,40,81,success,9.374069239012895,,
11,Product-mix + seven-factor full factorial design,460,461,2,2,0,0,15,60,10,600,600,300,0.5,0.8,full,40,0,73,False,8,300.0,180.0,180.0,60.0,304201.030540923,202666.4583297482,236078.266596411,11,8,8,4,3,4,101534.57221117482,68122.763944512,50.09934699997231,28.856008190271776,40,81,success,16.95205677091144,,
11,Product-mix + seven-factor full factorial design,461,462,2,2,0,0,15,60,10,600,600,300,0.75,0.8,full,40,0,73,False,8,300.0,180.0,180.0,60.0,309688.2082031805,240157.6977529569,236078.266596411,10,8,8,4,4,4,69530.51045022358,73609.94160676951,28.952022400609263,31.180312642929486,40,81,success,13.963072202983312,,
11,Product-mix + seven-factor full factorial design,462,463,2,2,0,0,15,60,10,600,600,600,0.5,0.8,full,40,0,73,False,8,300.0,180.0,180.0,60.0,304201.030540923,202666.4583297482,236078.266596411,11,8,8,4,3,4,101534.57221117482,68122.763944512,50.09934699997231,28.856008190271776,40,81,success,15.224307292955928,,
11,Product-mix + seven-factor full factorial design,463,464,2,2,0,0,15,60,10,600,600,600,0.75,0.8,full,40,0,73,False,8,300.0,180.0,180.0,60.0,309688.2082031805,240157.6977529569,236078.266596411,10,8,8,4,4,4,69530.51045022358,73609.94160676951,28.952022400609263,31.180312642929486,40,81,success,13.607905481941998,,
11,Product-mix + seven-factor full factorial design,464,465,2,2,0,0,30,60,10,300,300,300,0.5,0.8,full,40,0,73,False,8,300.0,180.0,180.0,60.0,128433.40047935056,94850.01960120747,101755.41862336452,8,2,8,4,2,4,33583.380878143085,26677.98185598603,35.40682544857962,26.217750579683013,40,81,success,15.501919400994666,,
11,Product-mix + seven-factor full factorial design,465,466,2,2,0,0,30,60,10,300,300,300,0.75,0.8,full,40,0,73,False,8,300.0,180.0,180.0,60.0,131007.13811907369,100941.83938975036,101755.41862336438,8,6,8,4,3,4,30065.29872932333,29251.7194957093,29.78477399568386,28.747087763435054,40,81,success,18.945381380966865,,
11,Product-mix + seven-factor full factorial design,466,467,2,2,0,0,30,60,10,300,300,600,0.5,0.8,full,40,0,73,False,8,300.0,180.0,180.0,60.0,128433.40047935056,94850.01960120747,101755.41862336438,8,2,8,4,2,4,33583.380878143085,26677.98185598617,35.40682544857962,26.21775057968319,40,81,success,15.62333687802311,,
11,Product-mix + seven-factor full factorial design,467,468,2,2,0,0,30,60,10,300,300,600,0.75,0.8,full,40,0,73,False,8,300.0,180.0,180.0,60.0,131007.13811907369,100941.83938975036,101755.41862336438,8,6,8,4,3,4,30065.29872932333,29251.7194957093,29.78477399568386,28.747087763435054,40,81,success,18.254781344905496,,
11,Product-mix + seven-factor full factorial design,468,469,2,2,0,0,30,60,10,600,300,300,0.5,0.8,full,40,0,73,False,8,300.0,180.0,180.0,60.0,265904.5078421154,223006.9670667774,223821.84131379065,11,6,8,4,3,4,42897.54077533801,42082.66652832477,19.235964391414164,18.801858782551207,40,81,success,22.646271781995893,,
11,Product-mix + seven-factor full factorial design,469,470,2,2,0,0,30,60,10,600,300,300,0.75,0.8,full,40,0,73,False,8,300.0,180.0,180.0,60.0,266625.377949655,223484.85721066975,223821.84131379065,12,7,8,4,3,4,43140.520738985215,42803.53663586435,19.303554288834192,19.123931956155808,40,81,success,25.88887524895836,,
11,Product-mix + seven-factor full factorial design,470,471,2,2,0,0,30,60,10,600,300,600,0.5,0.8,full,40,0,73,False,8,300.0,180.0,180.0,60.0,265904.5078421154,223006.9670667774,223821.84131379024,11,6,8,4,3,4,42897.54077533801,42082.66652832518,19.235964391414164,18.801858782551424,40,81,success,16.174878526013345,,
11,Product-mix + seven-factor full factorial design,471,472,2,2,0,0,30,60,10,600,300,600,0.75,0.8,full,40,0,73,False,8,300.0,180.0,180.0,60.0,266625.3779496551,223484.85721066975,223821.84131379024,12,7,8,4,3,4,43140.52073898533,42803.53663586488,19.30355428883424,19.12393195615608,40,81,success,26.614084193948656,,
11,Product-mix + seven-factor full factorial design,472,473,2,2,0,0,30,60,10,300,600,300,0.5,0.8,full,40,0,73,False,8,300.0,180.0,180.0,60.0,276539.77600638126,162456.67594138623,205616.04199610365,12,6,8,4,2,4,114083.10006499504,70923.7340102776,70.22370696920808,34.493288228756775,40,81,success,5.806733679026365,,
11,Product-mix + seven-factor full factorial design,473,474,2,2,0,0,30,60,10,300,600,300,0.75,0.8,full,40,0,73,False,8,300.0,180.0,180.0,60.0,287672.38131226826,237412.42482203752,205616.04199610365,9,10,8,4,4,4,50259.95649023075,82056.33931616461,21.16989307863951,39.90755707559022,40,81,success,10.578898873995058,,
11,Product-mix + seven-factor full factorial design,474,475,2,2,0,0,30,60,10,300,600,600,0.5,0.8,full,40,0,73,False,8,300.0,180.0,180.0,60.0,276539.77600638126,162456.67594138623,205616.04199610365,12,6,8,4,2,4,114083.10006499504,70923.7340102776,70.22370696920808,34.493288228756775,40,81,success,5.8844218919985,,
11,Product-mix + seven-factor full factorial design,475,476,2,2,0,0,30,60,10,300,600,600,0.75,0.8,full,40,0,73,False,8,300.0,180.0,180.0,60.0,287672.38131226826,237412.42482203752,205616.04199610365,9,10,8,4,4,4,50259.95649023075,82056.33931616461,21.16989307863951,39.90755707559022,40,81,success,10.221130288089626,,
11,Product-mix + seven-factor full factorial design,476,477,2,2,0,0,30,60,10,600,600,300,0.5,0.8,full,40,0,73,False,8,300.0,180.0,180.0,60.0,325836.3502839845,286967.1610706502,286967.1610706507,10,8,8,4,4,4,38869.18921333429,38869.18921333383,13.544821319734506,13.544821319734323,40,81,success,17.97958430601284,,
11,Product-mix + seven-factor full factorial design,477,478,2,2,0,0,30,60,10,600,600,300,0.75,0.8,full,40,0,73,False,8,300.0,180.0,180.0,60.0,331000.7271250363,286967.16107065056,286967.1610706507,9,8,8,4,4,4,44033.56605438574,44033.56605438562,15.344461676416271,15.344461676416229,40,81,success,13.107980947941542,,
11,Product-mix + seven-factor full factorial design,478,479,2,2,0,0,30,60,10,600,600,600,0.5,0.8,full,40,0,73,False,8,300.0,180.0,180.0,60.0,325836.3502839871,286967.1610706502,286967.16107065097,10,8,8,4,4,4,38869.18921333691,38869.18921333616,13.54482131973542,13.54482131973512,40,81,success,17.37970009201672,,
11,Product-mix + seven-factor full factorial design,479,480,2,2,0,0,30,60,10,600,600,600,0.75,0.8,full,40,0,73,False,8,300.0,180.0,180.0,60.0,331000.72712503665,286967.16107065027,286967.16107065097,9,8,8,4,4,4,44033.56605438638,44033.56605438568,15.344461676416511,15.344461676416232,40,81,success,14.508011326077394,,
11,Product-mix + seven-factor full factorial design,480,481,2,2,0,0,15,60,25,300,300,300,0.5,0.8,full,40,0,73,False,8,300.0,180.0,180.0,60.0,84428.30895985875,73778.39783379369,76310.97138624455,6,5,8,2,2,4,10649.911126065068,8117.337573614204,14.434999185068978,10.63718286657454,40,81,success,6.194538358016871,,
11,Product-mix + seven-factor full factorial design,481,482,2,2,0,0,15,60,25,300,300,300,0.75,0.8,full,40,0,73,False,8,300.0,180.0,180.0,60.0,118389.42027167804,74787.6993398761,76310.97138624455,10,6,8,4,2,4,43601.720931801945,42078.44888543349,58.30065815188664,55.14075908227575,40,81,success,11.361871786997654,,
11,Product-mix + seven-factor full factorial design,482,483,2,2,0,0,15,60,25,300,300,600,0.5,0.8,full,40,0,73,False,8,300.0,180.0,180.0,60.0,84428.30895985875,73778.39783379369,76310.97138624455,6,5,8,2,2,4,10649.911126065068,8117.337573614204,14.434999185068978,10.63718286657454,40,81,success,5.949012040044181,,
11,Product-mix + seven-factor full factorial design,483,484,2,2,0,0,15,60,25,300,300,600,0.75,0.8,full,40,0,73,False,8,300.0,180.0,180.0,60.0,118389.42027167648,74787.6993398761,76310.97138624455,10,6,8,4,2,4,43601.72093180037,42078.44888543192,58.30065815188454,55.140759082273696,40,81,success,10.873873886070214,,
11,Product-mix + seven-factor full factorial design,484,485,2,2,0,0,15,60,25,600,300,300,0.5,0.8,full,40,0,73,False,8,300.0,180.0,180.0,60.0,172142.8593568098,136564.4279437,137004.4994434705,10,6,8,3,2,4,35578.43141310982,35138.359913339315,26.05248815436577,25.647595557865436,40,81,success,13.932780678966084,,
11,Product-mix + seven-factor full factorial design,485,486,2,2,0,0,15,60,25,600,300,300,0.75,0.8,full,40,0,73,False,8,300.0,180.0,180.0,60.0,189649.29085205024,136564.4279437,137004.49944347065,12,6,8,4,2,4,53084.862908350246,52644.79140857959,38.87166204821288,38.42559304433745,40,81,success,23.42248779500369,,
11,Product-mix + seven-factor full factorial design,486,487,2,2,0,0,15,60,25,600,300,600,0.5,0.8,full,40,0,73,False,8,300.0,180.0,180.0,60.0,172142.8593568098,136564.4279437,137004.4994434705,10,6,8,3,2,4,35578.43141310982,35138.359913339315,26.05248815436577,25.647595557865436,40,81,success,12.179290483007208,,
11,Product-mix + seven-factor full factorial design,487,488,2,2,0,0,15,60,25,600,300,600,0.75,0.8,full,40,0,73,False,8,300.0,180.0,180.0,60.0,189649.29085205024,136564.4279437,137004.4994434705,12,6,8,4,2,4,53084.862908350246,52644.79140857974,38.87166204821288,38.42559304433759,40,81,success,23.963351721991785,,
11,Product-mix + seven-factor full factorial design,488,489,2,2,0,0,15,60,25,300,600,300,0.5,0.8,full,40,0,73,False,8,300.0,180.0,180.0,60.0,220251.0495064592,143898.82893286482,180171.5947589841,10,6,8,3,2,4,76352.22057359436,40079.45474747507,53.05965388308758,22.245157346300584,40,81,success,8.449567493982613,,
11,Product-mix + seven-factor full factorial design,489,490,2,2,0,0,15,60,25,300,600,300,0.75,0.8,full,40,0,73,False,8,300.0,180.0,180.0,60.0,286220.52888265863,215776.8372366958,180171.5947589841,11,8,8,4,4,4,70443.69164596283,106048.93412367452,32.64654934611439,58.85996306217769,40,81,success,9.260514593101108,,
11,Product-mix + seven-factor full factorial design,490,491,2,2,0,0,15,60,25,300,600,600,0.5,0.8,full,40,0,73,False,8,300.0,180.0,180.0,60.0,220251.0495064592,143898.82893286482,180171.5947589841,10,6,8,3,2,4,76352.22057359436,40079.45474747507,53.05965388308758,22.245157346300584,40,81,success,8.390009076916613,,
11,Product-mix + seven-factor full factorial design,491,492,2,2,0,0,15,60,25,300,600,600,0.75,0.8,full,40,0,73,False,8,300.0,180.0,180.0,60.0,286220.52888265863,215776.8372366958,180171.5947589841,11,8,8,4,4,4,70443.69164596283,106048.93412367452,32.64654934611439,58.85996306217769,40,81,success,10.243022129987366,,
11,Product-mix + seven-factor full factorial design,492,493,2,2,0,0,15,60,25,600,600,300,0.5,0.8,full,40,0,73,False,8,300.0,180.0,180.0,60.0,304201.030540923,202666.4583297482,236078.266596411,11,8,8,4,3,4,101534.57221117482,68122.763944512,50.09934699997231,28.856008190271776,40,81,success,15.783376968000084,,
11,Product-mix + seven-factor full factorial design,493,494,2,2,0,0,15,60,25,600,600,300,0.75,0.8,full,40,0,73,False,8,300.0,180.0,180.0,60.0,309688.20820318145,240157.6977529569,236078.266596411,10,8,8,4,4,4,69530.51045022451,73609.94160677044,28.95202240060965,31.18031264292988,40,81,success,13.531830765889026,,
11,Product-mix + seven-factor full factorial design,494,495,2,2,0,0,15,60,25,600,600,600,0.5,0.8,full,40,0,73,False,8,300.0,180.0,180.0,60.0,304201.030540923,202666.4583297482,236078.266596411,11,8,8,4,3,4,101534.57221117482,68122.763944512,50.09934699997231,28.856008190271776,40,81,success,14.798758838907816,,
11,Product-mix + seven-factor full factorial design,495,496,2,2,0,0,15,60,25,600,600,600,0.75,0.8,full,40,0,73,False,8,300.0,180.0,180.0,60.0,309688.20820318145,240157.6977529569,236078.266596411,10,8,8,4,4,4,69530.51045022451,73609.94160677044,28.95202240060965,31.18031264292988,40,81,success,11.57861203700304,,
11,Product-mix + seven-factor full factorial design,496,497,2,2,0,0,30,60,25,300,300,300,0.5,0.8,full,40,0,73,False,8,300.0,180.0,180.0,60.0,128433.40047935056,94850.01960120747,101755.41862336438,8,2,8,4,2,4,33583.380878143085,26677.98185598617,35.40682544857962,26.21775057968319,40,81,success,16.20323860796634,,
11,Product-mix + seven-factor full factorial design,497,498,2,2,0,0,30,60,25,300,300,300,0.75,0.8,full,40,0,73,False,8,300.0,180.0,180.0,60.0,131007.13811907369,100941.83938975036,101755.41862336452,8,6,8,4,3,4,30065.29872932333,29251.71949570916,29.78477399568386,28.74708776343488,40,81,success,17.05200007709209,,
11,Product-mix + seven-factor full factorial design,498,499,2,2,0,0,30,60,25,300,300,600,0.5,0.8,full,40,0,73,False,8,300.0,180.0,180.0,60.0,128433.40047935056,94850.01960120747,101755.41862336438,8,2,8,4,2,4,33583.380878143085,26677.98185598617,35.40682544857962,26.21775057968319,40,81,success,13.694087368086912,,
11,Product-mix + seven-factor full factorial design,499,500,2,2,0,0,30,60,25,300,300,600,0.75,0.8,full,40,0,73,False,8,300.0,180.0,180.0,60.0,131007.13811907369,100941.83938975036,101755.41862336438,8,6,8,4,3,4,30065.29872932333,29251.7194957093,29.78477399568386,28.747087763435054,40,81,success,18.184993906063028,,
11,Product-mix + seven-factor full factorial design,500,501,2,2,0,0,30,60,25,600,300,300,0.5,0.8,full,40,0,73,False,8,300.0,180.0,180.0,60.0,265904.5078421144,223006.9670667774,223821.84131379024,11,6,8,4,3,4,42897.540775337024,42082.66652832419,19.23596439141372,18.80185878255098,40,81,success,14.6456493770238,,
11,Product-mix + seven-factor full factorial design,501,502,2,2,0,0,30,60,25,600,300,300,0.75,0.8,full,40,0,73,False,8,300.0,180.0,180.0,60.0,266625.377949655,223484.85721066975,223821.84131379065,12,7,8,4,3,4,43140.520738985215,42803.53663586435,19.303554288834192,19.123931956155808,40,81,success,21.638944908045232,,
11,Product-mix + seven-factor full factorial design,502,503,2,2,0,0,30,60,25,600,300,600,0.5,0.8,full,40,0,73,False,8,300.0,180.0,180.0,60.0,265904.5078421144,223006.9670667774,223821.84131379024,11,6,8,4,3,4,42897.540775337024,42082.66652832419,19.23596439141372,18.80185878255098,40,81,success,15.30650546902325,,
11,Product-mix + seven-factor full factorial design,503,504,2,2,0,0,30,60,25,600,300,600,0.75,0.8,full,40,0,73,False,8,300.0,180.0,180.0,60.0,266625.377949655,223484.85721066975,223821.84131379024,12,7,8,4,3,4,43140.520738985215,42803.53663586476,19.303554288834192,19.123931956156024,40,81,success,20.840414678910747,,
11,Product-mix + seven-factor full factorial design,504,505,2,2,0,0,30,60,25,300,600,300,0.5,0.8,full,40,0,73,False,8,300.0,180.0,180.0,60.0,276539.77600638126,162456.67594138623,205616.04199610365,12,6,8,4,2,4,114083.10006499504,70923.7340102776,70.22370696920808,34.493288228756775,40,81,success,5.703177754068747,,
11,Product-mix + seven-factor full factorial design,505,506,2,2,0,0,30,60,25,300,600,300,0.75,0.8,full,40,0,73,False,8,300.0,180.0,180.0,60.0,287672.38131226826,237412.42482203752,205616.04199610365,9,10,8,4,4,4,50259.95649023075,82056.33931616461,21.16989307863951,39.90755707559022,40,81,success,9.841206950019114,,
11,Product-mix + seven-factor full factorial design,506,507,2,2,0,0,30,60,25,300,600,600,0.5,0.8,full,40,0,73,False,8,300.0,180.0,180.0,60.0,276539.77600638126,162456.67594138623,205616.04199610365,12,6,8,4,2,4,114083.10006499504,70923.7340102776,70.22370696920808,34.493288228756775,40,81,success,5.733559050015174,,
11,Product-mix + seven-factor full factorial design,507,508,2,2,0,0,30,60,25,300,600,600,0.75,0.8,full,40,0,73,False,8,300.0,180.0,180.0,60.0,287672.38131226826,237412.42482203752,205616.04199610365,9,10,8,4,4,4,50259.95649023075,82056.33931616461,21.16989307863951,39.90755707559022,40,81,success,9.51423873391468,,
11,Product-mix + seven-factor full factorial design,508,509,2,2,0,0,30,60,25,600,600,300,0.5,0.8,full,40,0,73,False,8,300.0,180.0,180.0,60.0,325836.3502839845,286967.1610706502,286967.16107065097,10,8,8,4,4,4,38869.18921333429,38869.189213333535,13.544821319734506,13.544821319734208,40,81,success,19.430991805973463,,
11,Product-mix + seven-factor full factorial design,509,510,2,2,0,0,30,60,25,600,600,300,0.75,0.8,full,40,0,73,False,8,300.0,180.0,180.0,60.0,331000.72712503665,286967.16107065056,286967.1610706507,9,8,8,4,4,4,44033.56605438609,44033.56605438597,15.344461676416396,15.34446167641635,40,81,success,19.26345149800181,,
11,Product-mix + seven-factor full factorial design,510,511,2,2,0,0,30,60,25,600,600,600,0.5,0.8,full,40,0,73,False,8,300.0,180.0,180.0,60.0,325836.3502839845,286967.1610706502,286967.1610706507,10,8,8,4,4,4,38869.18921333429,38869.18921333383,13.544821319734506,13.544821319734323,40,81,success,21.117063182988204,,
11,Product-mix + seven-factor full factorial design,511,512,2,2,0,0,30,60,25,600,600,600,0.75,0.8,full,40,0,73,False,8,300.0,180.0,180.0,60.0,331000.72712503665,286967.16107065056,286967.16107065097,9,8,8,4,4,4,44033.56605438609,44033.56605438568,15.344461676416396,15.344461676416232,40,81,success,15.967449442017823,,
11,Product-mix + seven-factor full factorial design,512,513,2,1,1,1,15,30,10,300,300,300,0.5,0.8,full,40,0,73,False,8,300.0,180.0,180.0,60.0,108752.1630531211,100000.40055732106,67181.6516347116,9,6,8,3,3,4,8751.762495800038,41570.5114184095,8.751727440115058,61.87777526584466,40,81,success,16.74079025804531,,
11,Product-mix + seven-factor full factorial design,513,514,2,1,1,1,15,30,10,300,300,300,0.75,0.8,full,40,0,73,False,8,300.0,180.0,180.0,60.0,109616.27151845866,100000.40055732106,67181.6516347116,8,6,8,3,3,4,9615.870961137596,42434.61988374706,9.61583244421676,63.16400215117937,40,81,success,14.630108269979246,,
11,Product-mix + seven-factor full factorial design,514,515,2,1,1,1,15,30,10,300,300,600,0.5,0.8,full,40,0,73,False,8,300.0,180.0,180.0,60.0,137926.8455795001,124493.4320350734,91674.683112464,9,6,8,3,3,4,13433.4135444267,46252.162467036105,10.790459645005305,50.4524923312745,40,81,success,19.61187330202665,,
11,Product-mix + seven-factor full factorial design,515,516,2,1,1,1,15,30,10,300,300,600,0.75,0.8,full,40,0,73,False,8,300.0,180.0,180.0,60.0,138219.38688076806,124493.4320350734,91674.683112464,8,6,8,3,3,4,13725.95484569465,46544.70376830405,11.025444974340214,50.77160038961278,40,81,success,21.556792326970022,,
11,Product-mix + seven-factor full factorial design,516,517,2,1,1,1,15,30,10,600,300,300,0.5,0.8,full,40,0,73,False,8,300.0,180.0,180.0,60.0,180465.89191880968,161777.129161146,128958.2660036726,9,6,8,3,3,4,18688.762757663677,51507.62591513709,11.552166152638188,39.941313970265554,40,81,success,18.64526496990584,,
11,Product-mix + seven-factor full factorial design,517,518,2,1,1,1,15,30,10,600,300,300,0.75,0.8,full,40,0,73,False,8,300.0,180.0,180.0,60.0,180622.6910394372,161777.129161146,128958.2660036726,9,6,8,3,3,4,18845.56187829122,51664.42503576464,11.64908907458679,40.06290301258649,40,81,success,22.15385927096941,,
11,Product-mix + seven-factor full factorial design,518,519,2,1,1,1,15,30,10,600,300,600,0.5,0.8,full,40,0,73,False,8,300.0,180.0,180.0,60.0,206249.67791360983,186270.1606388924,153451.29748141902,9,6,8,3,3,4,19979.517274717426,52798.38043219081,10.726096550402492,34.40725578653645,40,81,success,18.93235739704687,,
11,Product-mix + seven-factor full factorial design,519,520,2,1,1,1,15,30,10,600,300,600,0.75,0.8,full,40,0,73,False,8,300.0,180.0,180.0,60.0,206288.2157159685,186270.1606388924,153451.29748141902,9,6,8,3,3,4,20018.055077076104,52836.91823454949,10.746785748407424,34.4323698148902,40,81,success,23.768804433988407,,
11,Product-mix + seven-factor full factorial design,520,521,2,1,1,1,15,30,10,300,600,300,0.5,0.8,full,40,0,73,False,8,300.0,180.0,180.0,60.0,155480.3592860839,138372.39750229797,105553.64857968868,9,6,8,3,3,4,17107.961783785926,49926.71070639521,12.363709881880029,47.29984361336651,40,81,success,18.893987050047144,,
11,Product-mix + seven-factor full factorial design,521,522,2,1,1,1,15,30,10,300,600,300,0.75,0.8,full,40,0,73,False,8,300.0,180.0,180.0,60.0,156652.62753734062,138372.39750229797,105553.64857968868,7,6,8,3,3,4,18280.23003504265,51098.97895765194,13.210893476597503,48.41043359962522,40,81,success,23.10614395700395,,
11,Product-mix + seven-factor full factorial design,522,523,2,1,1,1,15,30,10,300,600,600,0.5,0.8,full,40,0,73,False,8,300.0,180.0,180.0,60.0,180828.39158192408,162645.2325703167,130046.68005743924,9,6,8,3,3,4,18183.15901160738,50781.711524484825,11.17964463160408,39.0488334666102,40,81,success,14.973137905006295,,
11,Product-mix + seven-factor full factorial design,523,524,2,1,1,1,15,30,10,300,600,600,0.75,0.8,full,40,0,73,False,8,300.0,180.0,180.0,60.0,184046.2115859744,162645.2325703167,130046.68005743924,8,6,8,3,3,4,21400.97901565768,53999.53152853512,13.158073358470778,41.52319113773955,40,81,success,22.973463950911537,,
11,Product-mix + seven-factor full factorial design,524,525,2,1,1,1,15,30,10,600,600,300,0.5,0.8,full,40,0,73,False,8,300.0,180.0,180.0,60.0,219605.60283616363,199672.027094653,167328.44384301815,8,6,8,3,3,4,19933.575741510635,52277.15899314548,9.98315889889838,31.242242975850612,40,81,success,20.263492844067517,,
11,Product-mix + seven-factor full factorial design,525,526,2,1,1,1,15,30,10,600,600,300,0.75,0.8,full,40,0,73,False,8,300.0,180.0,180.0,60.0,220986.7466775705,199672.02709465288,167328.44384301815,8,6,8,3,3,4,21314.719582917634,53658.30283455236,10.674865124103524,32.067651860130105,40,81,success,28.746541086933576,,
11,Product-mix + seven-factor full factorial design,526,527,2,1,1,1,15,30,10,600,600,600,0.5,0.8,full,40,0,73,False,8,300.0,180.0,180.0,60.0,241423.677633308,223593.0439825836,191819.6270933451,9,6,8,3,3,4,17830.633650724427,49604.05053996289,7.974592291928954,25.859736718090943,40,81,success,15.281437946949154,,
11,Product-mix + seven-factor full factorial design,527,528,2,1,1,1,15,30,10,600,600,600,0.75,0.8,full,40,0,73,False,8,300.0,180.0,180.0,60.0,242844.7411331599,223593.0439825836,191819.6270933451,8,6,8,3,3,4,19251.697150576336,51025.1140398148,8.610150301489664,26.60056992759373,40,81,success,31.01189671596512,,
11,Product-mix + seven-factor full factorial design,528,529,2,1,1,1,30,30,10,300,300,300,0.5,0.8,full,40,0,73,False,8,300.0,180.0,180.0,60.0,143546.96907818655,142991.09086344612,138737.3324556525,6,6,8,3,3,4,555.8782147404272,4809.636622534046,0.3887502440772906,3.4667212763885678,40,81,success,7.385072460980155,,
11,Product-mix + seven-factor full factorial design,529,530,2,1,1,1,30,30,10,300,300,300,0.75,0.8,full,40,0,73,False,8,300.0,180.0,180.0,60.0,149277.16563003708,142991.09086344612,138737.3324556525,7,6,8,4,3,4,6286.074766590959,10539.833174384576,4.396130366327539,7.596969746952316,40,81,success,20.4768537459895,,
11,Product-mix + seven-factor full factorial design,530,531,2,1,1,1,30,30,10,300,300,600,0.5,0.8,full,40,0,73,False,8,300.0,180.0,180.0,60.0,178786.4670132125,178238.58629187537,174932.72976282658,7,7,8,3,3,4,547.8807213371329,3853.7372503859215,0.3073861461400666,2.2029824010697205,40,81,success,13.914159212028608,,
11,Product-mix + seven-factor full factorial design,531,532,2,1,1,1,30,30,10,300,300,600,0.75,0.8,full,40,0,73,False,8,300.0,180.0,180.0,60.0,188769.0387709712,179060.75155824155,174932.72976282623,9,6,8,4,3,4,9708.287212729629,13836.309008144948,5.421784019247735,7.909502713931357,40,81,success,23.58998013404198,,
11,Product-mix + seven-factor full factorial design,532,533,2,1,1,1,30,30,10,600,300,300,0.5,0.8,full,40,0,73,False,8,300.0,180.0,180.0,60.0,283462.01214203774,265193.0103053336,262036.9921182834,9,6,8,4,3,4,18269.00183670415,21425.02002375433,6.888945457374568,8.176334131511892,40,81,success,16.872462032013573,,
11,Product-mix + seven-factor full factorial design,533,534,2,1,1,1,30,30,10,600,300,300,0.75,0.8,full,40,0,73,False,8,300.0,180.0,180.0,60.0,283515.96669430647,265590.1489073004,262036.9921182834,9,7,8,4,3,4,17925.81778700609,21478.974576023054,6.749428719685979,8.196924564882602,40,81,success,17.56902190996334,,
11,Product-mix + seven-factor full factorial design,534,535,2,1,1,1,30,30,10,600,300,600,0.5,0.8,full,40,0,73,False,8,300.0,180.0,180.0,60.0,312352.3297458893,292471.57763661176,297953.4638662703,9,6,8,4,3,4,19880.752109277582,14398.865879619028,6.797498844136881,4.8325888522248,40,81,success,15.16899802093394,,
11,Product-mix + seven-factor full factorial design,535,536,2,1,1,1,30,30,10,600,300,600,0.75,0.8,full,40,0,73,False,8,300.0,180.0,180.0,60.0,312755.9720705052,298002.3933466346,297953.4638662703,9,8,8,4,4,4,14753.578723870623,14802.50820423488,4.950825581695699,4.968060452178079,40,81,success,16.9589437689865,,
11,Product-mix + seven-factor full factorial design,536,537,2,1,1,1,30,30,10,300,600,300,0.5,0.8,full,40,0,73,False,8,300.0,180.0,180.0,60.0,181174.64576587305,180423.72812064184,177097.5868447914,7,7,8,3,3,4,750.9176452312095,4077.0589210816543,0.4161967237087031,2.3021538541091444,40,81,success,10.24001586495433,,
11,Product-mix + seven-factor full factorial design,537,538,2,1,1,1,30,30,10,300,600,300,0.75,0.8,full,40,0,73,False,8,300.0,180.0,180.0,60.0,195642.0159553383,181105.5276571767,177097.5868447914,7,6,8,4,3,4,14536.488298161625,18544.42911054692,8.026529331384317,10.471305363860932,40,81,success,13.765467745019125,,
11,Product-mix + seven-factor full factorial design,538,539,2,1,1,1,30,30,10,300,600,600,0.5,0.8,full,40,0,73,False,8,300.0,180.0,180.0,60.0,232172.4482618268,215669.93844773885,212998.98271118355,9,8,8,4,3,4,16502.50981408797,19173.465550643275,7.651743183525254,9.001670011091829,40,81,success,14.100950391963124,,
11,Product-mix + seven-factor full factorial design,539,540,2,1,1,1,30,30,10,300,600,600,0.75,0.8,full,40,0,73,False,8,300.0,180.0,180.0,60.0,232317.95387560088,216529.40970275697,212998.98271118337,9,7,8,4,3,4,15788.544172843918,19318.97116441751,7.291639595063695,9.069982832083818,40,81,success,15.995886679040268,,
11,Product-mix + seven-factor full factorial design,540,541,2,1,1,1,30,30,10,600,600,300,0.5,0.8,full,40,0,73,False,8,300.0,180.0,180.0,60.0,319652.8966907641,290483.3273927019,299964.8262601068,9,6,8,4,3,4,29169.56929806224,19688.070430657302,10.041736150532367,6.563459681631239,40,81,success,13.529277267982252,,
11,Product-mix + seven-factor full factorial design,541,542,2,1,1,1,30,30,10,600,600,300,0.75,0.8,full,40,0,73,False,8,300.0,180.0,180.0,60.0,319704.3063216028,299971.73703742784,299964.8262601066,8,8,8,4,4,4,19732.56928417494,19739.4800614962,6.578142820739437,6.580598234667565,40,81,success,18.154489604057744,,
11,Product-mix + seven-factor full factorial design,542,543,2,1,1,1,30,30,10,600,600,600,0.5,0.8,full,40,0,73,False,8,300.0,180.0,180.0,60.0,346025.34518755594,309574.4245948337,334930.9887352269,9,6,8,4,3,4,36450.92059272225,11094.356452329026,11.774525831850829,3.312430567927965,40,81,success,12.895435499958694,,
11,Product-mix + seven-factor full factorial design,543,544,2,1,1,1,30,30,10,600,600,600,0.75,0.8,full,40,0,73,False,8,300.0,180.0,180.0,60.0,347423.1244325423,334930.8247379002,334930.9887352269,8,8,8,4,4,4,12492.299694642075,12492.135697315389,3.729814866821503,3.729764076023076,40,81,success,17.717912002000958,,
11,Product-mix + seven-factor full factorial design,544,545,2,1,1,1,15,30,25,300,300,300,0.5,0.8,full,40,0,73,False,8,300.0,180.0,180.0,60.0,118159.3754370834,112091.51081173876,86209.7267675033,6,6,8,3,3,4,6067.8646253446495,31949.6486695801,5.413313266457636,37.06037574593439,40,81,success,14.672468844917605,,
11,Product-mix + seven-factor full factorial design,545,546,2,1,1,1,15,30,25,300,300,300,0.75,0.8,full,40,0,73,False,8,300.0,180.0,180.0,60.0,122429.31302947292,112091.51081173876,86209.7267675033,7,6,8,3,3,4,10337.802217734175,36219.58626196963,9.222645089597236,42.0133407447738,40,81,success,23.314288471010517,,
11,Product-mix + seven-factor full factorial design,546,547,2,1,1,1,15,30,25,300,300,600,0.5,0.8,full,40,0,73,False,8,300.0,180.0,180.0,60.0,173701.08857213525,155770.54076197644,129888.62297966014,7,6,8,3,3,4,17930.54781015881,43812.46559247511,11.510872160068695,33.73079534405096,40,81,success,20.12406037503388,,
11,Product-mix + seven-factor full factorial design,547,548,2,1,1,1,15,30,25,300,300,600,0.75,0.8,full,40,0,73,False,8,300.0,180.0,180.0,60.0,173753.54953974753,155770.54076197644,129888.62297966014,8,6,8,3,3,4,17983.008777771087,43864.92656008739,11.544550522713942,33.77118453781468,40,81,success,33.51641370297875,,
11,Product-mix + seven-factor full factorial design,548,549,2,1,1,1,15,30,25,600,300,300,0.5,0.8,full,40,0,73,False,8,300.0,180.0,180.0,60.0,189775.2960506288,173868.2394155648,147960.85585514453,8,6,8,3,3,4,15907.056635064017,41814.44019548429,9.148914539270365,28.260474673396818,40,81,success,25.47913264995441,,
11,Product-mix + seven-factor full factorial design,549,550,2,1,1,1,15,30,25,600,300,300,0.75,0.8,full,40,0,73,False,8,300.0,180.0,180.0,60.0,191231.9157497951,173868.2394155648,147960.85585514453,8,6,8,3,3,4,17363.676334230287,43271.05989465056,9.986686695969317,29.24493755092459,40,81,success,30.93776728003286,,
11,Product-mix + seven-factor full factorial design,550,551,2,1,1,1,15,30,25,600,300,600,0.5,0.8,full,40,0,73,False,8,300.0,180.0,180.0,60.0,235467.0092657168,216681.34992765888,191611.31483952265,8,6,8,3,3,4,18785.659338057943,43855.69442619418,8.669716772730887,22.887841703358696,40,81,success,29.551597747951742,,
11,Product-mix + seven-factor full factorial design,551,552,2,1,1,1,15,30,25,600,300,600,0.75,0.8,full,40,0,73,False,8,300.0,180.0,180.0,60.0,240022.94189608624,216860.3711844293,191611.31483952265,11,6,8,4,3,4,23162.57071165694,48411.62705656362,10.680868332535637,25.265536691874956,40,81,success,46.47728165599983,,
11,Product-mix + seven-factor full factorial design,552,553,2,1,1,1,15,30,25,300,600,300,0.5,0.8,full,40,0,73,False,8,300.0,180.0,180.0,60.0,167022.34525354404,150443.25853399935,124580.54621294064,7,6,8,3,3,4,16579.08671954469,42441.79904060339,11.020159282044473,34.067758033472806,40,81,success,16.14206617802847,,
11,Product-mix + seven-factor full factorial design,553,554,2,1,1,1,15,30,25,300,600,300,0.75,0.8,full,40,0,73,False,8,300.0,180.0,180.0,60.0,169252.6293062875,150443.25853399935,124580.54621294064,6,6,8,3,3,4,18809.37077228815,44672.08309334685,12.50263451853998,35.857992641154915,40,81,success,27.816717805922963,,
11,Product-mix + seven-factor full factorial design,554,555,2,1,1,1,15,30,25,300,600,600,0.5,0.8,full,40,0,73,False,8,300.0,180.0,180.0,60.0,211786.34021671745,193221.4027203779,168241.37453250273,7,6,8,3,3,4,18564.937496339557,43544.96568421472,9.60811651036711,25.882435759464283,40,81,success,25.64690381707624,,
11,Product-mix + seven-factor full factorial design,555,556,2,1,1,1,15,30,25,300,600,600,0.75,0.8,full,40,0,73,False,8,300.0,180.0,180.0,60.0,217753.21584412185,193221.4027203779,168241.37453250273,9,6,8,3,3,4,24531.813123743952,49511.84131161912,12.6962193516654,29.42905183056138,40,81,success,49.252857474959455,,
11,Product-mix + seven-factor full factorial design,556,557,2,1,1,1,15,30,25,600,600,300,0.5,0.8,full,40,0,73,False,8,300.0,180.0,180.0,60.0,228807.7524464342,210844.6441557106,186292.6210922735,10,6,8,3,3,4,17963.108290723612,42515.13135416069,8.519594302550889,22.821693690756717,40,81,success,30.946421599015597,,
11,Product-mix + seven-factor full factorial design,557,558,2,1,1,1,15,30,25,600,600,300,0.75,0.8,full,40,0,73,False,8,300.0,180.0,180.0,60.0,235042.09019575044,210844.6441557106,186292.6210922735,11,6,8,4,3,4,24197.446040039853,48749.469103476935,11.47643381549205,26.16822331322001,40,81,success,49.28249123203568,,
11,Product-mix + seven-factor full factorial design,558,559,2,1,1,1,15,30,25,600,600,600,0.5,0.8,full,40,0,73,False,8,300.0,180.0,180.0,60.0,273761.5207696533,247775.26449141896,229875.7773589285,10,6,8,4,3,4,25986.25627823436,43885.7434107248,10.48783313038672,19.09106906127021,40,81,success,32.00594100099988,,
11,Product-mix + seven-factor full factorial design,559,560,2,1,1,1,15,30,25,600,600,600,0.75,0.8,full,40,0,73,False,8,300.0,180.0,180.0,60.0,280097.6950025986,247775.26449141896,229875.7773589285,10,6,8,4,3,4,32322.430511179613,50221.91764367005,13.045059432193243,21.84741612216647,40,81,success,26.682911524083465,,
11,Product-mix + seven-factor full factorial design,560,561,2,1,1,1,30,30,25,300,300,300,0.5,0.8,full,40,0,73,False,8,300.0,180.0,180.0,60.0,157445.40130489814,143313.4210776757,148846.52398515627,8,6,8,4,3,4,14131.980227222431,8598.877319741878,9.860890990497614,5.777009156491556,40,81,success,18.63669287506491,,
11,Product-mix + seven-factor full factorial design,561,562,2,1,1,1,30,30,25,300,300,300,0.75,0.8,full,40,0,73,False,8,300.0,180.0,180.0,60.0,158780.5761674785,148838.3384471422,148846.52398515627,8,8,8,4,4,4,9942.2377203363,9934.052182322224,6.679890291752447,6.674023629408301,40,81,success,25.61812962393742,,
11,Product-mix + seven-factor full factorial design,562,563,2,1,1,1,30,30,25,300,300,600,0.5,0.8,full,40,0,73,False,8,300.0,180.0,180.0,60.0,222221.93506488355,198703.54167751924,204227.4553410256,9,6,8,4,3,4,23518.39338736431,17994.479723857978,11.835920582398517,8.810999331020513,40,81,success,15.755782456952147,,
11,Product-mix + seven-factor full factorial design,563,564,2,1,1,1,30,30,25,300,300,600,0.75,0.8,full,40,0,73,False,8,300.0,180.0,180.0,60.0,222371.15991168696,204219.23798526384,204227.4553410256,9,8,8,4,4,4,18151.92192642312,18143.704570661383,8.888448564151894,8.88406729661516,40,81,success,24.210760230082087,,
11,Product-mix + seven-factor full factorial design,564,565,2,1,1,1,30,30,25,600,300,300,0.5,0.8,full,40,0,73,False,8,300.0,180.0,180.0,60.0,290587.2808640283,265899.7576496605,271527.41039511014,9,7,8,4,3,4,24687.5232143678,19059.870468918176,9.284522645896937,7.019501434931897,40,81,success,20.13393028697465,,
11,Product-mix + seven-factor full factorial design,565,566,2,1,1,1,30,30,25,600,300,300,0.75,0.8,full,40,0,73,False,8,300.0,180.0,180.0,60.0,291503.99102375936,272382.71697991964,271527.41039511014,10,8,8,4,4,4,19121.27404383972,19976.58062864921,7.020002684402828,7.357113817562842,40,81,success,22.250789156998508,,
11,Product-mix + seven-factor full factorial design,566,567,2,1,1,1,30,30,25,600,300,600,0.5,0.8,full,40,0,73,False,8,300.0,180.0,180.0,60.0,338556.2105875188,324560.0959907579,325842.3782835594,8,7,8,4,4,4,13996.11459676089,12713.83230395941,4.312333761806454,3.901835105345134,40,81,success,21.93284605606459,,
11,Product-mix + seven-factor full factorial design,567,568,2,1,1,1,30,30,25,600,300,600,0.75,0.8,full,40,0,73,False,8,300.0,180.0,180.0,60.0,339223.9772418641,325948.3631232641,325842.3782835594,9,8,8,4,4,4,13275.614118599971,13381.598958304676,4.07291940091122,4.106770589140354,40,81,success,23.60495341406204,,
11,Product-mix + seven-factor full factorial design,568,569,2,1,1,1,30,30,25,300,600,300,0.5,0.8,full,40,0,73,False,8,300.0,180.0,180.0,60.0,204114.6231431329,181656.17794592225,187215.46755452783,8,6,8,4,3,4,22458.44519721068,16899.155588605092,12.363160697951267,9.026580874618755,40,81,success,15.451077505014837,,
11,Product-mix + seven-factor full factorial design,569,570,2,1,1,1,30,30,25,300,600,300,0.75,0.8,full,40,0,73,False,8,300.0,180.0,180.0,60.0,205030.19392207215,187205.79171987792,187215.46755452783,8,8,8,4,4,4,17824.402202194266,17814.726367544354,9.521287796942463,9.515627421305716,40,81,success,19.94129583099857,,
11,Product-mix + seven-factor full factorial design,570,571,2,1,1,1,30,30,25,300,600,600,0.5,0.8,full,40,0,73,False,8,300.0,180.0,180.0,60.0,260932.01775557583,236075.73347718376,241628.22106755865,9,7,8,4,3,4,24856.284278392064,19303.796688017203,10.528945060248802,7.989048879609105,40,81,success,14.36151769803837,,
11,Product-mix + seven-factor full factorial design,571,572,2,1,1,1,30,30,25,300,600,600,0.75,0.8,full,40,0,73,False,8,300.0,180.0,180.0,60.0,261756.9016085706,242582.39053342823,241628.22106755865,9,8,8,4,4,4,19174.511075142364,20128.68054101197,7.904329342694018,8.330434438526964,40,81,success,20.491177445976064,,
11,Product-mix + seven-factor full factorial design,572,573,2,1,1,1,30,30,25,600,600,300,0.5,0.8,full,40,0,73,False,8,300.0,180.0,180.0,60.0,326424.4078306796,289999.8993679706,308794.232457006,10,7,8,4,3,4,36424.50846270903,17630.175373673614,12.560179690438876,5.709360318485966,40,81,success,19.67619535292033,,
11,Product-mix + seven-factor full factorial design,573,574,2,1,1,1,30,30,25,600,600,300,0.75,0.8,full,40,0,73,False,8,300.0,180.0,180.0,60.0,326695.02448577643,308699.19165971776,308794.232457006,10,8,8,4,4,4,17995.83282605867,17900.792028770433,5.8295691444166975,5.796996882466965,40,81,success,30.530863670050167,,
11,Product-mix + seven-factor full factorial design,574,575,2,1,1,1,30,30,25,600,600,600,0.5,0.8,full,40,0,73,False,8,300.0,180.0,180.0,60.0,363199.2089067616,355175.1070894188,355149.37179423444,8,8,8,4,4,4,8024.101817342744,8049.837112527108,2.259196001402936,2.266606040117397,40,81,success,17.661869491101243,,
11,Product-mix + seven-factor full factorial design,575,576,2,1,1,1,30,30,25,600,600,600,0.75,0.8,full,40,0,73,False,8,300.0,180.0,180.0,60.0,367827.526803672,355133.0007182063,355149.37179423444,8,8,8,4,4,4,12694.52608546568,12678.155009437529,3.574583623541827,3.569809217284204,40,81,success,21.9678802160779,,
11,Product-mix + seven-factor full factorial design,576,577,2,1,1,1,15,60,10,300,300,300,0.5,0.8,full,40,0,73,False,8,300.0,180.0,180.0,60.0,120705.38314865853,115057.6169989282,96939.5689330727,9,6,8,3,3,4,5647.766149730334,23765.814215585822,4.908641684959411,24.516112952796185,40,81,success,14.290096609969623,,
11,Product-mix + seven-factor full factorial design,577,578,2,1,1,1,15,60,10,300,300,300,0.75,0.8,full,40,0,73,False,8,300.0,180.0,180.0,60.0,130466.75502350468,115057.6169989282,96939.5689330727,9,6,8,4,3,4,15409.138024576474,33527.18609043196,13.392540560543695,34.58565625929202,40,81,success,30.458209500066005,,
11,Product-mix + seven-factor full factorial design,578,579,2,1,1,1,15,60,10,300,300,600,0.5,0.8,full,40,0,73,False,8,300.0,180.0,180.0,60.0,150067.46370234346,139550.64847667963,121432.60041082295,9,6,8,3,3,4,10516.815225663828,28634.86329152051,7.536199466261381,23.580869712618263,40,81,success,11.892246900941243,,
11,Product-mix + seven-factor full factorial design,579,580,2,1,1,1,15,60,10,300,300,600,0.75,0.8,full,40,0,73,False,8,300.0,180.0,180.0,60.0,159542.65381281904,139550.64847667963,121432.60041082295,9,6,8,4,3,4,19992.00533613941,38110.05340199609,14.325985263680291,31.383708553604727,40,81,success,29.880053224042054,,
11,Product-mix + seven-factor full factorial design,580,581,2,1,1,1,15,60,10,600,300,300,0.5,0.8,full,40,0,73,False,8,300.0,180.0,180.0,60.0,193379.49603538512,176834.3456027532,158647.7452094943,9,6,8,3,3,4,16545.150432631926,34731.750825890835,9.356299182851917,21.892369652041115,40,81,success,19.36324338195845,,
11,Product-mix + seven-factor full factorial design,581,582,2,1,1,1,15,60,10,600,300,300,0.75,0.8,full,40,0,73,False,8,300.0,180.0,180.0,60.0,203833.8229034702,176834.3456027532,158647.7452094943,11,6,8,4,3,4,26999.477300717,45186.07769397591,15.268231524078226,28.48201695795154,40,81,success,25.648749170009975,,
11,Product-mix + seven-factor full factorial design,582,583,2,1,1,1,15,60,10,600,300,600,0.5,0.8,full,40,0,73,False,8,300.0,180.0,180.0,60.0,217778.90328909724,201327.37708049963,182999.3194217889,9,6,8,3,3,4,16451.526208597614,34779.583867308334,8.171529598788526,19.0053077668262,40,81,success,26.641628470038995,,
11,Product-mix + seven-factor full factorial design,583,584,2,1,1,1,15,60,10,600,300,600,0.75,0.8,full,40,0,73,False,8,300.0,180.0,180.0,60.0,231032.73947290116,201327.37708049963,182999.3194217889,12,6,8,4,3,4,29705.362392401497,48033.42005111222,14.754755574312169,26.24786813572876,40,81,success,27.42523298005108,,
11,Product-mix + seven-factor full factorial design,584,585,2,1,1,1,15,60,10,300,600,300,0.5,0.8,full,40,0,73,False,8,300.0,180.0,180.0,60.0,208789.3512525752,191779.45260286852,165314.2271658648,9,6,8,3,3,4,17009.89864970662,43475.12408671036,8.869510481360189,26.29847704704232,40,81,success,13.428594867000356,,
11,Product-mix + seven-factor full factorial design,585,586,2,1,1,1,15,60,10,300,600,300,0.75,0.8,full,40,0,73,False,8,300.0,180.0,180.0,60.0,228276.38974263592,191779.45260286852,165314.2271658648,10,6,8,4,3,4,36496.93713976737,62962.16257677111,19.030681673361634,38.08635448756582,40,81,success,28.733574690995734,,
11,Product-mix + seven-factor full factorial design,586,587,2,1,1,1,15,60,10,300,600,600,0.5,0.8,full,40,0,73,False,8,300.0,180.0,180.0,60.0,230590.02886905504,214424.9936831353,189806.90810480493,10,6,8,3,3,4,16165.035185919724,40783.12076425011,7.53878309998109,21.486636693818888,40,81,success,18.302682710113004,,
11,Product-mix + seven-factor full factorial design,587,588,2,1,1,1,15,60,10,300,600,600,0.75,0.8,full,40,0,73,False,8,300.0,180.0,180.0,60.0,255374.0674001587,214851.7269834508,189806.90810480493,10,7,8,4,3,4,40522.34041670789,65567.15929535378,18.860607259549354,34.5441374868979,40,81,success,30.302159513928927,,
11,Product-mix + seven-factor full factorial design,588,589,2,1,1,1,15,60,10,600,600,300,0.5,0.8,full,40,0,73,False,8,300.0,180.0,180.0,60.0,254365.69496821472,240354.37223284252,227020.4849456909,9,6,8,3,3,4,14011.322735372174,27345.210022523825,5.829443669033301,12.045261038476548,40,81,success,36.21731222397648,,
11,Product-mix + seven-factor full factorial design,589,590,2,1,1,1,15,60,10,600,600,300,0.75,0.8,full,40,0,73,False,8,300.0,180.0,180.0,60.0,290697.5030741087,240354.37223284252,227020.4849456909,9,6,8,4,3,4,50343.13084126613,63677.01812841778,20.945377599578837,28.04901863532313,40,81,success,27.18386147706769,,
11,Product-mix + seven-factor full factorial design,590,591,2,1,1,1,15,60,10,600,600,600,0.5,0.8,full,40,0,73,False,8,300.0,180.0,180.0,60.0,301947.6030986469,253707.47686579783,251335.4616900673,11,6,8,4,3,4,48240.126232849085,50612.1414085796,19.014073542013264,20.137286266031023,40,81,success,21.14580342406407,,
11,Product-mix + seven-factor full factorial design,591,592,2,1,1,1,15,60,10,600,600,600,0.75,0.8,full,40,0,73,False,8,300.0,180.0,180.0,60.0,309958.529884713,265566.1195302169,251335.4616900673,10,7,8,4,4,4,44392.410354496096,58623.06819464569,16.71614226732902,23.324630675052276,40,81,success,28.30952605395578,,
11,Product-mix + seven-factor full factorial design,592,593,2,1,1,1,30,60,10,300,300,300,0.5,0.8,full,40,0,73,False,8,300.0,180.0,180.0,60.0,143738.2449125689,143182.3666978281,150894.48025354874,6,6,8,3,3,4,555.8782147407765,-7156.2353409798525,0.3882309166699983,-4.742542821284911,40,81,success,8.739801149000414,,
11,Product-mix + seven-factor full factorial design,593,594,2,1,1,1,30,60,10,300,300,300,0.75,0.8,full,40,0,73,False,8,300.0,180.0,180.0,60.0,161181.48884268428,150904.8512798293,150894.48025354874,8,8,8,4,4,4,10276.637562854972,10287.00858913554,6.81001139174682,6.817352478268409,40,81,success,15.221052087959832,,
11,Product-mix + seven-factor full factorial design,594,595,2,1,1,1,30,60,10,300,300,600,0.5,0.8,full,40,0,73,False,8,300.0,180.0,180.0,60.0,199028.1680543717,178421.60582308096,187089.877560722,9,7,8,4,3,4,20606.562231290765,11938.29049364975,11.54936485199208,6.381045649984486,40,81,success,14.036747683072464,,
11,Product-mix + seven-factor full factorial design,595,596,2,1,1,1,30,60,10,300,300,600,0.75,0.8,full,40,0,73,False,8,300.0,180.0,180.0,60.0,199602.6977351796,187089.23055235264,187089.877560722,9,8,8,4,4,4,12513.46718282692,12512.820174457593,6.688502136591616,6.688133178341745,40,81,success,18.188390956027437,,
11,Product-mix + seven-factor full factorial design,596,597,2,1,1,1,30,60,10,600,300,300,0.5,0.8,full,40,0,73,False,8,300.0,180.0,180.0,60.0,293419.3125268035,265303.8489832391,272986.99090090656,9,6,8,4,3,4,28115.46354356443,20432.32162589696,10.59745783987501,7.484723560806541,40,81,success,15.54395025409758,,
11,Product-mix + seven-factor full factorial design,597,598,2,1,1,1,30,60,10,600,300,300,0.75,0.8,full,40,0,73,False,8,300.0,180.0,180.0,60.0,293856.3457482875,274103.6948692809,272986.9909009061,10,8,8,4,4,4,19752.6508790066,20869.35484738141,7.206269469817461,7.644816618736591,40,81,success,17.624655548017472,,
11,Product-mix + seven-factor full factorial design,598,599,2,1,1,1,30,60,10,600,300,600,0.5,0.8,full,40,0,73,False,8,300.0,180.0,180.0,60.0,321313.3422727228,292530.6018893777,307719.56934448844,9,6,8,4,3,4,28782.74038334511,13593.772928234364,9.839223724781275,4.417584802030024,40,81,success,15.640559565043077,,
11,Product-mix + seven-factor full factorial design,599,600,2,1,1,1,30,60,10,600,300,600,0.75,0.8,full,40,0,73,False,8,300.0,180.0,180.0,60.0,322435.9549169684,308761.9976261121,307719.56934448844,11,10,8,4,4,4,13673.957290856284,14716.38557247992,4.428639986781804,4.7824015885077165,40,81,success,19.213446645997465,,
11,Product-mix + seven-factor full factorial design,600,601,2,1,1,1,30,60,10,300,600,300,0.5,0.8,full,40,0,73,False,8,300.0,180.0,180.0,60.0,246793.35604183032,218061.16216465365,219255.2815471349,8,8,8,4,3,4,28732.193877176676,27538.074494695466,13.176208726009431,12.559822641615778,40,81,success,7.089721550000832,,
11,Product-mix + seven-factor full factorial design,601,602,2,1,1,1,30,60,10,300,600,300,0.75,0.8,full,40,0,73,False,8,300.0,180.0,180.0,60.0,248181.6299138789,226733.4687289296,219255.2815471349,8,9,8,4,4,4,21448.16118494933,28926.34836674406,9.45963615569769,13.192999576854234,40,81,success,8.408965326962061,,
11,Product-mix + seven-factor full factorial design,602,603,2,1,1,1,30,60,10,300,600,600,0.5,0.8,full,40,0,73,False,8,300.0,180.0,180.0,60.0,281836.946689367,252963.77521280412,255232.03491330816,10,9,8,4,3,4,28873.171476562857,26604.91177605884,11.413955002953877,10.423813681968031,40,81,success,10.928177371970378,,
11,Product-mix + seven-factor full factorial design,603,604,2,1,1,1,30,60,10,300,600,600,0.75,0.8,full,40,0,73,False,8,300.0,180.0,180.0,60.0,282623.31721220416,262744.6943603475,255232.03491330816,11,9,8,4,4,4,19878.622851856635,27391.282298896,7.56575614219392,10.731913926165142,40,81,success,11.15757984505035,,
11,Product-mix + seven-factor full factorial design,604,605,2,1,1,1,30,60,10,600,600,300,0.5,0.8,full,40,0,73,False,8,300.0,180.0,180.0,60.0,348275.76339441206,291529.6433372936,333518.3121465698,9,6,8,4,3,4,56746.12005711848,14757.451247842284,19.464957116372695,4.424779902746957,40,81,success,13.210240429034457,,
11,Product-mix + seven-factor full factorial design,605,606,2,1,1,1,30,60,10,600,600,300,0.75,0.8,full,40,0,73,False,8,300.0,180.0,180.0,60.0,353919.47374956304,334015.2088073891,333518.3121465698,9,9,8,4,4,4,19904.26494217396,20401.161602993263,5.959089411899151,6.116953960245414,40,81,success,16.87000984698534,,
11,Product-mix + seven-factor full factorial design,606,607,2,1,1,1,30,60,10,600,600,600,0.5,0.8,full,40,0,73,False,8,300.0,180.0,180.0,60.0,367299.0794802411,359279.8889655925,359245.2843310194,9,8,8,4,4,4,8019.190514648624,8053.795149221725,2.2320176444433844,2.24186523818103,40,81,success,14.422398463007994,,
11,Product-mix + seven-factor full factorial design,607,608,2,1,1,1,30,60,10,600,600,600,0.75,0.8,full,40,0,73,False,8,300.0,180.0,180.0,60.0,372689.0974286909,359266.0263835805,359245.2843310194,8,8,8,4,4,4,13423.071045110351,13443.81309767149,3.736248367325117,3.742237875914317,40,81,success,15.578382864943704,,
11,Product-mix + seven-factor full factorial design,608,609,2,1,1,1,15,60,25,300,300,300,0.5,0.8,full,40,0,73,False,8,300.0,180.0,180.0,60.0,123448.66507146484,115269.21355163892,111631.81933749208,7,6,8,3,3,4,8179.451519825932,11816.84573397276,7.095954997699068,10.585553298425925,40,81,success,12.333534236997366,,
11,Product-mix + seven-factor full factorial design,609,610,2,1,1,1,15,60,25,300,300,300,0.75,0.8,full,40,0,73,False,8,300.0,180.0,180.0,60.0,140886.99472845957,115269.21355163892,111631.81933749208,9,6,8,4,3,4,25617.78117682066,29255.175390967488,22.224304640843474,26.206842784243683,40,81,success,22.53251687902957,,
11,Product-mix + seven-factor full factorial design,610,611,2,1,1,1,15,60,25,300,300,600,0.5,0.8,full,40,0,73,False,8,300.0,180.0,180.0,60.0,177035.1120128104,158948.24350187555,155094.48512821418,8,6,8,3,3,4,18086.868510934844,21940.62688459622,11.379093038370964,14.146619634127058,40,81,success,23.045218484010547,,
11,Product-mix + seven-factor full factorial design,611,612,2,1,1,1,15,60,25,300,300,600,0.75,0.8,full,40,0,73,False,8,300.0,180.0,180.0,60.0,193921.9013618461,158948.24350187555,155094.48512821418,10,6,8,4,3,4,34973.65785997055,38827.41623363193,22.003173542183795,25.03468527687101,40,81,success,28.085876101977192,,
11,Product-mix + seven-factor full factorial design,612,613,2,1,1,1,15,60,25,600,300,300,0.5,0.8,full,40,0,73,False,8,300.0,180.0,180.0,60.0,194667.57107698117,177045.94215546467,172656.091729302,9,6,8,3,3,4,17621.628921516472,22011.479347679156,9.953139115745934,12.74874180645172,40,81,success,26.217646141070876,,
11,Product-mix + seven-factor full factorial design,613,614,2,1,1,1,15,60,25,600,300,300,0.75,0.8,full,40,0,73,False,8,300.0,180.0,180.0,60.0,212770.71256835703,177045.94215546467,172656.091729302,11,6,8,4,3,4,35724.770412892365,40114.620839055046,20.178248638719047,23.23382884280073,40,81,success,28.462221325957216,,
11,Product-mix + seven-factor full factorial design,614,615,2,1,1,1,15,60,25,600,300,600,0.5,0.8,full,40,0,73,False,8,300.0,180.0,180.0,60.0,261359.37941119008,219033.5753407948,215417.2570785448,11,6,8,4,3,4,42325.80407039527,45942.12233264526,19.323888588560205,21.32703895486608,40,81,success,33.24025847797748,,
11,Product-mix + seven-factor full factorial design,615,616,2,1,1,1,15,60,25,600,300,600,0.75,0.8,full,40,0,73,False,8,300.0,180.0,180.0,60.0,262935.3729780568,220110.0214641448,215417.25707854464,12,6,8,4,3,4,42825.35151391197,47518.11589951214,19.456338802314857,22.058639379196187,40,81,success,34.479470622958615,,
11,Product-mix + seven-factor full factorial design,616,617,2,1,1,1,15,60,25,300,600,300,0.5,0.8,full,40,0,73,False,8,300.0,180.0,180.0,60.0,209716.5903219749,192026.03980986116,179997.2547650395,8,6,8,3,3,4,17690.550512113725,29719.335556935344,9.212578944829785,16.51099379028289,40,81,success,15.096850818023086,,
11,Product-mix + seven-factor full factorial design,617,618,2,1,1,1,15,60,25,300,600,300,0.75,0.8,full,40,0,73,False,8,300.0,180.0,180.0,60.0,237721.38213908332,192026.03980986116,179997.2547650395,9,6,8,4,3,4,45695.34232922221,57724.12737404384,23.79643009587058,32.06944875320147,40,81,success,21.963874011999,,
11,Product-mix + seven-factor full factorial design,618,619,2,1,1,1,15,60,25,300,600,600,0.5,0.8,full,40,0,73,False,8,300.0,180.0,180.0,60.0,277638.2927492107,226570.6271257262,223017.61300083823,11,6,8,4,3,4,51067.66562348453,54620.67974837247,22.539402512730213,24.491643961845813,40,81,success,26.343480987939984,,
11,Product-mix + seven-factor full factorial design,619,620,2,1,1,1,15,60,25,300,600,600,0.75,0.8,full,40,0,73,False,8,300.0,180.0,180.0,60.0,284604.7183932227,233018.5125595653,223017.61300083823,10,7,8,4,4,4,51586.20583365741,61587.10539238446,22.13824355284677,27.615354932595825,40,81,success,28.697417648043483,,
11,Product-mix + seven-factor full factorial design,620,621,2,1,1,1,15,60,25,600,600,300,0.5,0.8,full,40,0,73,False,8,300.0,180.0,180.0,60.0,289262.7520634888,240374.23029020728,240913.55460276385,12,6,8,4,3,4,48888.52177328151,48349.197460724914,20.338503721575183,20.069106340009245,40,81,success,30.78177088208031,,
11,Product-mix + seven-factor full factorial design,621,622,2,1,1,1,15,60,25,600,600,300,0.75,0.8,full,40,0,73,False,8,300.0,180.0,180.0,60.0,298908.46334971505,250285.7967975994,240913.55460276385,10,7,8,4,4,4,48622.66655211564,57994.9087469512,19.4268580855332,24.072912311877808,40,81,success,32.35295682097785,,
11,Product-mix + seven-factor full factorial design,622,623,2,1,1,1,15,60,25,600,600,600,0.5,0.8,full,40,0,73,False,8,300.0,180.0,180.0,60.0,320056.02640206745,254130.6699712193,280719.96249890607,11,6,8,4,3,4,65925.35643084819,39336.06390316138,25.941519155603824,14.01256382089844,40,81,success,19.36503836407792,,
11,Product-mix + seven-factor full factorial design,623,624,2,1,1,1,15,60,25,600,600,600,0.75,0.8,full,40,0,73,False,8,300.0,180.0,180.0,60.0,331284.96818044764,285671.59211409,280719.96249890607,10,7,8,4,4,4,45613.37606635771,50565.00568154157,15.967067543818253,18.012614860526217,40,81,success,18.202520332997665,,
11,Product-mix + seven-factor full factorial design,624,625,2,1,1,1,30,60,25,300,300,300,0.5,0.8,full,40,0,73,False,8,300.0,180.0,180.0,60.0,160208.39982724667,143317.16827470146,151160.1502822126,8,6,8,4,3,4,16891.231552545214,9048.24954503408,11.785909361653832,5.985869641000755,40,81,success,14.42604107700754,,
11,Product-mix + seven-factor full factorial design,625,626,2,1,1,1,30,60,25,300,300,300,0.75,0.8,full,40,0,73,False,8,300.0,180.0,180.0,60.0,161473.86030050096,151160.150282212,151160.1502822126,8,8,8,4,4,4,10313.710018288955,10313.710018288371,6.823035038688127,6.823035038687716,40,81,success,16.673590388032608,,
11,Product-mix + seven-factor full factorial design,626,627,2,1,1,1,30,60,25,300,300,600,0.5,0.8,full,40,0,73,False,8,300.0,180.0,180.0,60.0,224636.71848477004,198705.99218501188,206541.546061874,9,6,8,4,3,4,25930.72629975816,18095.172422896023,13.049795838876609,8.761032716137034,40,81,success,12.687222720007412,,
11,Product-mix + seven-factor full factorial design,627,628,2,1,1,1,30,60,25,300,300,600,0.75,0.8,full,40,0,73,False,8,300.0,180.0,180.0,60.0,225733.57705996063,206541.546061874,206541.546061874,9,8,8,4,4,4,19192.03099808661,19192.03099808661,9.292092251666029,9.292092251666029,40,81,success,16.84144564892631,,
11,Product-mix + seven-factor full factorial design,628,629,2,1,1,1,30,60,25,600,300,300,0.5,0.8,full,40,0,73,False,8,300.0,180.0,180.0,60.0,294078.499911288,265901.75878251763,273220.9358075112,10,7,8,4,3,4,28176.741128770343,20857.564103776764,10.596673469849533,7.633955297800192,40,81,success,16.325763929984532,,
11,Product-mix + seven-factor full factorial design,629,630,2,1,1,1,30,60,25,600,300,300,0.75,0.8,full,40,0,73,False,8,300.0,180.0,180.0,60.0,294196.9974227736,274713.6074898617,273220.9358075112,10,8,8,4,4,4,19483.3899329119,20976.061615262413,7.092255134697299,7.677325880341909,40,81,success,17.995505608036183,,
11,Product-mix + seven-factor full factorial design,630,631,2,1,1,1,30,60,25,600,300,600,0.5,0.8,full,40,0,73,False,8,300.0,180.0,180.0,60.0,340150.1488654145,327279.01406386844,327072.55913187785,8,8,8,4,4,4,12871.134801546052,13077.589733536646,3.932771197799519,3.998375702396873,40,81,success,17.168349526938982,,
11,Product-mix + seven-factor full factorial design,631,632,2,1,1,1,30,60,25,600,300,600,0.75,0.8,full,40,0,73,False,8,300.0,180.0,180.0,60.0,341563.6085645914,328050.1416268745,327072.55913187785,10,10,8,4,4,4,13513.466937716876,14491.049432713538,4.119329706946795,4.430530482647629,40,81,success,18.876180891064,,
11,Product-mix + seven-factor full factorial design,632,633,2,1,1,1,30,60,25,300,600,300,0.5,0.8,full,40,0,73,False,8,300.0,180.0,180.0,60.0,246543.03395876585,220031.9220879243,219534.89325126697,9,6,8,4,3,4,26511.11187084156,27008.14070749888,12.048757116364133,12.302436440746996,40,81,success,9.92181885498576,,
11,Product-mix + seven-factor full factorial design,633,634,2,1,1,1,30,60,25,300,600,300,0.75,0.8,full,40,0,73,False,8,300.0,180.0,180.0,60.0,248647.3883148413,226904.1441721657,219534.89325126697,8,9,8,4,4,4,21743.24414267554,29112.49506357429,9.582568102492496,13.260987641838696,40,81,success,6.552139471983537,,
11,Product-mix + seven-factor full factorial design,634,635,2,1,1,1,30,60,25,300,600,600,0.5,0.8,full,40,0,73,False,8,300.0,180.0,180.0,60.0,300299.4379723708,265570.52201315266,274049.85919141764,10,7,8,4,3,4,34728.91595921817,26249.57878095319,13.077097448902173,9.578395281209923,40,81,success,11.676445849006996,,
11,Product-mix + seven-factor full factorial design,635,636,2,1,1,1,30,60,25,300,600,600,0.75,0.8,full,40,0,73,False,8,300.0,180.0,180.0,60.0,301727.9328817786,282275.441442469,274049.85919141764,10,9,8,4,4,4,19452.491439309557,27678.073690360936,6.891315567484178,10.09964893688503,40,81,success,13.75107703905087,,
11,Product-mix + seven-factor full factorial design,636,637,2,1,1,1,30,60,25,600,600,300,0.5,0.8,full,40,0,73,False,8,300.0,180.0,180.0,60.0,348370.51348581817,333557.05070557195,333623.3075445075,9,8,8,4,4,4,14813.46278024622,14747.205941310676,4.441058208456802,4.420316449066828,40,81,success,15.40134536800906,,
11,Product-mix + seven-factor full factorial design,637,638,2,1,1,1,30,60,25,600,600,300,0.75,0.8,full,40,0,73,False,8,300.0,180.0,180.0,60.0,353885.2781056221,334054.9449258187,333623.3075445075,9,9,8,4,4,4,19830.33317980339,20261.97056111461,5.936248955753964,6.073307860366299,40,81,success,14.754479581024498,,
11,Product-mix + seven-factor full factorial design,638,639,2,1,1,1,30,60,25,600,600,600,0.5,0.8,full,40,0,73,False,8,300.0,180.0,180.0,60.0,368725.2059514586,359776.6243883459,359776.6243883471,8,8,8,4,4,4,8948.581563112675,8948.581563111511,2.4872604156332017,2.48726041563287,40,81,success,11.405122193973511,,
11,Product-mix + seven-factor full factorial design,639,640,2,1,1,1,30,60,25,600,600,600,0.75,0.8,full,40,0,73,False,8,300.0,180.0,180.0,60.0,373214.0950697175,359776.6243883459,359776.6243883471,8,8,8,4,4,4,13437.470681371577,13437.47068137041,3.734948234676597,3.734948234676261,40,81,success,12.633105168002658,,
11,Product-mix + seven-factor full factorial design,640,641,2,0,2,2,15,30,10,300,300,300,0.5,0.8,full,40,0,73,False,8,300.0,180.0,180.0,60.0,98991.65360784985,88143.06870265966,79306.46773539972,9,5,8,4,3,4,10848.58490519019,19685.18587245012,12.307927401287358,24.821665161192545,40,81,success,25.12903058994561,,
11,Product-mix + seven-factor full factorial design,641,642,2,0,2,2,15,30,10,300,300,300,0.75,0.8,full,40,0,73,False,8,300.0,180.0,180.0,60.0,98991.65360784985,88143.06870265966,79306.46773539972,9,5,8,4,3,4,10848.58490519019,19685.18587245012,12.307927401287358,24.821665161192545,40,81,success,22.544972700998187,,
11,Product-mix + seven-factor full factorial design,642,643,2,0,2,2,15,30,10,300,300,600,0.5,0.8,full,40,0,73,False,8,300.0,180.0,180.0,60.0,157314.1623296565,137129.13165815888,128292.5306908988,8,5,8,4,3,4,20185.030671497632,29021.63163875771,14.719724705772736,22.621450744222116,40,81,success,20.854117859038524,,
11,Product-mix + seven-factor full factorial design,643,644,2,0,2,2,15,30,10,300,300,600,0.75,0.8,full,40,0,73,False,8,300.0,180.0,180.0,60.0,157314.1623296565,137129.13165815888,128292.5306908988,8,5,8,4,3,4,20185.030671497632,29021.63163875771,14.719724705772736,22.621450744222116,40,81,success,21.8078065100126,,
11,Product-mix + seven-factor full factorial design,644,645,2,0,2,2,15,30,10,600,300,300,0.5,0.8,full,40,0,73,False,8,300.0,180.0,180.0,60.0,175101.6273696728,149919.79730648256,141083.19633922458,9,5,8,4,3,4,25181.830063190224,34018.431030448206,16.796867735693873,24.11231947754663,40,81,success,20.08472956996411,,
11,Product-mix + seven-factor full factorial design,645,646,2,0,2,2,15,30,10,600,300,300,0.75,0.8,full,40,0,73,False,8,300.0,180.0,180.0,60.0,175101.6273696728,149919.79730648256,141083.19633922458,9,5,8,4,3,4,25181.830063190224,34018.431030448206,16.796867735693873,24.11231947754663,40,81,success,20.888592276955023,,
11,Product-mix + seven-factor full factorial design,646,647,2,0,2,2,15,30,10,600,300,600,0.5,0.8,full,40,0,73,False,8,300.0,180.0,180.0,60.0,226237.525629522,198878.38027326076,190069.25929472136,9,5,8,4,3,4,27359.14535626126,36168.26633480063,13.756721730471428,19.02899315176376,40,81,success,18.998398518073373,,
11,Product-mix + seven-factor full factorial design,647,648,2,0,2,2,15,30,10,600,300,600,0.75,0.8,full,40,0,73,False,8,300.0,180.0,180.0,60.0,226237.525629522,198878.38027326076,190069.25929472136,9,5,8,4,3,4,27359.14535626126,36168.26633480063,13.756721730471428,19.02899315176376,40,81,success,18.575390429003164,,
11,Product-mix + seven-factor full factorial design,648,649,2,0,2,2,15,30,10,300,600,300,0.5,0.8,full,40,0,73,False,8,300.0,180.0,180.0,60.0,98991.65360784985,88143.06870265858,79306.46773539972,9,5,8,4,3,4,10848.584905191266,19685.18587245012,12.30792740128873,24.821665161192545,40,81,success,22.57387028995436,,
11,Product-mix + seven-factor full factorial design,649,650,2,0,2,2,15,30,10,300,600,300,0.75,0.8,full,40,0,73,False,8,300.0,180.0,180.0,60.0,98991.65360784985,88143.06870265966,79306.46773539972,9,5,8,4,3,4,10848.58490519019,19685.18587245012,12.307927401287358,24.821665161192545,40,81,success,21.832538940943778,,
11,Product-mix + seven-factor full factorial design,650,651,2,0,2,2,15,30,10,300,600,600,0.5,0.8,full,40,0,73,False,8,300.0,180.0,180.0,60.0,157314.1623296565,137129.13165815888,128292.5306908988,8,5,8,4,3,4,20185.030671497632,29021.63163875771,14.719724705772736,22.621450744222116,40,81,success,23.45208949397784,,
11,Product-mix + seven-factor full factorial design,651,652,2,0,2,2,15,30,10,300,600,600,0.75,0.8,full,40,0,73,False,8,300.0,180.0,180.0,60.0,157314.1623296565,137129.13165815888,128292.5306908988,8,5,8,4,3,4,20185.030671497632,29021.63163875771,14.719724705772736,22.621450744222116,40,81,success,20.84681494301185,,
11,Product-mix + seven-factor full factorial design,652,653,2,0,2,2,15,30,10,600,600,300,0.5,0.8,full,40,0,73,False,8,300.0,180.0,180.0,60.0,175101.6273696728,149919.79730648256,141083.19633922458,9,5,8,4,3,4,25181.830063190224,34018.431030448206,16.796867735693873,24.11231947754663,40,81,success,20.720274433959275,,
11,Product-mix + seven-factor full factorial design,653,654,2,0,2,2,15,30,10,600,600,300,0.75,0.8,full,40,0,73,False,8,300.0,180.0,180.0,60.0,175101.6273696728,149919.79730648256,141083.19633922458,9,5,8,4,3,4,25181.830063190224,34018.431030448206,16.796867735693873,24.11231947754663,40,81,success,20.127379175974056,,
11,Product-mix + seven-factor full factorial design,654,655,2,0,2,2,15,30,10,600,600,600,0.5,0.8,full,40,0,73,False,8,300.0,180.0,180.0,60.0,226237.525629522,198878.38027326076,190069.25929472136,9,5,8,4,3,4,27359.14535626126,36168.26633480063,13.756721730471428,19.02899315176376,40,81,success,18.10939350107219,,
11,Product-mix + seven-factor full factorial design,655,656,2,0,2,2,15,30,10,600,600,600,0.75,0.8,full,40,0,73,False,8,300.0,180.0,180.0,60.0,226237.525629522,198878.38027326076,190069.25929472136,9,5,8,4,3,4,27359.14535626126,36168.26633480063,13.756721730471428,19.02899315176376,40,81,success,18.200273030088283,,
11,Product-mix + seven-factor full factorial design,656,657,2,0,2,2,30,30,10,300,300,300,0.5,0.8,full,40,0,73,False,8,300.0,180.0,180.0,60.0,157369.0322271723,156978.95336619153,155126.0790771611,6,6,8,4,4,4,390.0788609807787,2242.9531500112207,0.2484911847200465,1.445890441732596,40,81,success,4.399698391091079,,
11,Product-mix + seven-factor full factorial design,657,658,2,0,2,2,30,30,10,300,300,300,0.75,0.8,full,40,0,73,False,8,300.0,180.0,180.0,60.0,157369.0322271723,156978.95336619153,155126.0790771611,6,6,8,4,4,4,390.0788609807787,2242.9531500112207,0.2484911847200465,1.445890441732596,40,81,success,4.357420069980435,,
11,Product-mix + seven-factor full factorial design,658,659,2,0,2,2,30,30,10,300,300,600,0.5,0.8,full,40,0,73,False,8,300.0,180.0,180.0,60.0,227911.04365527243,227516.83580751315,227516.83580751315,8,8,8,4,4,4,394.20784775927314,394.20784775927314,0.1732653525881425,0.1732653525881425,40,81,success,15.294582173926756,,
11,Product-mix + seven-factor full factorial design,659,660,2,0,2,2,30,30,10,300,300,600,0.75,0.8,full,40,0,73,False,8,300.0,180.0,180.0,60.0,227911.04365527243,227516.83580751315,227516.83580751315,8,8,8,4,4,4,394.20784775927314,394.20784775927314,0.1732653525881425,0.1732653525881425,40,81,success,15.784545989939945,,
11,Product-mix + seven-factor full factorial design,660,661,2,0,2,2,30,30,10,600,300,300,0.5,0.8,full,40,0,73,False,8,300.0,180.0,180.0,60.0,283873.41672970407,280488.2599635399,278666.27403415984,8,6,8,4,4,4,3385.1567661641748,5207.142695544229,1.2068800193648763,1.8685945091819476,40,81,success,12.9479514809791,,
11,Product-mix + seven-factor full factorial design,661,662,2,0,2,2,30,30,10,600,300,300,0.75,0.8,full,40,0,73,False,8,300.0,180.0,180.0,60.0,283873.41672970407,280488.25996354,278666.27403415984,8,6,8,4,4,4,3385.1567661640584,5207.142695544229,1.2068800193648344,1.8685945091819476,40,81,success,15.281747914967127,,
11,Product-mix + seven-factor full factorial design,662,663,2,0,2,2,30,30,10,600,300,600,0.5,0.8,full,40,0,73,False,8,300.0,180.0,180.0,60.0,343804.3094172858,343414.230556305,341708.4819782441,6,6,8,4,4,4,390.0788609808078,2095.827439041692,0.1135884381811754,0.6133378448519545,40,81,success,4.9911382959689945,,
11,Product-mix + seven-factor full factorial design,663,664,2,0,2,2,30,30,10,600,300,600,0.75,0.8,full,40,0,73,False,8,300.0,180.0,180.0,60.0,343804.3094172858,343414.230556305,341708.4819782441,6,6,8,4,4,4,390.0788609808078,2095.827439041692,0.1135884381811754,0.6133378448519545,40,81,success,4.716487067984417,,
11,Product-mix + seven-factor full factorial design,664,665,2,0,2,2,30,30,10,300,600,300,0.5,0.8,full,40,0,73,False,8,300.0,180.0,180.0,60.0,157369.0322271723,156978.95336619153,155126.0790771611,6,6,8,4,4,4,390.0788609807787,2242.9531500112207,0.2484911847200465,1.445890441732596,40,81,success,4.620022836956196,,
11,Product-mix + seven-factor full factorial design,665,666,2,0,2,2,30,30,10,300,600,300,0.75,0.8,full,40,0,73,False,8,300.0,180.0,180.0,60.0,157369.0322271723,156978.95336619153,155126.0790771611,6,6,8,4,4,4,390.0788609807787,2242.9531500112207,0.2484911847200465,1.445890441732596,40,81,success,4.493316783918999,,
11,Product-mix + seven-factor full factorial design,666,667,2,0,2,2,30,30,10,300,600,600,0.5,0.8,full,40,0,73,False,8,300.0,180.0,180.0,60.0,227911.04365527243,227516.83580751315,227516.83580751315,8,8,8,4,4,4,394.20784775927314,394.20784775927314,0.1732653525881425,0.1732653525881425,40,81,success,15.480241994024254,,
11,Product-mix + seven-factor full factorial design,667,668,2,0,2,2,30,30,10,300,600,600,0.75,0.8,full,40,0,73,False,8,300.0,180.0,180.0,60.0,227911.04365527243,227516.83580751315,227516.83580751315,8,8,8,4,4,4,394.20784775927314,394.20784775927314,0.1732653525881425,0.1732653525881425,40,81,success,15.81957006501034,,
11,Product-mix + seven-factor full factorial design,668,669,2,0,2,2,30,30,10,600,600,300,0.5,0.8,full,40,0,73,False,8,300.0,180.0,180.0,60.0,283873.41672970407,280488.25996354,278666.27403415984,8,6,8,4,4,4,3385.1567661640584,5207.142695544229,1.2068800193648344,1.8685945091819476,40,81,success,12.964934537070803,,
11,Product-mix + seven-factor full factorial design,669,670,2,0,2,2,30,30,10,600,600,300,0.75,0.8,full,40,0,73,False,8,300.0,180.0,180.0,60.0,283873.41672970407,280488.2599635399,278666.27403415984,8,6,8,4,4,4,3385.1567661641748,5207.142695544229,1.2068800193648763,1.8685945091819476,40,81,success,12.924217872903682,,
11,Product-mix + seven-factor full factorial design,670,671,2,0,2,2,30,30,10,600,600,600,0.5,0.8,full,40,0,73,False,8,300.0,180.0,180.0,60.0,343804.3094172858,343414.230556305,341708.4819782441,6,6,8,4,4,4,390.0788609808078,2095.827439041692,0.1135884381811754,0.6133378448519545,40,81,success,4.859702249057591,,
11,Product-mix + seven-factor full factorial design,671,672,2,0,2,2,30,30,10,600,600,600,0.75,0.8,full,40,0,73,False,8,300.0,180.0,180.0,60.0,343804.3094172858,343414.230556305,341708.4819782441,6,6,8,4,4,4,390.0788609808078,2095.827439041692,0.1135884381811754,0.6133378448519545,40,81,success,4.595920695923269,,
11,Product-mix + seven-factor full factorial design,672,673,2,0,2,2,15,30,25,300,300,300,0.5,0.8,full,40,0,73,False,8,300.0,180.0,180.0,60.0,137546.54007040942,121483.89852148402,117661.0596317262,8,6,8,4,3,4,16062.6415489254,19885.48043868321,13.222033326568605,16.90064707977632,40,81,success,31.16990892996546,,
11,Product-mix + seven-factor full factorial design,673,674,2,0,2,2,15,30,25,300,300,300,0.75,0.8,full,40,0,73,False,8,300.0,180.0,180.0,60.0,137546.54007040942,121483.89852148402,117661.0596317262,8,6,8,4,3,4,16062.6415489254,19885.48043868321,13.222033326568605,16.90064707977632,40,81,success,34.32720609905664,,
11,Product-mix + seven-factor full factorial design,674,675,2,0,2,2,15,30,25,300,300,600,0.5,0.8,full,40,0,73,False,8,300.0,180.0,180.0,60.0,244485.75547974705,208284.15152444123,205019.0412937537,8,6,8,4,3,4,36201.60395530579,39466.7141859933,17.380873047874548,19.250267651698227,40,81,success,37.89136613800656,,
11,Product-mix + seven-factor full factorial design,675,676,2,0,2,2,15,30,25,300,300,600,0.75,0.8,full,40,0,73,False,8,300.0,180.0,180.0,60.0,244485.75547974705,208284.15152444123,205019.0412937537,8,6,8,4,3,4,36201.60395530579,39466.7141859933,17.380873047874548,19.250267651698227,40,81,success,42.358275615028106,,
11,Product-mix + seven-factor full factorial design,676,677,2,0,2,2,15,30,25,600,300,300,0.5,0.8,full,40,0,73,False,8,300.0,180.0,180.0,60.0,211576.59730547675,183260.6271253097,179430.9920474263,9,6,8,4,3,4,28315.97018016706,32145.605258050466,15.451202270963094,17.915302641560327,40,81,success,39.19828480004799,,
11,Product-mix + seven-factor full factorial design,677,678,2,0,2,2,15,30,25,600,300,300,0.75,0.8,full,40,0,73,False,8,300.0,180.0,180.0,60.0,211576.59730547675,183260.6271253097,179430.9920474263,9,6,8,4,3,4,28315.97018016706,32145.605258050466,15.451202270963094,17.915302641560327,40,81,success,38.95474035409279,,
11,Product-mix + seven-factor full factorial design,678,679,2,0,2,2,15,30,25,600,300,600,0.5,0.8,full,40,0,73,False,8,300.0,180.0,180.0,60.0,303136.009239762,268550.9437848772,266778.4430873743,9,6,8,4,4,4,34585.06545488478,36357.56615238765,12.878400264565505,13.628374816056612,40,81,success,29.08238000096753,,
11,Product-mix + seven-factor full factorial design,679,680,2,0,2,2,15,30,25,600,300,600,0.75,0.8,full,40,0,73,False,8,300.0,180.0,180.0,60.0,303136.009239762,268550.94378487795,266778.4430873743,9,6,8,4,4,4,34585.065454884025,36357.56615238765,12.878400264565183,13.628374816056612,40,81,success,28.37769634102005,,
11,Product-mix + seven-factor full factorial design,680,681,2,0,2,2,15,30,25,300,600,300,0.5,0.8,full,40,0,73,False,8,300.0,180.0,180.0,60.0,137546.54007040942,121483.89852148402,117661.0596317262,8,6,8,4,3,4,16062.6415489254,19885.48043868321,13.222033326568605,16.90064707977632,40,81,success,31.23169100400992,,
11,Product-mix + seven-factor full factorial design,681,682,2,0,2,2,15,30,25,300,600,300,0.75,0.8,full,40,0,73,False,8,300.0,180.0,180.0,60.0,137546.54007040942,121483.89852148402,117661.0596317262,8,6,8,4,3,4,16062.6415489254,19885.48043868321,13.222033326568605,16.90064707977632,40,81,success,31.553489711950533,,
11,Product-mix + seven-factor full factorial design,682,683,2,0,2,2,15,30,25,300,600,600,0.5,0.8,full,40,0,73,False,8,300.0,180.0,180.0,60.0,244485.75547974705,208284.15152444117,205019.0412937537,8,6,8,4,3,4,36201.60395530588,39466.7141859933,17.380873047874598,19.250267651698227,40,81,success,39.63025341695175,,
11,Product-mix + seven-factor full factorial design,683,684,2,0,2,2,15,30,25,300,600,600,0.75,0.8,full,40,0,73,False,8,300.0,180.0,180.0,60.0,244485.75547974705,208284.15152444123,205019.0412937537,8,6,8,4,3,4,36201.60395530579,39466.7141859933,17.380873047874548,19.250267651698227,40,81,success,39.78437263600063,,
11,Product-mix + seven-factor full factorial design,684,685,2,0,2,2,15,30,25,600,600,300,0.5,0.8,full,40,0,73,False,8,300.0,180.0,180.0,60.0,211576.59730547675,183260.6271253097,179430.9920474263,9,6,8,4,3,4,28315.97018016706,32145.605258050466,15.451202270963094,17.915302641560327,40,81,success,38.99742407805752,,
11,Product-mix + seven-factor full factorial design,685,686,2,0,2,2,15,30,25,600,600,300,0.75,0.8,full,40,0,73,False,8,300.0,180.0,180.0,60.0,211576.59730547675,183260.6271253097,179430.9920474263,9,6,8,4,3,4,28315.97018016706,32145.605258050466,15.451202270963094,17.915302641560327,40,81,success,35.292487229104154,,
11,Product-mix + seven-factor full factorial design,686,687,2,0,2,2,15,30,25,600,600,600,0.5,0.8,full,40,0,73,False,8,300.0,180.0,180.0,60.0,303136.009239762,268550.9437848772,266778.4430873743,9,6,8,4,4,4,34585.06545488478,36357.56615238765,12.878400264565505,13.628374816056612,40,81,success,27.865472781006247,,
11,Product-mix + seven-factor full factorial design,687,688,2,0,2,2,15,30,25,600,600,600,0.75,0.8,full,40,0,73,False,8,300.0,180.0,180.0,60.0,303136.009239762,268550.9437848772,266778.4430873743,9,6,8,4,4,4,34585.06545488478,36357.56615238765,12.878400264565505,13.628374816056612,40,81,success,29.596918637049384,,
11,Product-mix + seven-factor full factorial design,688,689,2,0,2,2,30,30,25,300,300,300,0.5,0.8,full,40,0,73,False,8,300.0,180.0,180.0,60.0,188178.160417,187621.23304004007,187260.83977085204,7,7,8,4,4,4,556.9273769599095,917.3206461479422,0.2968360072769888,0.4898625079704075,40,81,success,15.523344029090367,,
11,Product-mix + seven-factor full factorial design,689,690,2,0,2,2,30,30,25,300,300,300,0.75,0.8,full,40,0,73,False,8,300.0,180.0,180.0,60.0,188178.160417,187621.23304003995,187260.83977085204,7,7,8,4,4,4,556.9273769600259,917.3206461479422,0.296836007277051,0.4898625079704075,40,81,success,14.6640372260008,,
11,Product-mix + seven-factor full factorial design,690,691,2,0,2,2,30,30,25,300,300,600,0.5,0.8,full,40,0,73,False,8,300.0,180.0,180.0,60.0,298400.7013139193,298013.70785446005,297410.1277396655,8,8,8,4,4,4,386.9934594592196,990.5735742537654,0.1298576036133929,0.3330665239217584,40,81,success,30.91611870401539,,
11,Product-mix + seven-factor full factorial design,691,692,2,0,2,2,30,30,25,300,300,600,0.75,0.8,full,40,0,73,False,8,300.0,180.0,180.0,60.0,298400.7013139193,298013.70785446005,297410.1277396655,8,8,8,4,4,4,386.9934594592196,990.5735742537654,0.1298576036133929,0.3330665239217584,40,81,success,27.27873251598794,,
11,Product-mix + seven-factor full factorial design,692,693,2,0,2,2,30,30,25,600,300,300,0.5,0.8,full,40,0,73,False,8,300.0,180.0,180.0,60.0,311116.7399186897,310799.74295251945,310151.52214924194,8,8,8,4,4,4,316.9969661702635,965.2177694477724,0.1019939602133746,0.3112084579689145,40,81,success,30.726980881998315,,
11,Product-mix + seven-factor full factorial design,693,694,2,0,2,2,30,30,25,600,300,300,0.75,0.8,full,40,0,73,False,8,300.0,180.0,180.0,60.0,311116.7399186897,310799.74295251945,310151.52214924194,8,8,8,4,4,4,316.9969661702635,965.2177694477724,0.1019939602133746,0.3112084579689145,40,81,success,29.689401490963064,,
11,Product-mix + seven-factor full factorial design,694,695,2,0,2,2,30,30,25,600,300,600,0.5,0.8,full,40,0,73,False,8,300.0,180.0,180.0,60.0,406639.8745814734,405960.82520835486,405978.003365626,8,8,8,4,4,4,679.0493731185561,661.8712158474373,0.1672696799672829,0.1630312998143775,40,81,success,14.11609598400537,,
11,Product-mix + seven-factor full factorial design,695,696,2,0,2,2,30,30,25,600,300,600,0.75,0.8,full,40,0,73,False,8,300.0,180.0,180.0,60.0,406639.8745814734,405960.82520835486,405978.003365626,8,8,8,4,4,4,679.0493731185561,661.8712158474373,0.1672696799672829,0.1630312998143775,40,81,success,13.596825658110902,,
11,Product-mix + seven-factor full factorial design,696,697,2,0,2,2,30,30,25,300,600,300,0.5,0.8,full,40,0,73,False,8,300.0,180.0,180.0,60.0,188178.1604169999,187621.23304004007,187260.83977085204,7,7,8,4,4,4,556.9273769598221,917.3206461478547,0.2968360072769422,0.4898625079703609,40,81,success,15.417862008092923,,
11,Product-mix + seven-factor full factorial design,697,698,2,0,2,2,30,30,25,300,600,300,0.75,0.8,full,40,0,73,False,8,300.0,180.0,180.0,60.0,188178.160417,187621.23304004007,187260.83977085204,7,7,8,4,4,4,556.9273769599095,917.3206461479422,0.2968360072769888,0.4898625079704075,40,81,success,16.113651675987057,,
11,Product-mix + seven-factor full factorial design,698,699,2,0,2,2,30,30,25,300,600,600,0.5,0.8,full,40,0,73,False,8,300.0,180.0,180.0,60.0,298400.7013139193,298013.70785446005,297410.1277396655,8,8,8,4,4,4,386.9934594592196,990.5735742537654,0.1298576036133929,0.3330665239217584,40,81,success,26.030868300935254,,
11,Product-mix + seven-factor full factorial design,699,700,2,0,2,2,30,30,25,300,600,600,0.75,0.8,full,40,0,73,False,8,300.0,180.0,180.0,60.0,298400.7013139193,298013.70785446005,297410.1277396655,8,8,8,4,4,4,386.9934594592196,990.5735742537654,0.1298576036133929,0.3330665239217584,40,81,success,30.45963417401072,,
11,Product-mix + seven-factor full factorial design,700,701,2,0,2,2,30,30,25,600,600,300,0.5,0.8,full,40,0,73,False,8,300.0,180.0,180.0,60.0,311116.7399186897,310799.74295251945,310151.52214924194,8,8,8,4,4,4,316.9969661702635,965.2177694477724,0.1019939602133746,0.3112084579689145,40,81,success,29.41029733896721,,
11,Product-mix + seven-factor full factorial design,701,702,2,0,2,2,30,30,25,600,600,300,0.75,0.8,full,40,0,73,False,8,300.0,180.0,180.0,60.0,311116.7399186897,310799.74295251945,310151.52214924194,8,8,8,4,4,4,316.9969661702635,965.2177694477724,0.1019939602133746,0.3112084579689145,40,81,success,33.497885997989215,,
11,Product-mix + seven-factor full factorial design,702,703,2,0,2,2,30,30,25,600,600,600,0.5,0.8,full,40,0,73,False,8,300.0,180.0,180.0,60.0,406639.8745814734,405960.82520835486,405978.003365626,8,8,8,4,4,4,679.0493731185561,661.8712158474373,0.1672696799672829,0.1630312998143775,40,81,success,12.778483074973336,,
11,Product-mix + seven-factor full factorial design,703,704,2,0,2,2,30,30,25,600,600,600,0.75,0.8,full,40,0,73,False,8,300.0,180.0,180.0,60.0,406639.8745814734,405960.82520835486,405978.003365626,8,8,8,4,4,4,679.0493731185561,661.8712158474373,0.1672696799672829,0.1630312998143775,40,81,success,12.944592765998095,,
11,Product-mix + seven-factor full factorial design,704,705,2,0,2,2,15,60,10,300,300,300,0.5,0.8,full,40,0,73,False,8,300.0,180.0,180.0,60.0,98991.65360784985,88143.06870265966,79306.46773539972,9,5,8,4,3,4,10848.58490519019,19685.18587245012,12.307927401287358,24.821665161192545,40,81,success,21.9008821900934,,
11,Product-mix + seven-factor full factorial design,705,706,2,0,2,2,15,60,10,300,300,300,0.75,0.8,full,40,0,73,False,8,300.0,180.0,180.0,60.0,98991.65360784985,88143.06870265966,79306.46773539972,9,5,8,4,3,4,10848.58490519019,19685.18587245012,12.307927401287358,24.821665161192545,40,81,success,22.76518900401425,,
11,Product-mix + seven-factor full factorial design,706,707,2,0,2,2,15,60,10,300,300,600,0.5,0.8,full,40,0,73,False,8,300.0,180.0,180.0,60.0,157314.1623296565,137129.13165815888,128292.5306908988,8,5,8,4,3,4,20185.030671497632,29021.63163875771,14.719724705772736,22.621450744222116,40,81,success,21.09424623590894,,
11,Product-mix + seven-factor full factorial design,707,708,2,0,2,2,15,60,10,300,300,600,0.75,0.8,full,40,0,73,False,8,300.0,180.0,180.0,60.0,157314.16232965654,137129.13165815888,128292.5306908988,8,5,8,4,3,4,20185.03067149766,29021.63163875774,14.719724705772755,22.62145074422213,40,81,success,21.280000798986293,,
11,Product-mix + seven-factor full factorial design,708,709,2,0,2,2,15,60,10,600,300,300,0.5,0.8,full,40,0,73,False,8,300.0,180.0,180.0,60.0,175101.6273696728,149919.79730648256,141083.19633922458,9,5,8,4,3,4,25181.830063190224,34018.431030448206,16.796867735693873,24.11231947754663,40,81,success,20.22229086596053,,
11,Product-mix + seven-factor full factorial design,709,710,2,0,2,2,15,60,10,600,300,300,0.75,0.8,full,40,0,73,False,8,300.0,180.0,180.0,60.0,175101.6273696728,149919.79730648256,141083.19633922458,9,5,8,4,3,4,25181.830063190224,34018.431030448206,16.796867735693873,24.11231947754663,40,81,success,23.39941106201149,,
11,Product-mix + seven-factor full factorial design,710,711,2,0,2,2,15,60,10,600,300,600,0.5,0.8,full,40,0,73,False,8,300.0,180.0,180.0,60.0,226237.525629522,198878.38027326076,190069.25929472136,9,5,8,4,3,4,27359.14535626126,36168.26633480063,13.756721730471428,19.02899315176376,40,81,success,17.563362584100105,,
11,Product-mix + seven-factor full factorial design,711,712,2,0,2,2,15,60,10,600,300,600,0.75,0.8,full,40,0,73,False,8,300.0,180.0,180.0,60.0,226237.525629522,198878.38027326076,190069.25929472136,9,5,8,4,3,4,27359.14535626126,36168.26633480063,13.756721730471428,19.02899315176376,40,81,success,17.386467569041997,,
11,Product-mix + seven-factor full factorial design,712,713,2,0,2,2,15,60,10,300,600,300,0.5,0.8,full,40,0,73,False,8,300.0,180.0,180.0,60.0,98991.65360784985,88143.06870265966,79306.46773539972,9,5,8,4,3,4,10848.58490519019,19685.18587245012,12.307927401287358,24.821665161192545,40,81,success,22.79861863492988,,
11,Product-mix + seven-factor full factorial design,713,714,2,0,2,2,15,60,10,300,600,300,0.75,0.8,full,40,0,73,False,8,300.0,180.0,180.0,60.0,98991.65360784985,88143.06870265966,79306.46773539972,9,5,8,4,3,4,10848.58490519019,19685.18587245012,12.307927401287358,24.821665161192545,40,81,success,24.432121602003463,,
11,Product-mix + seven-factor full factorial design,714,715,2,0,2,2,15,60,10,300,600,600,0.5,0.8,full,40,0,73,False,8,300.0,180.0,180.0,60.0,157314.1623296565,137129.13165815888,128292.5306908988,8,5,8,4,3,4,20185.030671497632,29021.63163875771,14.719724705772736,22.621450744222116,40,81,success,24.375344041967764,,
11,Product-mix + seven-factor full factorial design,715,716,2,0,2,2,15,60,10,300,600,600,0.75,0.8,full,40,0,73,False,8,300.0,180.0,180.0,60.0,157314.1623296565,137129.13165815888,128292.5306908988,8,5,8,4,3,4,20185.030671497632,29021.63163875771,14.719724705772736,22.621450744222116,40,81,success,24.852966458071023,,
11,Product-mix + seven-factor full factorial design,716,717,2,0,2,2,15,60,10,600,600,300,0.5,0.8,full,40,0,73,False,8,300.0,180.0,180.0,60.0,175101.62736967258,149919.79730648256,141083.19633922458,9,5,8,4,3,4,25181.83006319002,34018.431030448,16.796867735693738,24.11231947754649,40,81,success,23.408097367035225,,
11,Product-mix + seven-factor full factorial design,717,718,2,0,2,2,15,60,10,600,600,300,0.75,0.8,full,40,0,73,False,8,300.0,180.0,180.0,60.0,175101.6273696728,149919.79730648256,141083.19633922458,9,5,8,4,3,4,25181.830063190224,34018.431030448206,16.796867735693873,24.11231947754663,40,81,success,24.300704699009657,,
11,Product-mix + seven-factor full factorial design,718,719,2,0,2,2,15,60,10,600,600,600,0.5,0.8,full,40,0,73,False,8,300.0,180.0,180.0,60.0,226237.525629522,198878.38027326076,190069.25929472136,9,5,8,4,3,4,27359.14535626126,36168.26633480063,13.756721730471428,19.02899315176376,40,81,success,19.932495681918223,,
11,Product-mix + seven-factor full factorial design,719,720,2,0,2,2,15,60,10,600,600,600,0.75,0.8,full,40,0,73,False,8,300.0,180.0,180.0,60.0,226237.525629522,198878.38027325855,190069.25929472136,9,5,8,4,3,4,27359.14535626341,36168.26633480063,13.75672173047266,19.02899315176376,40,81,success,18.48709702398628,,
11,Product-mix + seven-factor full factorial design,720,721,2,0,2,2,30,60,10,300,300,300,0.5,0.8,full,40,0,73,False,8,300.0,180.0,180.0,60.0,157369.0322271723,156978.95336619153,155126.0790771611,6,6,8,4,4,4,390.0788609807787,2242.9531500112207,0.2484911847200465,1.445890441732596,40,81,success,4.561823474941775,,
11,Product-mix + seven-factor full factorial design,721,722,2,0,2,2,30,60,10,300,300,300,0.75,0.8,full,40,0,73,False,8,300.0,180.0,180.0,60.0,157369.0322271723,156978.95336619153,155126.0790771611,6,6,8,4,4,4,390.0788609807787,2242.9531500112207,0.2484911847200465,1.445890441732596,40,81,success,5.379060240113176,,
11,Product-mix + seven-factor full factorial design,722,723,2,0,2,2,30,60,10,300,300,600,0.5,0.8,full,40,0,73,False,8,300.0,180.0,180.0,60.0,227911.04365527243,227516.83580751315,227516.83580751315,8,8,8,4,4,4,394.20784775927314,394.20784775927314,0.1732653525881425,0.1732653525881425,40,81,success,15.455072142998688,,
11,Product-mix + seven-factor full factorial design,723,724,2,0,2,2,30,60,10,300,300,600,0.75,0.8,full,40,0,73,False,8,300.0,180.0,180.0,60.0,227911.04365527243,227516.83580751315,227516.83580751315,8,8,8,4,4,4,394.20784775927314,394.20784775927314,0.1732653525881425,0.1732653525881425,40,81,success,18.25043056800496,,
11,Product-mix + seven-factor full factorial design,724,725,2,0,2,2,30,60,10,600,300,300,0.5,0.8,full,40,0,73,False,8,300.0,180.0,180.0,60.0,283873.41672970407,280488.25996354,278666.27403415984,8,6,8,4,4,4,3385.1567661640584,5207.142695544229,1.2068800193648344,1.8685945091819476,40,81,success,15.409120555967093,,
11,Product-mix + seven-factor full factorial design,725,726,2,0,2,2,30,60,10,600,300,300,0.75,0.8,full,40,0,73,False,8,300.0,180.0,180.0,60.0,283873.41672970407,280488.25996354,278666.27403415984,8,6,8,4,4,4,3385.1567661640584,5207.142695544229,1.2068800193648344,1.8685945091819476,40,81,success,14.949671152979136,,
11,Product-mix + seven-factor full factorial design,726,727,2,0,2,2,30,60,10,600,300,600,0.5,0.8,full,40,0,73,False,8,300.0,180.0,180.0,60.0,343804.3094172858,343414.230556305,341708.4819782441,6,6,8,4,4,4,390.0788609808078,2095.827439041692,0.1135884381811754,0.6133378448519545,40,81,success,4.847204341902398,,
11,Product-mix + seven-factor full factorial design,727,728,2,0,2,2,30,60,10,600,300,600,0.75,0.8,full,40,0,73,False,8,300.0,180.0,180.0,60.0,343804.3094172858,343414.230556305,341708.4819782441,6,6,8,4,4,4,390.0788609808078,2095.827439041692,0.1135884381811754,0.6133378448519545,40,81,success,4.686072248034179,,
11,Product-mix + seven-factor full factorial design,728,729,2,0,2,2,30,60,10,300,600,300,0.5,0.8,full,40,0,73,False,8,300.0,180.0,180.0,60.0,157369.0322271723,156978.95336619153,155126.0790771611,6,6,8,4,4,4,390.0788609807787,2242.9531500112207,0.2484911847200465,1.445890441732596,40,81,success,4.3956934289308265,,
11,Product-mix + seven-factor full factorial design,729,730,2,0,2,2,30,60,10,300,600,300,0.75,0.8,full,40,0,73,False,8,300.0,180.0,180.0,60.0,157369.0322271723,156978.95336619153,155126.0790771611,6,6,8,4,4,4,390.0788609807787,2242.9531500112207,0.2484911847200465,1.445890441732596,40,81,success,4.4743602889357135,,
11,Product-mix + seven-factor full factorial design,730,731,2,0,2,2,30,60,10,300,600,600,0.5,0.8,full,40,0,73,False,8,300.0,180.0,180.0,60.0,227911.04365527243,227516.83580751315,227516.83580751315,8,8,8,4,4,4,394.20784775927314,394.20784775927314,0.1732653525881425,0.1732653525881425,40,81,success,18.26463122991845,,
11,Product-mix + seven-factor full factorial design,731,732,2,0,2,2,30,60,10,300,600,600,0.75,0.8,full,40,0,73,False,8,300.0,180.0,180.0,60.0,227911.04365527243,227516.83580751315,227516.83580751315,8,8,8,4,4,4,394.20784775927314,394.20784775927314,0.1732653525881425,0.1732653525881425,40,81,success,17.941126703983173,,
11,Product-mix + seven-factor full factorial design,732,733,2,0,2,2,30,60,10,600,600,300,0.5,0.8,full,40,0,73,False,8,300.0,180.0,180.0,60.0,283873.41672970407,280488.25996354,278666.27403415984,8,6,8,4,4,4,3385.1567661640584,5207.142695544229,1.2068800193648344,1.8685945091819476,40,81,success,14.916144803981297,,
11,Product-mix + seven-factor full factorial design,733,734,2,0,2,2,30,60,10,600,600,300,0.75,0.8,full,40,0,73,False,8,300.0,180.0,180.0,60.0,283873.41672970407,280488.25996354,278666.27403415984,8,6,8,4,4,4,3385.1567661640584,5207.142695544229,1.2068800193648344,1.8685945091819476,40,81,success,14.989006974035874,,
11,Product-mix + seven-factor full factorial design,734,735,2,0,2,2,30,60,10,600,600,600,0.5,0.8,full,40,0,73,False,8,300.0,180.0,180.0,60.0,343804.3094172858,343414.230556305,341708.4819782441,6,6,8,4,4,4,390.0788609808078,2095.827439041692,0.1135884381811754,0.6133378448519545,40,81,success,4.739034296944737,,
11,Product-mix + seven-factor full factorial design,735,736,2,0,2,2,30,60,10,600,600,600,0.75,0.8,full,40,0,73,False,8,300.0,180.0,180.0,60.0,343804.3094172858,343414.230556305,341708.4819782441,6,6,8,4,4,4,390.0788609808078,2095.827439041692,0.1135884381811754,0.6133378448519545,40,81,success,4.873366908053868,,
11,Product-mix + seven-factor full factorial design,736,737,2,0,2,2,15,60,25,300,300,300,0.5,0.8,full,40,0,73,False,8,300.0,180.0,180.0,60.0,137546.54007040942,121483.89852148402,117661.0596317262,8,6,8,4,3,4,16062.6415489254,19885.48043868321,13.222033326568605,16.90064707977632,40,81,success,34.97010354301892,,
11,Product-mix + seven-factor full factorial design,737,738,2,0,2,2,15,60,25,300,300,300,0.75,0.8,full,40,0,73,False,8,300.0,180.0,180.0,60.0,137546.54007040942,121483.89852148402,117661.0596317262,8,6,8,4,3,4,16062.6415489254,19885.48043868321,13.222033326568605,16.90064707977632,40,81,success,32.59284703002777,,
11,Product-mix + seven-factor full factorial design,738,739,2,0,2,2,15,60,25,300,300,600,0.5,0.8,full,40,0,73,False,8,300.0,180.0,180.0,60.0,244485.75547974705,208284.15152444123,205019.0412937537,8,6,8,4,3,4,36201.60395530579,39466.7141859933,17.380873047874548,19.250267651698227,40,81,success,41.167174110072665,,
11,Product-mix + seven-factor full factorial design,739,740,2,0,2,2,15,60,25,300,300,600,0.75,0.8,full,40,0,73,False,8,300.0,180.0,180.0,60.0,244485.75547974705,208284.15152444123,205019.0412937537,8,6,8,4,3,4,36201.60395530579,39466.7141859933,17.380873047874548,19.250267651698227,40,81,success,42.17100043594837,,
11,Product-mix + seven-factor full factorial design,740,741,2,0,2,2,15,60,25,600,300,300,0.5,0.8,full,40,0,73,False,8,300.0,180.0,180.0,60.0,211576.59730547675,183260.62712530975,179430.9920474263,9,6,8,4,3,4,28315.970180166973,32145.605258050466,15.451202270963035,17.915302641560327,40,81,success,35.47727501799818,,
11,Product-mix + seven-factor full factorial design,741,742,2,0,2,2,15,60,25,600,300,300,0.75,0.8,full,40,0,73,False,8,300.0,180.0,180.0,60.0,211576.59730547675,183260.6271253097,179430.9920474263,9,6,8,4,3,4,28315.97018016706,32145.605258050466,15.451202270963094,17.915302641560327,40,81,success,38.1427149369847,,
11,Product-mix + seven-factor full factorial design,742,743,2,0,2,2,15,60,25,600,300,600,0.5,0.8,full,40,0,73,False,8,300.0,180.0,180.0,60.0,303136.009239762,268550.9437848772,266778.4430873743,9,6,8,4,4,4,34585.06545488478,36357.56615238765,12.878400264565505,13.628374816056612,40,81,success,28.03523485292681,,
11,Product-mix + seven-factor full factorial design,743,744,2,0,2,2,15,60,25,600,300,600,0.75,0.8,full,40,0,73,False,8,300.0,180.0,180.0,60.0,303136.009239762,268550.9437848772,266778.4430873743,9,6,8,4,4,4,34585.06545488478,36357.56615238765,12.878400264565505,13.628374816056612,40,81,success,28.197565336013213,,
11,Product-mix + seven-factor full factorial design,744,745,2,0,2,2,15,60,25,300,600,300,0.5,0.8,full,40,0,73,False,8,300.0,180.0,180.0,60.0,137546.54007040942,121483.89852148484,117661.0596317262,8,6,8,4,3,4,16062.641548924585,19885.48043868321,13.222033326567844,16.90064707977632,40,81,success,35.63234029803425,,
11,Product-mix + seven-factor full factorial design,745,746,2,0,2,2,15,60,25,300,600,300,0.75,0.8,full,40,0,73,False,8,300.0,180.0,180.0,60.0,137546.54007040942,121483.89852148402,117661.0596317262,8,6,8,4,3,4,16062.6415489254,19885.48043868321,13.222033326568605,16.90064707977632,40,81,success,32.65075850789435,,
11,Product-mix + seven-factor full factorial design,746,747,2,0,2,2,15,60,25,300,600,600,0.5,0.8,full,40,0,73,False,8,300.0,180.0,180.0,60.0,244485.75547974705,208284.15152444123,205019.0412937537,8,6,8,4,3,4,36201.60395530579,39466.7141859933,17.380873047874548,19.250267651698227,40,81,success,38.7399136259919,,
11,Product-mix + seven-factor full factorial design,747,748,2,0,2,2,15,60,25,300,600,600,0.75,0.8,full,40,0,73,False,8,300.0,180.0,180.0,60.0,244485.75547974705,208284.15152444123,205019.0412937537,8,6,8,4,3,4,36201.60395530579,39466.7141859933,17.380873047874548,19.250267651698227,40,81,success,37.59716359095182,,
11,Product-mix + seven-factor full factorial design,748,749,2,0,2,2,15,60,25,600,600,300,0.5,0.8,full,40,0,73,False,8,300.0,180.0,180.0,60.0,211576.59730547675,183260.6271253097,179430.9920474263,9,6,8,4,3,4,28315.97018016706,32145.605258050466,15.451202270963094,17.915302641560327,40,81,success,35.94565586198587,,
11,Product-mix + seven-factor full factorial design,749,750,2,0,2,2,15,60,25,600,600,300,0.75,0.8,full,40,0,73,False,8,300.0,180.0,180.0,60.0,211576.59730547675,183260.62712530975,179430.9920474263,9,6,8,4,3,4,28315.970180166973,32145.605258050466,15.451202270963035,17.915302641560327,40,81,success,38.265297258039936,,
11,Product-mix + seven-factor full factorial design,750,751,2,0,2,2,15,60,25,600,600,600,0.5,0.8,full,40,0,73,False,8,300.0,180.0,180.0,60.0,303136.009239762,268550.94378487795,266778.4430873743,9,6,8,4,4,4,34585.065454884025,36357.56615238765,12.878400264565183,13.628374816056612,40,81,success,29.453239651047625,,
11,Product-mix + seven-factor full factorial design,751,752,2,0,2,2,15,60,25,600,600,600,0.75,0.8,full,40,0,73,False,8,300.0,180.0,180.0,60.0,303136.009239762,268550.9437848772,266778.4430873743,9,6,8,4,4,4,34585.06545488478,36357.56615238765,12.878400264565505,13.628374816056612,40,81,success,29.9260356730083,,
11,Product-mix + seven-factor full factorial design,752,753,2,0,2,2,30,60,25,300,300,300,0.5,0.8,full,40,0,73,False,8,300.0,180.0,180.0,60.0,188178.1604169999,187621.23304004007,187260.83977085204,7,7,8,4,4,4,556.9273769598221,917.3206461478547,0.2968360072769422,0.4898625079703609,40,81,success,14.6992246969603,,
11,Product-mix + seven-factor full factorial design,753,754,2,0,2,2,30,60,25,300,300,300,0.75,0.8,full,40,0,73,False,8,300.0,180.0,180.0,60.0,188178.160417,187621.23304004007,187260.83977085204,7,7,8,4,4,4,556.9273769599095,917.3206461479422,0.2968360072769888,0.4898625079704075,40,81,success,15.751471200957894,,
11,Product-mix + seven-factor full factorial design,754,755,2,0,2,2,30,60,25,300,300,600,0.5,0.8,full,40,0,73,False,8,300.0,180.0,180.0,60.0,298400.7013139193,298013.70785446005,297410.1277396655,8,8,8,4,4,4,386.9934594592196,990.5735742537654,0.1298576036133929,0.3330665239217584,40,81,success,28.813558418070897,,
11,Product-mix + seven-factor full factorial design,755,756,2,0,2,2,30,60,25,300,300,600,0.75,0.8,full,40,0,73,False,8,300.0,180.0,180.0,60.0,298400.7013139193,298013.70785446005,297410.1277396655,8,8,8,4,4,4,386.9934594592196,990.5735742537654,0.1298576036133929,0.3330665239217584,40,81,success,29.687776932958517,,
11,Product-mix + seven-factor full factorial design,756,757,2,0,2,2,30,60,25,600,300,300,0.5,0.8,full,40,0,73,False,8,300.0,180.0,180.0,60.0,311116.7399186897,310799.74295251945,310151.5221492415,8,8,8,4,4,4,316.9969661702635,965.217769448238,0.1019939602133746,0.3112084579690651,40,81,success,28.852773630991575,,
11,Product-mix + seven-factor full factorial design,757,758,2,0,2,2,30,60,25,600,300,300,0.75,0.8,full,40,0,73,False,8,300.0,180.0,180.0,60.0,311116.7399186897,310799.74295251945,310151.52214924194,8,8,8,4,4,4,316.9969661702635,965.2177694477724,0.1019939602133746,0.3112084579689145,40,81,success,31.684406584943645,,
11,Product-mix + seven-factor full factorial design,758,759,2,0,2,2,30,60,25,600,300,600,0.5,0.8,full,40,0,73,False,8,300.0,180.0,180.0,60.0,406639.8745814734,405960.82520835486,405978.003365626,8,8,8,4,4,4,679.0493731185561,661.8712158474373,0.1672696799672829,0.1630312998143775,40,81,success,14.081200660089962,,
11,Product-mix + seven-factor full factorial design,759,760,2,0,2,2,30,60,25,600,300,600,0.75,0.8,full,40,0,73,False,8,300.0,180.0,180.0,60.0,406639.8745814734,405960.82520835486,405978.003365626,8,8,8,4,4,4,679.0493731185561,661.8712158474373,0.1672696799672829,0.1630312998143775,40,81,success,13.360211311955936,,
11,Product-mix + seven-factor full factorial design,760,761,2,0,2,2,30,60,25,300,600,300,0.5,0.8,full,40,0,73,False,8,300.0,180.0,180.0,60.0,188178.1604169999,187621.23304004007,187260.83977085204,7,7,8,4,4,4,556.9273769598221,917.3206461478547,0.2968360072769422,0.4898625079703609,40,81,success,15.643679865985176,,
11,Product-mix + seven-factor full factorial design,761,762,2,0,2,2,30,60,25,300,600,300,0.75,0.8,full,40,0,73,False,8,300.0,180.0,180.0,60.0,188178.160417,187621.23304004007,187260.83977085204,7,7,8,4,4,4,556.9273769599095,917.3206461479422,0.2968360072769888,0.4898625079704075,40,81,success,16.251808829023503,,
11,Product-mix + seven-factor full factorial design,762,763,2,0,2,2,30,60,25,300,600,600,0.5,0.8,full,40,0,73,False,8,300.0,180.0,180.0,60.0,298400.7013139193,298013.70785446005,297410.1277396655,8,8,8,4,4,4,386.9934594592196,990.5735742537654,0.1298576036133929,0.3330665239217584,40,81,success,28.472283813054677,,
11,Product-mix + seven-factor full factorial design,763,764,2,0,2,2,30,60,25,300,600,600,0.75,0.8,full,40,0,73,False,8,300.0,180.0,180.0,60.0,298400.7013139193,298013.70785446005,297410.1277396655,8,8,8,4,4,4,386.9934594592196,990.5735742537654,0.1298576036133929,0.3330665239217584,40,81,success,29.029631613986567,,
11,Product-mix + seven-factor full factorial design,764,765,2,0,2,2,30,60,25,600,600,300,0.5,0.8,full,40,0,73,False,8,300.0,180.0,180.0,60.0,311116.7399186897,310799.74295251945,310151.52214924194,8,8,8,4,4,4,316.9969661702635,965.2177694477724,0.1019939602133746,0.3112084579689145,40,81,success,28.14989697106648,,
11,Product-mix + seven-factor full factorial design,765,766,2,0,2,2,30,60,25,600,600,300,0.75,0.8,full,40,0,73,False,8,300.0,180.0,180.0,60.0,311116.7399186897,310799.74295251945,310151.52214924194,8,8,8,4,4,4,316.9969661702635,965.2177694477724,0.1019939602133746,0.3112084579689145,40,81,success,29.564807715942152,,
11,Product-mix + seven-factor full factorial design,766,767,2,0,2,2,30,60,25,600,600,600,0.5,0.8,full,40,0,73,False,8,300.0,180.0,180.0,60.0,406639.8745814734,405960.82520835486,405978.003365626,8,8,8,4,4,4,679.0493731185561,661.8712158474373,0.1672696799672829,0.1630312998143775,40,81,success,12.6935317190364,,
11,Product-mix + seven-factor full factorial design,767,768,2,0,2,2,30,60,25,600,600,600,0.75,0.8,full,40,0,73,False,8,300.0,180.0,180.0,60.0,406639.87458147295,405960.82520835486,405978.003365626,8,8,8,4,4,4,679.0493731180904,661.8712158469716,0.1672696799671682,0.1630312998142628,40,81,success,13.088804265018553,,
11,Product-mix + seven-factor full factorial design,768,769,1,3,0,0,15,30,10,300,300,300,0.5,0.8,full,40,0,73,False,8,300.0,180.0,180.0,60.0,36992.877001051245,36407.758709579895,32223.69222122227,4,4,8,1,1,4,585.11829147135,4769.184779828975,1.6071252727715677,14.800243085390528,40,81,success,3.3076510159298778,,
11,Product-mix + seven-factor full factorial design,769,770,1,3,0,0,15,30,10,300,300,300,0.75,0.8,full,40,0,73,False,8,300.0,180.0,180.0,60.0,70071.63078899254,37407.758709579946,32223.69222122227,8,3,8,3,1,4,32663.87207941259,37847.93856777027,87.3184419654833,117.45376137512856,40,81,success,11.783065628958866,,
11,Product-mix + seven-factor full factorial design,770,771,1,3,0,0,15,30,10,300,300,600,0.5,0.8,full,40,0,73,False,8,300.0,180.0,180.0,60.0,36992.877001051245,36407.758709579895,32223.69222122227,4,4,8,1,1,4,585.11829147135,4769.184779828975,1.6071252727715677,14.800243085390528,40,81,success,3.2834713460179046,,
11,Product-mix + seven-factor full factorial design,771,772,1,3,0,0,15,30,10,300,300,600,0.75,0.8,full,40,0,73,False,8,300.0,180.0,180.0,60.0,70071.63078899254,37407.758709579946,32223.69222122227,8,3,8,3,1,4,32663.87207941259,37847.93856777027,87.3184419654833,117.45376137512856,40,81,success,12.012736488948576,,
11,Product-mix + seven-factor full factorial design,772,773,1,3,0,0,15,30,10,600,300,300,0.5,0.8,full,40,0,73,False,8,300.0,180.0,180.0,60.0,89937.55607713741,67296.12301149202,63112.056523134816,8,4,8,2,1,4,22641.4330656454,26825.4995540026,33.64448359347383,42.50455623192892,40,81,success,4.050802237004973,,
11,Product-mix + seven-factor full factorial design,773,774,1,3,0,0,15,30,10,600,300,300,0.75,0.8,full,40,0,73,False,8,300.0,180.0,180.0,60.0,108098.51882956763,68296.12301149212,63112.056523134816,8,3,8,3,1,4,39802.39581807553,44986.46230643283,58.279143914769534,71.2802985431829,40,81,success,10.653382329037411,,
11,Product-mix + seven-factor full factorial design,774,775,1,3,0,0,15,30,10,600,300,600,0.5,0.8,full,40,0,73,False,8,300.0,180.0,180.0,60.0,89937.55607713724,67296.12301149202,63112.056523134816,8,4,8,2,1,4,22641.433065645226,26825.499554002425,33.644483593473566,42.50455623192864,40,81,success,4.013867296045646,,
11,Product-mix + seven-factor full factorial design,775,776,1,3,0,0,15,30,10,600,300,600,0.75,0.8,full,40,0,73,False,8,300.0,180.0,180.0,60.0,108098.51882956763,68296.12301149212,63112.056523134816,8,3,8,3,1,4,39802.39581807553,44986.46230643283,58.279143914769534,71.2802985431829,40,81,success,11.418138967012055,,
11,Product-mix + seven-factor full factorial design,776,777,1,3,0,0,15,30,10,300,600,300,0.5,0.8,full,40,0,73,False,8,300.0,180.0,180.0,60.0,127975.87576767696,70977.23254571657,145940.68731864286,8,4,8,2,1,4,56998.64322196037,-17964.81155096591,80.30553062948381,-12.309666263077162,40,81,success,5.3778401570161805,,
11,Product-mix + seven-factor full factorial design,777,778,1,3,0,0,15,30,10,300,600,300,0.75,0.8,full,40,0,73,False,8,300.0,180.0,180.0,60.0,219645.7847115821,140111.67094647998,145940.68731864286,11,7,8,4,3,4,79534.11376510208,73705.0973929392,56.76480283750425,50.50346051338893,40,81,success,26.557366951019503,,
11,Product-mix + seven-factor full factorial design,778,779,1,3,0,0,15,30,10,300,600,600,0.5,0.8,full,40,0,73,False,8,300.0,180.0,180.0,60.0,127975.87576767696,70977.23254571657,145940.68731864286,8,4,8,2,1,4,56998.64322196037,-17964.81155096591,80.30553062948381,-12.309666263077162,40,81,success,5.392527085030451,,
11,Product-mix + seven-factor full factorial design,779,780,1,3,0,0,15,30,10,300,600,600,0.75,0.8,full,40,0,73,False,8,300.0,180.0,180.0,60.0,219645.7847115821,140111.67094647998,145940.68731864286,11,7,8,4,3,4,79534.11376510208,73705.0973929392,56.76480283750425,50.50346051338893,40,81,success,28.03791812399868,,
11,Product-mix + seven-factor full factorial design,780,781,1,3,0,0,15,30,10,600,600,300,0.5,0.8,full,40,0,73,False,8,300.0,180.0,180.0,60.0,139800.18331125003,116898.82893286516,173903.70826636645,8,7,8,2,2,4,22901.354378384854,-34103.524955116416,19.59074747578273,-19.61057949545297,40,81,success,10.897037339978851,,
11,Product-mix + seven-factor full factorial design,781,782,1,3,0,0,15,30,10,600,600,300,0.75,0.8,full,40,0,73,False,8,300.0,180.0,180.0,60.0,245785.8018175377,153759.08926833715,173903.70826636645,10,7,8,4,3,4,92026.71254920054,71882.09355117125,59.85123415279694,41.33442251908178,40,81,success,17.845034224912524,,
11,Product-mix + seven-factor full factorial design,782,783,1,3,0,0,15,30,10,600,600,600,0.5,0.8,full,40,0,73,False,8,300.0,180.0,180.0,60.0,139800.18331125003,116898.82893286516,173903.70826636645,8,7,8,2,2,4,22901.354378384854,-34103.524955116416,19.59074747578273,-19.61057949545297,40,81,success,11.125767132034523,,
11,Product-mix + seven-factor full factorial design,783,784,1,3,0,0,15,30,10,600,600,600,0.75,0.8,full,40,0,73,False,8,300.0,180.0,180.0,60.0,245785.8018175377,153759.08926833715,173903.70826636645,10,7,8,4,3,4,92026.71254920054,71882.09355117125,59.85123415279694,41.33442251908178,40,81,success,18.15976310300175,,
11,Product-mix + seven-factor full factorial design,784,785,1,3,0,0,30,30,10,300,300,300,0.5,0.8,full,40,0,73,False,8,300.0,180.0,180.0,60.0,63428.33208631858,47388.4491127899,50758.54595243922,5,1,8,2,1,4,16039.882973528678,12669.78613387936,33.84766387976093,24.960892586936893,40,81,success,5.724159928970039,,
11,Product-mix + seven-factor full factorial design,785,786,1,3,0,0,30,30,10,300,300,300,0.75,0.8,full,40,0,73,False,8,300.0,180.0,180.0,60.0,95280.24123076744,49787.69933987601,50758.54595243922,9,5,8,4,2,4,45492.54189089144,44521.69527832823,91.37305497957708,87.71270816158737,40,81,success,25.14406790898647,,
11,Product-mix + seven-factor full factorial design,786,787,1,3,0,0,30,30,10,300,300,600,0.5,0.8,full,40,0,73,False,8,300.0,180.0,180.0,60.0,63428.33208631858,47388.4491127899,50758.54595243922,5,1,8,2,1,4,16039.882973528678,12669.78613387936,33.84766387976093,24.960892586936893,40,81,success,5.740618163021281,,
11,Product-mix + seven-factor full factorial design,787,788,1,3,0,0,30,30,10,300,300,600,0.75,0.8,full,40,0,73,False,8,300.0,180.0,180.0,60.0,95280.24123076744,49787.69933987601,50758.54595243922,9,5,8,4,2,4,45492.54189089144,44521.69527832823,91.37305497957708,87.71270816158737,40,81,success,25.522664044983685,,
11,Product-mix + seven-factor full factorial design,788,789,1,3,0,0,30,30,10,600,300,300,0.5,0.8,full,40,0,73,False,8,300.0,180.0,180.0,60.0,132600.42584443773,101640.97918156028,112532.81658081547,6,1,8,2,1,4,30959.446662877453,20067.60926362226,30.459610791012647,17.832673057828156,40,81,success,7.717383368988521,,
11,Product-mix + seven-factor full factorial design,789,790,1,3,0,0,30,30,10,600,300,300,0.75,0.8,full,40,0,73,False,8,300.0,180.0,180.0,60.0,166881.32511407672,111564.4279437006,112532.81658081547,10,5,8,4,2,4,55316.89717037612,54348.50853326125,49.58291651734279,48.29569736595978,40,81,success,28.4471460650675,,
11,Product-mix + seven-factor full factorial design,790,791,1,3,0,0,30,30,10,600,300,600,0.5,0.8,full,40,0,73,False,8,300.0,180.0,180.0,60.0,132600.42584443773,101640.97918156028,112532.81658081547,6,1,8,2,1,4,30959.446662877453,20067.60926362226,30.459610791012647,17.832673057828156,40,81,success,7.883043873938732,,
11,Product-mix + seven-factor full factorial design,791,792,1,3,0,0,30,30,10,600,300,600,0.75,0.8,full,40,0,73,False,8,300.0,180.0,180.0,60.0,166881.32511407672,111564.4279437006,112532.81658081547,10,5,8,4,2,4,55316.89717037612,54348.50853326125,49.58291651734279,48.29569736595978,40,81,success,27.327634150977246,,
11,Product-mix + seven-factor full factorial design,792,793,1,3,0,0,30,30,10,300,600,300,0.5,0.8,full,40,0,73,False,8,300.0,180.0,180.0,60.0,137223.31863057223,118157.4634112787,162929.68371822976,8,6,8,2,2,4,19065.85521929353,-25706.365087657527,16.135972006211503,-15.777582390765613,40,81,success,10.298174029914662,,
11,Product-mix + seven-factor full factorial design,793,794,1,3,0,0,30,30,10,300,600,300,0.75,0.8,full,40,0,73,False,8,300.0,180.0,180.0,60.0,235470.72695317504,151401.20536327342,162929.68371822976,11,8,8,4,3,4,84069.52158990162,72541.04323494527,55.52764351392345,44.52291416731502,40,81,success,29.82060889096465,,
11,Product-mix + seven-factor full factorial design,794,795,1,3,0,0,30,30,10,300,600,600,0.5,0.8,full,40,0,73,False,8,300.0,180.0,180.0,60.0,137223.31863057223,118157.4634112787,162929.68371822976,8,6,8,2,2,4,19065.85521929353,-25706.365087657527,16.135972006211503,-15.777582390765613,40,81,success,9.994853152078576,,
11,Product-mix + seven-factor full factorial design,795,796,1,3,0,0,30,30,10,300,600,600,0.75,0.8,full,40,0,73,False,8,300.0,180.0,180.0,60.0,235470.72695317504,151401.20536327342,162929.68371822976,11,8,8,4,3,4,84069.52158990162,72541.04323494527,55.52764351392345,44.52291416731502,40,81,success,29.373990340041928,,
11,Product-mix + seven-factor full factorial design,796,797,1,3,0,0,30,30,10,600,600,300,0.5,0.8,full,40,0,73,False,8,300.0,180.0,180.0,60.0,221475.4612852008,142303.5605917127,210973.41572880035,9,5,8,3,2,4,79171.90069348805,10502.045556400408,55.6359239110274,4.977899950153177,40,81,success,12.050613950937986,,
11,Product-mix + seven-factor full factorial design,797,798,1,3,0,0,30,30,10,600,600,300,0.75,0.8,full,40,0,73,False,8,300.0,180.0,180.0,60.0,278854.2660615203,210939.92948982265,210973.41572880035,9,8,8,4,4,4,67914.33657169767,67880.85033271997,32.1960554058943,32.17507291059773,40,81,success,23.829698347952217,,
11,Product-mix + seven-factor full factorial design,798,799,1,3,0,0,30,30,10,600,600,600,0.5,0.8,full,40,0,73,False,8,300.0,180.0,180.0,60.0,221475.4612852008,142303.5605917127,210973.41572880035,9,5,8,3,2,4,79171.90069348805,10502.045556400408,55.6359239110274,4.977899950153177,40,81,success,12.097192356013691,,
11,Product-mix + seven-factor full factorial design,799,800,1,3,0,0,30,30,10,600,600,600,0.75,0.8,full,40,0,73,False,8,300.0,180.0,180.0,60.0,278854.2660615203,210939.9294898232,210973.41572880035,9,8,8,4,4,4,67914.33657169715,67880.85033271997,32.19605540589397,32.17507291059773,40,81,success,21.13333042303566,,
11,Product-mix + seven-factor full factorial design,800,801,1,3,0,0,15,30,25,300,300,300,0.5,0.8,full,40,0,73,False,8,300.0,180.0,180.0,60.0,36992.877001051245,36407.758709579895,32223.69222122227,4,4,8,1,1,4,585.11829147135,4769.184779828975,1.6071252727715677,14.800243085390528,40,81,success,3.343594281002879,,
11,Product-mix + seven-factor full factorial design,801,802,1,3,0,0,15,30,25,300,300,300,0.75,0.8,full,40,0,73,False,8,300.0,180.0,180.0,60.0,70071.63078899265,37407.758709579946,32223.69222122227,8,3,8,3,1,4,32663.872079412708,37847.93856777038,87.31844196548361,117.4537613751289,40,81,success,10.780614438001066,,
11,Product-mix + seven-factor full factorial design,802,803,1,3,0,0,15,30,25,300,300,600,0.5,0.8,full,40,0,73,False,8,300.0,180.0,180.0,60.0,36992.877001051245,36407.758709579895,32223.69222122227,4,4,8,1,1,4,585.11829147135,4769.184779828975,1.6071252727715677,14.800243085390528,40,81,success,3.1299257159698755,,
11,Product-mix + seven-factor full factorial design,803,804,1,3,0,0,15,30,25,300,300,600,0.75,0.8,full,40,0,73,False,8,300.0,180.0,180.0,60.0,70071.63078899265,37407.758709579946,32223.69222122227,8,3,8,3,1,4,32663.872079412708,37847.93856777038,87.31844196548361,117.4537613751289,40,81,success,10.621829304029234,,
11,Product-mix + seven-factor full factorial design,804,805,1,3,0,0,15,30,25,600,300,300,0.5,0.8,full,40,0,73,False,8,300.0,180.0,180.0,60.0,89937.55607713741,67296.12301149202,63112.056523134816,8,4,8,2,1,4,22641.4330656454,26825.4995540026,33.64448359347383,42.50455623192892,40,81,success,3.880500165978447,,
11,Product-mix + seven-factor full factorial design,805,806,1,3,0,0,15,30,25,600,300,300,0.75,0.8,full,40,0,73,False,8,300.0,180.0,180.0,60.0,108098.51882956763,68296.12301149212,63112.056523134816,8,3,8,3,1,4,39802.39581807553,44986.46230643283,58.279143914769534,71.2802985431829,40,81,success,11.653598970035093,,
11,Product-mix + seven-factor full factorial design,806,807,1,3,0,0,15,30,25,600,300,600,0.5,0.8,full,40,0,73,False,8,300.0,180.0,180.0,60.0,89937.55607713741,67296.12301149202,63112.056523134816,8,4,8,2,1,4,22641.4330656454,26825.4995540026,33.64448359347383,42.50455623192892,40,81,success,4.000387726002373,,
11,Product-mix + seven-factor full factorial design,807,808,1,3,0,0,15,30,25,600,300,600,0.75,0.8,full,40,0,73,False,8,300.0,180.0,180.0,60.0,108098.51882956763,68296.12301149212,63112.056523134816,8,3,8,3,1,4,39802.39581807553,44986.46230643283,58.279143914769534,71.2802985431829,40,81,success,10.626814536983147,,
11,Product-mix + seven-factor full factorial design,808,809,1,3,0,0,15,30,25,300,600,300,0.5,0.8,full,40,0,73,False,8,300.0,180.0,180.0,60.0,127975.87576767696,70977.23254571657,145940.68731864286,8,4,8,2,1,4,56998.64322196037,-17964.81155096591,80.30553062948381,-12.309666263077162,40,81,success,5.37419535999652,,
11,Product-mix + seven-factor full factorial design,809,810,1,3,0,0,15,30,25,300,600,300,0.75,0.8,full,40,0,73,False,8,300.0,180.0,180.0,60.0,219645.7847115821,140111.67094647998,145940.68731864286,11,7,8,4,3,4,79534.11376510208,73705.0973929392,56.76480283750425,50.50346051338893,40,81,success,27.61862262897193,,
11,Product-mix + seven-factor full factorial design,810,811,1,3,0,0,15,30,25,300,600,600,0.5,0.8,full,40,0,73,False,8,300.0,180.0,180.0,60.0,127975.87576767696,70977.23254571657,145940.68731864286,8,4,8,2,1,4,56998.64322196037,-17964.81155096591,80.30553062948381,-12.309666263077162,40,81,success,6.065887283999473,,
11,Product-mix + seven-factor full factorial design,811,812,1,3,0,0,15,30,25,300,600,600,0.75,0.8,full,40,0,73,False,8,300.0,180.0,180.0,60.0,219645.7847115821,140111.67094647998,145940.68731864286,11,7,8,4,3,4,79534.11376510208,73705.0973929392,56.76480283750425,50.50346051338893,40,81,success,28.736986267962493,,
11,Product-mix + seven-factor full factorial design,812,813,1,3,0,0,15,30,25,600,600,300,0.5,0.8,full,40,0,73,False,8,300.0,180.0,180.0,60.0,139800.18331125003,116898.82893286516,173903.70826636645,8,7,8,2,2,4,22901.354378384854,-34103.524955116416,19.59074747578273,-19.61057949545297,40,81,success,11.297857642988674,,
11,Product-mix + seven-factor full factorial design,813,814,1,3,0,0,15,30,25,600,600,300,0.75,0.8,full,40,0,73,False,8,300.0,180.0,180.0,60.0,245785.8018175377,153759.08926833715,173903.70826636645,10,7,8,4,3,4,92026.71254920054,71882.09355117125,59.85123415279694,41.33442251908178,40,81,success,17.391127982060425,,
11,Product-mix + seven-factor full factorial design,814,815,1,3,0,0,15,30,25,600,600,600,0.5,0.8,full,40,0,73,False,8,300.0,180.0,180.0,60.0,139800.18331125003,116898.82893286516,173903.70826636645,8,7,8,2,2,4,22901.354378384854,-34103.524955116416,19.59074747578273,-19.61057949545297,40,81,success,11.16339393693488,,
11,Product-mix + seven-factor full factorial design,815,816,1,3,0,0,15,30,25,600,600,600,0.75,0.8,full,40,0,73,False,8,300.0,180.0,180.0,60.0,245785.8018175377,153759.08926833715,173903.70826636645,10,7,8,4,3,4,92026.71254920054,71882.09355117125,59.85123415279694,41.33442251908178,40,81,success,17.51774621196091,,
11,Product-mix + seven-factor full factorial design,816,817,1,3,0,0,30,30,25,300,300,300,0.5,0.8,full,40,0,73,False,8,300.0,180.0,180.0,60.0,63428.33208631858,47388.4491127899,50758.54595243922,5,1,8,2,1,4,16039.882973528678,12669.78613387936,33.84766387976093,24.960892586936893,40,81,success,5.845995874959044,,
11,Product-mix + seven-factor full factorial design,817,818,1,3,0,0,30,30,25,300,300,300,0.75,0.8,full,40,0,73,False,8,300.0,180.0,180.0,60.0,95280.24123076744,49787.69933987601,50758.54595243922,9,5,8,4,2,4,45492.54189089144,44521.69527832823,91.37305497957708,87.71270816158737,40,81,success,24.747976450948045,,
11,Product-mix + seven-factor full factorial design,818,819,1,3,0,0,30,30,25,300,300,600,0.5,0.8,full,40,0,73,False,8,300.0,180.0,180.0,60.0,63428.33208631858,47388.4491127899,50758.54595243922,5,1,8,2,1,4,16039.882973528678,12669.78613387936,33.84766387976093,24.960892586936893,40,81,success,5.821724505978636,,
11,Product-mix + seven-factor full factorial design,819,820,1,3,0,0,30,30,25,300,300,600,0.75,0.8,full,40,0,73,False,8,300.0,180.0,180.0,60.0,95280.24123076744,49787.69933987601,50758.54595243922,9,5,8,4,2,4,45492.54189089144,44521.69527832823,91.37305497957708,87.71270816158737,40,81,success,25.53283616504632,,
11,Product-mix + seven-factor full factorial design,820,821,1,3,0,0,30,30,25,600,300,300,0.5,0.8,full,40,0,73,False,8,300.0,180.0,180.0,60.0,132600.42584443773,101640.97918156028,112532.81658081547,6,1,8,2,1,4,30959.446662877453,20067.60926362226,30.459610791012647,17.832673057828156,40,81,success,7.639906343072653,,
11,Product-mix + seven-factor full factorial design,821,822,1,3,0,0,30,30,25,600,300,300,0.75,0.8,full,40,0,73,False,8,300.0,180.0,180.0,60.0,166881.3251140772,111564.4279437006,112532.81658081547,10,5,8,4,2,4,55316.897170376586,54348.50853326172,49.58291651734321,48.295697365960194,40,81,success,27.55108778900467,,
11,Product-mix + seven-factor full factorial design,822,823,1,3,0,0,30,30,25,600,300,600,0.5,0.8,full,40,0,73,False,8,300.0,180.0,180.0,60.0,132600.42584443773,101640.97918156028,112532.81658081547,6,1,8,2,1,4,30959.446662877453,20067.60926362226,30.459610791012647,17.832673057828156,40,81,success,7.493968853959814,,
11,Product-mix + seven-factor full factorial design,823,824,1,3,0,0,30,30,25,600,300,600,0.75,0.8,full,40,0,73,False,8,300.0,180.0,180.0,60.0,166881.32511407754,111564.4279437006,112532.81658081547,10,5,8,4,2,4,55316.897170376935,54348.50853326207,49.58291651734352,48.29569736596051,40,81,success,27.70228607801255,,
11,Product-mix + seven-factor full factorial design,824,825,1,3,0,0,30,30,25,300,600,300,0.5,0.8,full,40,0,73,False,8,300.0,180.0,180.0,60.0,137223.31863057223,118157.4634112787,162929.68371822976,8,6,8,2,2,4,19065.85521929353,-25706.365087657527,16.135972006211503,-15.777582390765613,40,81,success,10.326731937937438,,
11,Product-mix + seven-factor full factorial design,825,826,1,3,0,0,30,30,25,300,600,300,0.75,0.8,full,40,0,73,False,8,300.0,180.0,180.0,60.0,235470.72695317504,151401.20536327342,162929.68371822976,11,8,8,4,3,4,84069.52158990162,72541.04323494527,55.52764351392345,44.52291416731502,40,81,success,30.48358568700496,,
11,Product-mix + seven-factor full factorial design,826,827,1,3,0,0,30,30,25,300,600,600,0.5,0.8,full,40,0,73,False,8,300.0,180.0,180.0,60.0,137223.31863057223,118157.4634112787,162929.68371822976,8,6,8,2,2,4,19065.85521929353,-25706.365087657527,16.135972006211503,-15.777582390765613,40,81,success,10.021090834052302,,
11,Product-mix + seven-factor full factorial design,827,828,1,3,0,0,30,30,25,300,600,600,0.75,0.8,full,40,0,73,False,8,300.0,180.0,180.0,60.0,235470.72695317504,151401.20536327342,162929.68371822976,11,8,8,4,3,4,84069.52158990162,72541.04323494527,55.52764351392345,44.52291416731502,40,81,success,28.30517884599976,,
11,Product-mix + seven-factor full factorial design,828,829,1,3,0,0,30,30,25,600,600,300,0.5,0.8,full,40,0,73,False,8,300.0,180.0,180.0,60.0,221475.4612852008,142303.5605917127,210973.41572880035,9,5,8,3,2,4,79171.90069348805,10502.045556400408,55.6359239110274,4.977899950153177,40,81,success,12.284722152980976,,
11,Product-mix + seven-factor full factorial design,829,830,1,3,0,0,30,30,25,600,600,300,0.75,0.8,full,40,0,73,False,8,300.0,180.0,180.0,60.0,278854.2660615203,210939.9294898232,210973.41572880035,9,8,8,4,4,4,67914.33657169715,67880.85033271997,32.19605540589397,32.17507291059773,40,81,success,23.668596309027635,,
11,Product-mix + seven-factor full factorial design,830,831,1,3,0,0,30,30,25,600,600,600,0.5,0.8,full,40,0,73,False,8,300.0,180.0,180.0,60.0,221475.4612852008,142303.5605917127,210973.41572880035,9,5,8,3,2,4,79171.90069348805,10502.045556400408,55.6359239110274,4.977899950153177,40,81,success,12.141733105992898,,
11,Product-mix + seven-factor full factorial design,831,832,1,3,0,0,30,30,25,600,600,600,0.75,0.8,full,40,0,73,False,8,300.0,180.0,180.0,60.0,278854.2660615203,210939.9294898232,210973.41572880035,9,8,8,4,4,4,67914.33657169715,67880.85033271997,32.19605540589397,32.17507291059773,40,81,success,22.919455268071037,,
11,Product-mix + seven-factor full factorial design,832,833,1,3,0,0,15,60,10,300,300,300,0.5,0.8,full,40,0,73,False,8,300.0,180.0,180.0,60.0,51695.91959698157,36407.75870957996,40648.32113509328,8,4,8,2,1,4,15288.16088740161,11047.598461888289,41.99149145475643,27.17848647468607,40,81,success,4.322324124979787,,
11,Product-mix + seven-factor full factorial design,833,834,1,3,0,0,15,60,10,300,300,300,0.75,0.8,full,40,0,73,False,8,300.0,180.0,180.0,60.0,89008.24754172836,37407.75870958,40648.32113509343,11,3,8,4,1,4,51600.48883214836,48359.92640663493,137.94060540423035,118.97152220853653,40,81,success,7.408141131047159,,
11,Product-mix + seven-factor full factorial design,834,835,1,3,0,0,15,60,10,300,300,600,0.5,0.8,full,40,0,73,False,8,300.0,180.0,180.0,60.0,51695.91959698157,36407.75870957996,40648.32113509343,8,4,8,2,1,4,15288.16088740161,11047.59846188814,41.99149145475643,27.178486474685613,40,81,success,3.5676366850966588,,
11,Product-mix + seven-factor full factorial design,835,836,1,3,0,0,15,60,10,300,300,600,0.75,0.8,full,40,0,73,False,8,300.0,180.0,180.0,60.0,89008.24754172836,37407.75870958,40648.32113509343,11,3,8,4,1,4,51600.48883214836,48359.92640663493,137.94060540423035,118.97152220853653,40,81,success,7.334220329998061,,
11,Product-mix + seven-factor full factorial design,836,837,1,3,0,0,15,60,10,600,300,300,0.5,0.8,full,40,0,73,False,8,300.0,180.0,180.0,60.0,89952.78273019614,67296.12301149202,71536.6854370053,8,4,8,2,1,4,22656.65971870412,18416.097293190836,33.667109938614274,25.743570841575984,40,81,success,3.895720664062537,,
11,Product-mix + seven-factor full factorial design,837,838,1,3,0,0,15,60,10,600,300,300,0.75,0.8,full,40,0,73,False,8,300.0,180.0,180.0,60.0,125864.3461482984,68296.12301149216,71536.6854370053,11,3,8,4,1,4,57568.22313680625,54327.66071129311,84.29208071901719,75.94377679006901,40,81,success,5.906504684942775,,
11,Product-mix + seven-factor full factorial design,838,839,1,3,0,0,15,60,10,600,300,600,0.5,0.8,full,40,0,73,False,8,300.0,180.0,180.0,60.0,89952.78273019614,67296.12301149202,71536.6854370053,8,4,8,2,1,4,22656.65971870412,18416.097293190836,33.667109938614274,25.743570841575984,40,81,success,3.888863085070625,,
11,Product-mix + seven-factor full factorial design,839,840,1,3,0,0,15,60,10,600,300,600,0.75,0.8,full,40,0,73,False,8,300.0,180.0,180.0,60.0,125864.3461482984,68296.12301149216,71536.6854370053,11,3,8,4,1,4,57568.22313680625,54327.66071129311,84.29208071901719,75.94377679006901,40,81,success,6.6150555270724,,
11,Product-mix + seven-factor full factorial design,840,841,1,3,0,0,15,60,10,300,600,300,0.5,0.8,full,40,0,73,False,8,300.0,180.0,180.0,60.0,252160.70855170637,105196.46310344127,179050.60026468465,13,7,8,4,2,4,146964.24544826505,73110.10828702169,139.70455005103435,40.83209337413302,40,81,success,7.942011401057243,,
11,Product-mix + seven-factor full factorial design,841,842,1,3,0,0,15,60,10,300,600,300,0.75,0.8,full,40,0,73,False,8,300.0,180.0,180.0,60.0,268968.51742204966,178050.60026468406,179050.60026468465,10,9,8,4,4,4,90917.9171573656,89917.91715736501,51.06296582107,50.21927713419686,40,81,success,6.435144559945911,,
11,Product-mix + seven-factor full factorial design,842,843,1,3,0,0,15,60,10,300,600,600,0.5,0.8,full,40,0,73,False,8,300.0,180.0,180.0,60.0,252160.70855170637,105196.46310344127,179050.60026468465,13,7,8,4,2,4,146964.24544826505,73110.10828702169,139.70455005103435,40.83209337413302,40,81,success,7.029251252068207,,
11,Product-mix + seven-factor full factorial design,843,844,1,3,0,0,15,60,10,300,600,600,0.75,0.8,full,40,0,73,False,8,300.0,180.0,180.0,60.0,268968.51742204966,178050.60026468406,179050.60026468465,10,9,8,4,4,4,90917.9171573656,89917.91715736501,51.06296582107,50.21927713419686,40,81,success,6.879640496918,,
11,Product-mix + seven-factor full factorial design,844,845,1,3,0,0,15,60,10,600,600,300,0.5,0.8,full,40,0,73,False,8,300.0,180.0,180.0,60.0,263863.0743811328,151261.72667090065,190752.9660941088,13,10,8,4,3,4,112601.34771023212,73110.10828702402,74.44140047086617,38.32711479356753,40,81,success,6.366270554019138,,
11,Product-mix + seven-factor full factorial design,845,846,1,3,0,0,15,60,10,600,600,300,0.75,0.8,full,40,0,73,False,8,300.0,180.0,180.0,60.0,269822.00795447844,189752.96609410807,190752.96609410847,11,9,8,4,4,4,80069.04186037037,79069.04186036997,42.19646391227428,41.45101566670321,40,81,success,7.4820427800295874,,
11,Product-mix + seven-factor full factorial design,846,847,1,3,0,0,15,60,10,600,600,600,0.5,0.8,full,40,0,73,False,8,300.0,180.0,180.0,60.0,263863.0743811328,151261.72667090065,190752.9660941088,13,10,8,4,3,4,112601.34771023212,73110.10828702402,74.44140047086617,38.32711479356753,40,81,success,6.356984963989817,,
11,Product-mix + seven-factor full factorial design,847,848,1,3,0,0,15,60,10,600,600,600,0.75,0.8,full,40,0,73,False,8,300.0,180.0,180.0,60.0,269822.00795447844,189752.96609410807,190752.9660941088,11,9,8,4,4,4,80069.04186037037,79069.04186036967,42.19646391227428,41.45101566670299,40,81,success,6.888720475952141,,
11,Product-mix + seven-factor full factorial design,848,849,1,3,0,0,30,60,10,300,300,300,0.5,0.8,full,40,0,73,False,8,300.0,180.0,180.0,60.0,79333.23047483346,47388.4491127899,52350.68696451708,9,1,8,3,1,4,31944.781362043555,26982.543510316376,67.41048073975018,51.54190914171757,40,81,success,7.135397319914773,,
11,Product-mix + seven-factor full factorial design,849,850,1,3,0,0,30,60,10,300,300,300,0.75,0.8,full,40,0,73,False,8,300.0,180.0,180.0,60.0,98987.9901977196,49787.69933987595,52350.68696451743,10,5,8,4,2,4,49200.29085784366,46637.30323320218,98.82017347694187,89.08632519915604,40,81,success,11.07216222898569,,
11,Product-mix + seven-factor full factorial design,850,851,1,3,0,0,30,60,10,300,300,600,0.5,0.8,full,40,0,73,False,8,300.0,180.0,180.0,60.0,79333.23047483346,47388.4491127899,52350.68696451743,9,1,8,3,1,4,31944.781362043555,26982.543510316027,67.41048073975018,51.54190914171656,40,81,success,7.147640895913355,,
11,Product-mix + seven-factor full factorial design,851,852,1,3,0,0,30,60,10,300,300,600,0.75,0.8,full,40,0,73,False,8,300.0,180.0,180.0,60.0,98987.9901977196,49787.69933987595,52350.68696451743,10,5,8,4,2,4,49200.29085784366,46637.30323320218,98.82017347694187,89.08632519915604,40,81,success,10.84461030003149,,
11,Product-mix + seven-factor full factorial design,852,853,1,3,0,0,30,60,10,600,300,300,0.5,0.8,full,40,0,73,False,8,300.0,180.0,180.0,60.0,151273.8710971955,101640.97918156028,114127.41556834149,9,1,8,3,1,4,49632.891915635206,37146.455528854014,48.83157592074793,32.548231591742365,40,81,success,9.725079420953987,,
11,Product-mix + seven-factor full factorial design,853,854,1,3,0,0,30,60,10,600,300,300,0.75,0.8,full,40,0,73,False,8,300.0,180.0,180.0,60.0,170045.7889850123,111564.4279437004,114127.41556834149,11,5,8,4,2,4,58481.3610413119,55918.37341667083,52.41936172596501,48.99644238696174,40,81,success,10.480143936001696,,
11,Product-mix + seven-factor full factorial design,854,855,1,3,0,0,30,60,10,600,300,600,0.5,0.8,full,40,0,73,False,8,300.0,180.0,180.0,60.0,151273.8710971955,101640.97918156028,114127.41556834149,9,1,8,3,1,4,49632.891915635206,37146.455528854014,48.83157592074793,32.548231591742365,40,81,success,9.49855232203845,,
11,Product-mix + seven-factor full factorial design,855,856,1,3,0,0,30,60,10,600,300,600,0.75,0.8,full,40,0,73,False,8,300.0,180.0,180.0,60.0,170045.7889850123,111564.4279437004,114127.41556834149,11,5,8,4,2,4,58481.3610413119,55918.37341667083,52.41936172596501,48.99644238696174,40,81,success,10.069671294069847,,
11,Product-mix + seven-factor full factorial design,856,857,1,3,0,0,30,60,10,300,600,300,0.5,0.8,full,40,0,73,False,8,300.0,180.0,180.0,60.0,260586.6901084121,115898.8289328652,190752.96609410853,14,8,8,4,2,4,144687.86117554686,69833.72401430353,124.83979562844227,36.609508855474814,40,81,success,6.865255333017558,,
11,Product-mix + seven-factor full factorial design,857,858,1,3,0,0,30,60,10,300,600,300,0.75,0.8,full,40,0,73,False,8,300.0,180.0,180.0,60.0,266489.4636420264,187752.9660941084,190752.96609410853,12,11,8,4,4,4,78736.497547918,75736.49754791788,41.93622033563639,39.70396848799356,40,81,success,8.498961461009458,,
11,Product-mix + seven-factor full factorial design,858,859,1,3,0,0,30,60,10,300,600,600,0.5,0.8,full,40,0,73,False,8,300.0,180.0,180.0,60.0,260586.6901084121,115898.8289328652,190752.96609410853,14,8,8,4,2,4,144687.86117554686,69833.72401430353,124.83979562844227,36.609508855474814,40,81,success,6.82650918699801,,
11,Product-mix + seven-factor full factorial design,859,860,1,3,0,0,30,60,10,300,600,600,0.75,0.8,full,40,0,73,False,8,300.0,180.0,180.0,60.0,266489.4636420264,187752.9660941084,190752.96609410853,12,11,8,4,4,4,78736.497547918,75736.49754791788,41.93622033563639,39.70396848799356,40,81,success,8.650290889898315,,
11,Product-mix + seven-factor full factorial design,860,861,1,3,0,0,30,60,10,600,600,300,0.5,0.8,full,40,0,73,False,8,300.0,180.0,180.0,60.0,283049.2545345644,176666.45832974813,214157.6977529568,12,8,8,4,3,4,106382.79620481626,68891.55678160762,60.21674810860399,32.16861103030627,40,81,success,8.111795700038783,,
11,Product-mix + seven-factor full factorial design,861,862,1,3,0,0,30,60,10,600,600,300,0.75,0.8,full,40,0,73,False,8,300.0,180.0,180.0,60.0,288283.8922069076,212157.6977529564,214157.69775295607,11,10,8,4,4,4,76126.1944539512,74126.1944539515,35.88189128192517,34.612902189236536,40,81,success,6.845939764985815,,
11,Product-mix + seven-factor full factorial design,862,863,1,3,0,0,30,60,10,600,600,600,0.5,0.8,full,40,0,73,False,8,300.0,180.0,180.0,60.0,283049.2545345644,176666.45832974813,214157.6977529568,12,8,8,4,3,4,106382.79620481626,68891.55678160762,60.21674810860399,32.16861103030627,40,81,success,8.202710796962492,,
11,Product-mix + seven-factor full factorial design,863,864,1,3,0,0,30,60,10,600,600,600,0.75,0.8,full,40,0,73,False,8,300.0,180.0,180.0,60.0,288283.8922069076,212157.6977529564,214157.69775295607,11,10,8,4,4,4,76126.1944539512,74126.1944539515,35.88189128192517,34.612902189236536,40,81,success,7.377585096983239,,
11,Product-mix + seven-factor full factorial design,864,865,1,3,0,0,15,60,25,300,300,300,0.5,0.8,full,40,0,73,False,8,300.0,180.0,180.0,60.0,51695.91959698157,36407.75870957996,40648.32113509343,8,4,8,2,1,4,15288.16088740161,11047.59846188814,41.99149145475643,27.178486474685613,40,81,success,3.9685800849692896,,
11,Product-mix + seven-factor full factorial design,865,866,1,3,0,0,15,60,25,300,300,300,0.75,0.8,full,40,0,73,False,8,300.0,180.0,180.0,60.0,89008.24754172836,37407.75870958,40648.32113509343,11,3,8,4,1,4,51600.48883214836,48359.92640663493,137.94060540423035,118.97152220853653,40,81,success,7.821549759013578,,
11,Product-mix + seven-factor full factorial design,866,867,1,3,0,0,15,60,25,300,300,600,0.5,0.8,full,40,0,73,False,8,300.0,180.0,180.0,60.0,51695.91959698157,36407.75870957996,40648.32113509343,8,4,8,2,1,4,15288.16088740161,11047.59846188814,41.99149145475643,27.178486474685613,40,81,success,3.879504833021201,,
11,Product-mix + seven-factor full factorial design,867,868,1,3,0,0,15,60,25,300,300,600,0.75,0.8,full,40,0,73,False,8,300.0,180.0,180.0,60.0,89008.24754172836,37407.75870958,40648.32113509343,11,3,8,4,1,4,51600.48883214836,48359.92640663493,137.94060540423035,118.97152220853653,40,81,success,6.278417484019883,,
11,Product-mix + seven-factor full factorial design,868,869,1,3,0,0,15,60,25,600,300,300,0.5,0.8,full,40,0,73,False,8,300.0,180.0,180.0,60.0,89952.78273019614,67296.12301149202,71536.6854370053,8,4,8,2,1,4,22656.65971870412,18416.097293190836,33.667109938614274,25.743570841575984,40,81,success,3.8902470759348944,,
11,Product-mix + seven-factor full factorial design,869,870,1,3,0,0,15,60,25,600,300,300,0.75,0.8,full,40,0,73,False,8,300.0,180.0,180.0,60.0,125864.3461482984,68296.12301149216,71536.6854370053,11,3,8,4,1,4,57568.22313680625,54327.66071129311,84.29208071901719,75.94377679006901,40,81,success,6.315469313994981,,
11,Product-mix + seven-factor full factorial design,870,871,1,3,0,0,15,60,25,600,300,600,0.5,0.8,full,40,0,73,False,8,300.0,180.0,180.0,60.0,89952.78273019614,67296.12301149202,71536.6854370053,8,4,8,2,1,4,22656.65971870412,18416.097293190836,33.667109938614274,25.743570841575984,40,81,success,4.136499187909067,,
11,Product-mix + seven-factor full factorial design,871,872,1,3,0,0,15,60,25,600,300,600,0.75,0.8,full,40,0,73,False,8,300.0,180.0,180.0,60.0,125864.3461482984,68296.12301149216,71536.6854370053,11,3,8,4,1,4,57568.22313680625,54327.66071129311,84.29208071901719,75.94377679006901,40,81,success,6.870908910990693,,
11,Product-mix + seven-factor full factorial design,872,873,1,3,0,0,15,60,25,300,600,300,0.5,0.8,full,40,0,73,False,8,300.0,180.0,180.0,60.0,252160.70855170637,105196.46310344127,179050.60026468465,13,7,8,4,2,4,146964.24544826505,73110.10828702169,139.70455005103435,40.83209337413302,40,81,success,6.58691175293643,,
11,Product-mix + seven-factor full factorial design,873,874,1,3,0,0,15,60,25,300,600,300,0.75,0.8,full,40,0,73,False,8,300.0,180.0,180.0,60.0,268968.51742204966,178050.60026468406,179050.60026468465,10,9,8,4,4,4,90917.9171573656,89917.91715736501,51.06296582107,50.21927713419686,40,81,success,6.287890015984885,,
11,Product-mix + seven-factor full factorial design,874,875,1,3,0,0,15,60,25,300,600,600,0.5,0.8,full,40,0,73,False,8,300.0,180.0,180.0,60.0,252160.70855170637,105196.46310344127,179050.60026468465,13,7,8,4,2,4,146964.24544826505,73110.10828702169,139.70455005103435,40.83209337413302,40,81,success,6.493468109983951,,
11,Product-mix + seven-factor full factorial design,875,876,1,3,0,0,15,60,25,300,600,600,0.75,0.8,full,40,0,73,False,8,300.0,180.0,180.0,60.0,268968.51742204966,178050.60026468406,179050.60026468418,10,9,8,4,4,4,90917.9171573656,89917.91715736547,51.06296582107,50.21927713419726,40,81,success,5.909264452988282,,
11,Product-mix + seven-factor full factorial design,876,877,1,3,0,0,15,60,25,600,600,300,0.5,0.8,full,40,0,73,False,8,300.0,180.0,180.0,60.0,263863.0743811312,151261.72667090065,190752.9660941088,13,10,8,4,3,4,112601.34771023056,73110.10828702245,74.44140047086513,38.32711479356671,40,81,success,8.059523680945858,,
11,Product-mix + seven-factor full factorial design,877,878,1,3,0,0,15,60,25,600,600,300,0.75,0.8,full,40,0,73,False,8,300.0,180.0,180.0,60.0,269822.00795447844,189752.96609410807,190752.9660941088,11,9,8,4,4,4,80069.04186037037,79069.04186036967,42.19646391227428,41.45101566670299,40,81,success,6.877195263048634,,
11,Product-mix + seven-factor full factorial design,878,879,1,3,0,0,15,60,25,600,600,600,0.5,0.8,full,40,0,73,False,8,300.0,180.0,180.0,60.0,263863.0743811328,151261.72667090065,190752.9660941088,13,10,8,4,3,4,112601.34771023212,73110.10828702402,74.44140047086617,38.32711479356753,40,81,success,6.44635886605829,,
11,Product-mix + seven-factor full factorial design,879,880,1,3,0,0,15,60,25,600,600,600,0.75,0.8,full,40,0,73,False,8,300.0,180.0,180.0,60.0,269822.00795447844,189752.96609410807,190752.9660941088,11,9,8,4,4,4,80069.04186037037,79069.04186036967,42.19646391227428,41.45101566670299,40,81,success,7.104878877056763,,
11,Product-mix + seven-factor full factorial design,880,881,1,3,0,0,30,60,25,300,300,300,0.5,0.8,full,40,0,73,False,8,300.0,180.0,180.0,60.0,79333.23047483346,47388.4491127899,52350.68696451743,9,1,8,3,1,4,31944.781362043555,26982.543510316027,67.41048073975018,51.54190914171656,40,81,success,7.003838295000605,,
11,Product-mix + seven-factor full factorial design,881,882,1,3,0,0,30,60,25,300,300,300,0.75,0.8,full,40,0,73,False,8,300.0,180.0,180.0,60.0,98987.9901977196,49787.69933987595,52350.68696451743,10,5,8,4,2,4,49200.29085784366,46637.30323320218,98.82017347694187,89.08632519915604,40,81,success,9.79565410700161,,
11,Product-mix + seven-factor full factorial design,882,883,1,3,0,0,30,60,25,300,300,600,0.5,0.8,full,40,0,73,False,8,300.0,180.0,180.0,60.0,79333.23047483346,47388.4491127899,52350.68696451743,9,1,8,3,1,4,31944.781362043555,26982.543510316027,67.41048073975018,51.54190914171656,40,81,success,7.896663716062903,,
11,Product-mix + seven-factor full factorial design,883,884,1,3,0,0,30,60,25,300,300,600,0.75,0.8,full,40,0,73,False,8,300.0,180.0,180.0,60.0,98987.9901977196,49787.69933987595,52350.68696451708,10,5,8,4,2,4,49200.29085784366,46637.30323320253,98.82017347694187,89.08632519915729,40,81,success,10.409365341067314,,
11,Product-mix + seven-factor full factorial design,884,885,1,3,0,0,30,60,25,600,300,300,0.5,0.8,full,40,0,73,False,8,300.0,180.0,180.0,60.0,151273.8710971955,101640.97918156028,114127.41556834149,9,1,8,3,1,4,49632.891915635206,37146.455528854014,48.83157592074793,32.548231591742365,40,81,success,9.223334609996527,,
11,Product-mix + seven-factor full factorial design,885,886,1,3,0,0,30,60,25,600,300,300,0.75,0.8,full,40,0,73,False,8,300.0,180.0,180.0,60.0,170045.7889850123,111564.4279437004,114127.41556834149,11,5,8,4,2,4,58481.3610413119,55918.37341667083,52.41936172596501,48.99644238696174,40,81,success,10.115835939068347,,
11,Product-mix + seven-factor full factorial design,886,887,1,3,0,0,30,60,25,600,300,600,0.5,0.8,full,40,0,73,False,8,300.0,180.0,180.0,60.0,151273.8710971955,101640.97918156028,114127.41556834149,9,1,8,3,1,4,49632.891915635206,37146.455528854014,48.83157592074793,32.548231591742365,40,81,success,9.339781644986942,,
11,Product-mix + seven-factor full factorial design,887,888,1,3,0,0,30,60,25,600,300,600,0.75,0.8,full,40,0,73,False,8,300.0,180.0,180.0,60.0,170045.7889850123,111564.4279437004,114127.41556834149,11,5,8,4,2,4,58481.3610413119,55918.37341667083,52.41936172596501,48.99644238696174,40,81,success,9.834727984038182,,
11,Product-mix + seven-factor full factorial design,888,889,1,3,0,0,30,60,25,300,600,300,0.5,0.8,full,40,0,73,False,8,300.0,180.0,180.0,60.0,260586.6901084121,115898.8289328652,190752.96609410853,14,8,8,4,2,4,144687.86117554686,69833.72401430353,124.83979562844227,36.609508855474814,40,81,success,6.5053240050328895,,
11,Product-mix + seven-factor full factorial design,889,890,1,3,0,0,30,60,25,300,600,300,0.75,0.8,full,40,0,73,False,8,300.0,180.0,180.0,60.0,266489.4636420264,187752.9660941084,190752.96609410853,12,11,8,4,4,4,78736.497547918,75736.49754791788,41.93622033563639,39.70396848799356,40,81,success,7.634434605017304,,
11,Product-mix + seven-factor full factorial design,890,891,1,3,0,0,30,60,25,300,600,600,0.5,0.8,full,40,0,73,False,8,300.0,180.0,180.0,60.0,260586.6901084121,115898.8289328652,190752.96609410853,14,8,8,4,2,4,144687.86117554686,69833.72401430353,124.83979562844227,36.609508855474814,40,81,success,6.171562716015615,,
11,Product-mix + seven-factor full factorial design,891,892,1,3,0,0,30,60,25,300,600,600,0.75,0.8,full,40,0,73,False,8,300.0,180.0,180.0,60.0,266489.4636420264,187752.9660941084,190752.96609410853,12,11,8,4,4,4,78736.497547918,75736.49754791788,41.93622033563639,39.70396848799356,40,81,success,7.44097741600126,,
11,Product-mix + seven-factor full factorial design,892,893,1,3,0,0,30,60,25,600,600,300,0.5,0.8,full,40,0,73,False,8,300.0,180.0,180.0,60.0,283049.2545345644,176666.45832974813,214157.69775295607,12,8,8,4,3,4,106382.79620481626,68891.55678160832,60.21674810860399,32.16861103030671,40,81,success,6.628480946994387,,
11,Product-mix + seven-factor full factorial design,893,894,1,3,0,0,30,60,25,600,600,300,0.75,0.8,full,40,0,73,False,8,300.0,180.0,180.0,60.0,288283.8922069076,212157.6977529564,214157.69775295607,11,10,8,4,4,4,76126.1944539512,74126.1944539515,35.88189128192517,34.612902189236536,40,81,success,6.334818353992887,,
11,Product-mix + seven-factor full factorial design,894,895,1,3,0,0,30,60,25,600,600,600,0.5,0.8,full,40,0,73,False,8,300.0,180.0,180.0,60.0,283049.2545345644,176666.45832974813,214157.6977529568,12,8,8,4,3,4,106382.79620481626,68891.55678160762,60.21674810860399,32.16861103030627,40,81,success,8.001990285003558,,
11,Product-mix + seven-factor full factorial design,895,896,1,3,0,0,30,60,25,600,600,600,0.75,0.8,full,40,0,73,False,8,300.0,180.0,180.0,60.0,288283.8922069076,212157.6977529564,214157.69775295607,11,10,8,4,4,4,76126.1944539512,74126.1944539515,35.88189128192517,34.612902189236536,40,81,success,7.466464516008273,,
11,Product-mix + seven-factor full factorial design,896,897,1,2,1,1,15,30,10,300,300,300,0.5,0.8,full,40,0,73,False,8,300.0,180.0,180.0,60.0,84279.00724703475,74765.16348283767,48449.53219446866,6,6,8,2,2,4,9513.84376419708,35829.47505256609,12.724968850474031,73.95215893675159,40,81,success,4.64435968210455,,
11,Product-mix + seven-factor full factorial design,897,898,1,2,1,1,15,30,10,300,300,300,0.75,0.8,full,40,0,73,False,8,300.0,180.0,180.0,60.0,96141.88607382412,74765.16348283767,48449.53219446866,8,6,8,3,2,4,21376.72259098645,47692.35387935546,28.59182217383029,98.43718137035049,40,81,success,15.991662653977984,,
11,Product-mix + seven-factor full factorial design,898,899,1,2,1,1,15,30,10,300,300,600,0.5,0.8,full,40,0,73,False,8,300.0,180.0,180.0,60.0,110049.74783470032,99258.19496058764,72942.56367221978,7,6,8,2,2,4,10791.552874112693,37107.18416248055,10.87220342702956,50.87178499679309,40,81,success,5.9993275499437,,
11,Product-mix + seven-factor full factorial design,899,900,1,2,1,1,15,30,10,300,300,600,0.75,0.8,full,40,0,73,False,8,300.0,180.0,180.0,60.0,124756.72010171784,99258.19496058764,72942.56367221978,9,6,8,3,2,4,25498.525141130187,51814.15642949805,25.68908809116956,71.03418610611777,40,81,success,17.00262155395467,,
11,Product-mix + seven-factor full factorial design,900,901,1,2,1,1,15,30,10,600,300,300,0.5,0.8,full,40,0,73,False,8,300.0,180.0,180.0,60.0,118801.23415128113,105653.52778474828,79337.8964963796,7,6,8,2,2,4,13147.706366532831,39463.33765490151,12.444171663930735,49.740841889729616,40,81,success,7.182805118965916,,
11,Product-mix + seven-factor full factorial design,901,902,1,2,1,1,15,30,10,600,300,300,0.75,0.8,full,40,0,73,False,8,300.0,180.0,180.0,60.0,133467.9637206981,105653.52778474828,79337.8964963796,9,6,8,3,2,4,27814.435935949838,54130.06722431851,26.32608349114209,68.2272528195761,40,81,success,14.764304146985523,,
11,Product-mix + seven-factor full factorial design,902,903,1,2,1,1,15,30,10,600,300,600,0.5,0.8,full,40,0,73,False,8,300.0,180.0,180.0,60.0,143668.4510370898,130146.55926250014,103811.83444031824,7,6,8,2,2,4,13521.891774589662,39856.61659677158,10.389742034836722,38.39313389619878,40,81,success,9.435117347049529,,
11,Product-mix + seven-factor full factorial design,903,904,1,2,1,1,15,30,10,600,300,600,0.75,0.8,full,40,0,73,False,8,300.0,180.0,180.0,60.0,159169.98662508672,130146.55926250014,103811.83444031824,10,6,8,3,2,4,29023.42736258657,55358.15218476849,22.300572160380774,53.32547342335433,40,81,success,27.016132770921104,,
11,Product-mix + seven-factor full factorial design,904,905,1,2,1,1,15,30,10,300,600,300,0.5,0.8,full,40,0,73,False,8,300.0,180.0,180.0,60.0,160059.64910375734,142446.41924213534,125102.07731669926,8,6,8,2,2,4,17613.229861622007,34957.571787058085,12.364810540925168,27.94323846322876,40,81,success,8.720503793098032,,
11,Product-mix + seven-factor full factorial design,905,906,1,2,1,1,15,30,10,300,600,300,0.75,0.8,full,40,0,73,False,8,300.0,180.0,180.0,60.0,190687.93300044764,142446.41924213534,125102.077316699,9,6,8,3,2,4,48241.5137583123,65585.85568374864,33.86642782245703,52.42587260778766,40,81,success,14.167251756065523,,
11,Product-mix + seven-factor full factorial design,906,907,1,2,1,1,15,30,10,300,600,600,0.5,0.8,full,40,0,73,False,8,300.0,180.0,180.0,60.0,173268.76302888285,155189.1213074197,149569.93627324986,8,6,8,2,2,4,18079.64172146315,23698.826755633,11.650070294327229,15.844645886816132,40,81,success,11.415354368975386,,
11,Product-mix + seven-factor full factorial design,907,908,1,2,1,1,15,30,10,300,600,600,0.75,0.8,full,40,0,73,False,8,300.0,180.0,180.0,60.0,212593.20447032884,155189.1213074197,149569.93627324986,9,6,8,3,2,4,57404.08316290914,63023.268197078985,36.98975977136653,42.13632081913945,40,81,success,14.261593720060771,,
11,Product-mix + seven-factor full factorial design,908,909,1,2,1,1,15,30,10,600,600,300,0.5,0.8,full,40,0,73,False,8,300.0,180.0,180.0,60.0,173472.4744229213,155388.94146384252,155969.37785719126,8,6,8,2,2,4,18083.532959078788,17503.096565730055,11.63759324744911,11.222136554110158,40,81,success,10.384996660985053,,
11,Product-mix + seven-factor full factorial design,909,910,1,2,1,1,15,30,10,600,600,300,0.75,0.8,full,40,0,73,False,8,300.0,180.0,180.0,60.0,217405.0402268991,155388.94146384252,155969.37785719126,9,6,8,3,2,4,62016.098763056565,61435.66236970783,39.91023954396852,39.38956685841216,40,81,success,17.415694996947423,,
11,Product-mix + seven-factor full factorial design,910,911,1,2,1,1,15,30,10,600,600,600,0.5,0.8,full,40,0,73,False,8,300.0,180.0,180.0,60.0,182970.97237811063,167258.4888776363,180355.3882128592,8,6,8,2,2,4,15712.483500474336,2615.5841652514064,9.394132163880393,1.450238992673975,40,81,success,14.272931387997232,,
11,Product-mix + seven-factor full factorial design,911,912,1,2,1,1,15,30,10,600,600,600,0.75,0.8,full,40,0,73,False,8,300.0,180.0,180.0,60.0,233463.73315487837,198178.38176027377,180355.3882128592,9,6,8,3,3,4,35285.35139460457,53108.34494201912,17.804843838763126,29.44649753371357,40,81,success,15.58063486800529,,
11,Product-mix + seven-factor full factorial design,912,913,1,2,1,1,30,30,10,300,300,300,0.5,0.8,full,40,0,73,False,8,300.0,180.0,180.0,60.0,94911.93997095116,94326.82167947992,89194.62916087455,5,5,8,2,2,4,585.1182914712263,5717.310810076597,0.6203095588860642,6.4099272163177625,40,81,success,6.226597310975194,,
11,Product-mix + seven-factor full factorial design,913,914,1,2,1,1,30,30,10,300,300,300,0.75,0.8,full,40,0,73,False,8,300.0,180.0,180.0,60.0,112028.60120218144,94326.82167947992,89194.62916087455,7,5,8,3,2,4,17701.77952270153,22833.9720413069,18.76643271502533,25.60016478136004,40,81,success,17.755043725017458,,
11,Product-mix + seven-factor full factorial design,914,915,1,2,1,1,30,30,10,300,300,600,0.5,0.8,full,40,0,73,False,8,300.0,180.0,180.0,60.0,150185.45753519094,129612.03729554664,125390.02646804805,9,6,8,3,2,4,20573.4202396443,24795.431067142898,15.873078356705363,19.77464377795732,40,81,success,10.816960696014576,,
11,Product-mix + seven-factor full factorial design,915,916,1,2,1,1,30,30,10,300,300,600,0.75,0.8,full,40,0,73,False,8,300.0,180.0,180.0,60.0,150185.45753519094,130564.91940068064,125390.02646804805,9,5,8,3,2,4,19620.53813451031,24795.431067142898,15.027419481873494,19.77464377795732,40,81,success,20.133605550974607,,
11,Product-mix + seven-factor full factorial design,916,917,1,2,1,1,30,30,10,600,300,300,0.5,0.8,full,40,0,73,False,8,300.0,180.0,180.0,60.0,182875.9248617713,156091.223718284,150954.70679512128,8,5,8,3,2,4,26784.7011434873,31921.218066650006,17.159645818286855,21.1462224294696,40,81,success,11.795953192049636,,
11,Product-mix + seven-factor full factorial design,917,918,1,2,1,1,30,30,10,600,300,300,0.75,0.8,full,40,0,73,False,8,300.0,180.0,180.0,60.0,182861.34182288835,156091.223718284,150954.70679512128,8,5,8,3,2,4,26770.118104604364,31906.63502776707,17.15030317970952,21.136561890098196,40,81,success,18.569217996904623,,
11,Product-mix + seven-factor full factorial design,918,919,1,2,1,1,30,30,10,600,300,600,0.5,0.8,full,40,0,73,False,8,300.0,180.0,180.0,60.0,213106.36792969663,187486.73443688484,186929.5793168007,9,5,8,3,2,4,25619.633492811816,26176.788612895965,13.664771307559551,14.003556156584828,40,81,success,13.639328812947497,,
11,Product-mix + seven-factor full factorial design,919,920,1,2,1,1,30,30,10,600,300,600,0.75,0.8,full,40,0,73,False,8,300.0,180.0,180.0,60.0,226244.01484415657,196600.0974739124,186929.5793168007,10,8,8,4,3,4,29643.91737024416,39314.43552735588,15.078282132681911,21.03168245017412,40,81,success,30.252471346990205,,
11,Product-mix + seven-factor full factorial design,920,921,1,2,1,1,30,30,10,300,600,300,0.5,0.8,full,40,0,73,False,8,300.0,180.0,180.0,60.0,197205.32927930207,160097.09518448226,165574.05252744994,8,7,8,3,2,4,37108.23409481987,31631.276751852187,23.17858050582336,19.10400589283647,40,81,success,8.23764993797522,,
11,Product-mix + seven-factor full factorial design,921,922,1,2,1,1,30,30,10,300,600,300,0.75,0.8,full,40,0,73,False,8,300.0,180.0,180.0,60.0,211417.6838112581,175292.8064899603,165574.05252744994,10,8,8,4,3,4,36124.87732129783,45843.63128380818,20.608305637098027,27.68769054330414,40,81,success,17.841356678982265,,
11,Product-mix + seven-factor full factorial design,922,923,1,2,1,1,30,30,10,300,600,600,0.5,0.8,full,40,0,73,False,8,300.0,180.0,180.0,60.0,229312.6122182788,183623.774145461,201408.7818396031,10,8,8,3,2,4,45688.83807281777,27903.830378675688,24.88176614680869,13.854326570972262,40,81,success,11.826614130986854,,
11,Product-mix + seven-factor full factorial design,923,924,1,2,1,1,30,30,10,300,600,600,0.75,0.8,full,40,0,73,False,8,300.0,180.0,180.0,60.0,248316.11139726045,209593.22580155503,201408.7818396031,12,8,8,4,3,4,38722.88559570539,46907.32955765736,18.475256272055567,23.289614846592528,40,81,success,17.52358777599875,,
11,Product-mix + seven-factor full factorial design,924,925,1,2,1,1,30,30,10,600,600,300,0.5,0.8,full,40,0,73,False,8,300.0,180.0,180.0,60.0,241616.17158759903,186898.0758076128,226877.51195578105,8,5,8,3,2,4,54718.095779986295,14738.659631818038,29.27697117455155,6.49630697408681,40,81,success,11.78453249996528,,
11,Product-mix + seven-factor full factorial design,925,926,1,2,1,1,30,30,10,600,600,300,0.75,0.8,full,40,0,73,False,8,300.0,180.0,180.0,60.0,273475.7596187823,224151.69291470875,226877.51195578105,9,8,8,4,3,4,49324.06670407357,46598.2476630013,22.00477099356181,20.538945116818542,40,81,success,18.765602861065418,,
11,Product-mix + seven-factor full factorial design,926,927,1,2,1,1,30,30,10,600,600,600,0.5,0.8,full,40,0,73,False,8,300.0,180.0,180.0,60.0,261987.42213035596,248982.20052115672,261845.582145671,8,8,8,3,3,4,13005.221609199216,141.83998468492064,5.223353951397874,0.0541693251123907,40,81,success,16.15470776206348,,
11,Product-mix + seven-factor full factorial design,927,928,1,2,1,1,30,30,10,600,600,600,0.75,0.8,full,40,0,73,False,8,300.0,180.0,180.0,60.0,302764.7371759006,248776.6259848588,261845.582145671,9,8,8,4,3,4,53988.11119104183,40919.1550302296,21.70144038947119,15.627208484833355,40,81,success,20.168420235044323,,
11,Product-mix + seven-factor full factorial design,928,929,1,2,1,1,15,30,25,300,300,300,0.5,0.8,full,40,0,73,False,8,300.0,180.0,180.0,60.0,85196.4751500276,75740.58144501036,65800.66343742594,5,5,8,2,2,4,9455.89370501724,19395.81171260166,12.484580293171454,29.47662029433241,40,81,success,7.199364533997141,,
11,Product-mix + seven-factor full factorial design,929,930,1,2,1,1,15,30,25,300,300,300,0.75,0.8,full,40,0,73,False,8,300.0,180.0,180.0,60.0,101754.42776636312,75740.58144501036,65800.66343742594,7,5,8,3,2,4,26013.84632135276,35953.76432893718,34.34598180400752,54.640428303778286,40,81,success,19.220793476095423,,
11,Product-mix + seven-factor full factorial design,930,931,1,2,1,1,15,30,25,300,300,600,0.5,0.8,full,40,0,73,False,8,300.0,180.0,180.0,60.0,136058.72626414144,119419.61139524862,109478.1793021932,6,5,8,2,2,4,16639.114868892822,26580.546961948246,13.933318551692128,24.27931038986118,40,81,success,10.185330610955134,,
11,Product-mix + seven-factor full factorial design,931,932,1,2,1,1,15,30,25,300,300,600,0.75,0.8,full,40,0,73,False,8,300.0,180.0,180.0,60.0,154467.92887866287,119419.61139524862,109478.1793021932,9,5,8,3,2,4,35048.317483414256,44989.74957646968,29.3488791949031,41.094718475619,40,81,success,18.24999264802318,,
11,Product-mix + seven-factor full factorial design,932,933,1,2,1,1,15,30,25,600,300,300,0.5,0.8,full,40,0,73,False,8,300.0,180.0,180.0,60.0,119510.0224982666,106628.94574692078,96689.02773933772,6,5,8,2,2,4,12881.076751345812,22820.994758928864,12.080281448077423,23.602465856261983,40,81,success,11.9496953060152,,
11,Product-mix + seven-factor full factorial design,933,934,1,2,1,1,15,30,25,600,300,300,0.75,0.8,full,40,0,73,False,8,300.0,180.0,180.0,60.0,137896.25531742309,106628.94574692078,96689.0277393378,8,5,8,3,2,4,31267.3095705023,41207.227578085294,29.323472488149623,42.61830793166637,40,81,success,19.271964314975776,,
11,Product-mix + seven-factor full factorial design,934,935,1,2,1,1,15,30,25,600,300,600,0.5,0.8,full,40,0,73,False,8,300.0,180.0,180.0,60.0,186250.5022326364,148638.75068571125,140121.4017229689,9,5,8,3,2,4,37611.75154692514,46129.10050966748,25.304135949348225,32.92081005645973,40,81,success,19.79896085592918,,
11,Product-mix + seven-factor full factorial design,935,936,1,2,1,1,15,30,25,600,300,600,0.75,0.8,full,40,0,73,False,8,300.0,180.0,180.0,60.0,188542.72052232895,149301.61158566322,140121.40172296856,9,6,8,3,2,4,39241.10893666576,48421.31879936042,26.28311142787015,34.556690272834494,40,81,success,40.57161010603886,,
11,Product-mix + seven-factor full factorial design,936,937,1,2,1,1,15,30,25,300,600,300,0.5,0.8,full,40,0,73,False,8,300.0,180.0,180.0,60.0,160902.45760309108,142492.06496730496,142181.54669091574,7,6,8,2,2,4,18410.39263578612,18720.910912175343,12.92029323879222,13.16690621805668,40,81,success,11.697104430058973,,
11,Product-mix + seven-factor full factorial design,937,938,1,2,1,1,15,30,25,300,600,300,0.75,0.8,full,40,0,73,False,8,300.0,180.0,180.0,60.0,194447.4382768824,142492.06496730496,142181.5466909155,9,6,8,3,2,4,51955.37330957744,52265.89158596689,36.4619414572304,36.7599683660681,40,81,success,21.69435451703612,,
11,Product-mix + seven-factor full factorial design,938,939,1,2,1,1,15,30,25,300,600,600,0.5,0.8,full,40,0,73,False,8,300.0,180.0,180.0,60.0,224854.0664913734,153299.03061994226,185489.73707047087,9,5,8,3,2,4,71555.03587143114,39364.32942090253,46.67676995872846,21.221836874968083,40,81,success,16.27244344202336,,
11,Product-mix + seven-factor full factorial design,939,940,1,2,1,1,15,30,25,300,600,600,0.75,0.8,full,40,0,73,False,8,300.0,180.0,180.0,60.0,253179.80565725215,188168.42904852852,185489.73707047087,10,7,8,4,3,4,65011.37660872363,67690.0685867813,34.54956654389522,36.49262199399454,40,81,success,25.787969256052747,,
11,Product-mix + seven-factor full factorial design,940,941,1,2,1,1,15,30,25,600,600,300,0.5,0.8,full,40,0,73,False,8,300.0,180.0,180.0,60.0,220615.71562014916,155399.62166693868,172714.63026932866,9,6,8,3,2,4,65216.09395321045,47901.08535082048,41.96670059659817,27.734237265322705,40,81,success,16.55508010694757,,
11,Product-mix + seven-factor full factorial design,941,942,1,2,1,1,15,30,25,600,600,300,0.75,0.8,full,40,0,73,False,8,300.0,180.0,180.0,60.0,238777.32404434372,180386.7351393189,172714.63026932866,10,7,8,4,3,4,58390.588905024895,66062.6937750151,32.369668900503044,38.24962232324957,40,81,success,32.90040473500267,,
11,Product-mix + seven-factor full factorial design,942,943,1,2,1,1,15,30,25,600,600,600,0.5,0.8,full,40,0,73,False,8,300.0,180.0,180.0,60.0,240448.5112099279,168209.32480198168,215057.6506987738,9,5,8,3,2,4,72239.18640794622,25390.86051115411,42.94600581328484,11.806536725688728,40,81,success,23.1762714110082,,
11,Product-mix + seven-factor full factorial design,943,944,1,2,1,1,15,30,25,600,600,600,0.75,0.8,full,40,0,73,False,8,300.0,180.0,180.0,60.0,278494.4335147566,202937.50531999036,215057.6506987742,10,7,8,4,3,4,75556.92819476628,63436.78281598241,37.231623634886354,29.49757081873674,40,81,success,26.015218276064843,,
11,Product-mix + seven-factor full factorial design,944,945,1,2,1,1,30,30,25,300,300,300,0.5,0.8,full,40,0,73,False,8,300.0,180.0,180.0,60.0,112052.68510956006,93490.02063851664,99299.65794731022,6,3,8,3,2,4,18562.66447104342,12753.02716224984,19.855236253307503,12.842971895247388,40,81,success,19.012324247974902,,
11,Product-mix + seven-factor full factorial design,945,946,1,2,1,1,30,30,25,300,300,300,0.75,0.8,full,40,0,73,False,8,300.0,180.0,180.0,60.0,126172.94923911575,100925.66730191528,99299.65794731022,8,6,8,4,3,4,25247.28193720049,26873.291291805537,25.01571960051967,27.06282362630582,40,81,success,22.0899582010461,,
11,Product-mix + seven-factor full factorial design,946,947,1,2,1,1,30,30,25,300,300,600,0.5,0.8,full,40,0,73,False,8,300.0,180.0,180.0,60.0,176802.2297094408,148127.8032448291,154681.0077806113,8,4,8,3,2,4,28674.426464611723,22121.221928829505,19.357896246674205,14.301188133067178,40,81,success,14.035739384009505,,
11,Product-mix + seven-factor full factorial design,947,948,1,2,1,1,30,30,25,300,300,600,0.75,0.8,full,40,0,73,False,8,300.0,180.0,180.0,60.0,190909.56075753813,156306.58336690432,154681.0077806113,10,6,8,4,3,4,34602.97739063381,36228.55297692682,22.13788865783659,23.42146168863268,40,81,success,24.357753887074068,,
11,Product-mix + seven-factor full factorial design,948,949,1,2,1,1,30,30,25,600,300,300,0.5,0.8,full,40,0,73,False,8,300.0,180.0,180.0,60.0,183598.00832904628,157158.9431596002,161071.43845490963,7,4,8,3,2,4,26439.065169446083,22526.56987413665,16.823137543369914,13.98545272223588,40,81,success,12.079587839078158,,
11,Product-mix + seven-factor full factorial design,949,950,1,2,1,1,30,30,25,600,300,300,0.75,0.8,full,40,0,73,False,8,300.0,180.0,180.0,60.0,199721.29863405917,162701.91619106746,161071.43845490963,10,6,8,4,3,4,37019.382442991686,38649.86017914952,22.752886572963483,23.99547713108005,40,81,success,22.635484485072084,,
11,Product-mix + seven-factor full factorial design,950,951,1,2,1,1,30,30,25,600,300,600,0.5,0.8,full,40,0,73,False,8,300.0,180.0,180.0,60.0,257340.1330894965,201708.20318899423,215561.78942487948,9,3,8,4,2,4,55631.92990050229,41778.343664617045,27.5804003114226,19.381145320829813,40,81,success,13.408665598952211,,
11,Product-mix + seven-factor full factorial design,951,952,1,2,1,1,30,30,25,600,300,600,0.75,0.8,full,40,0,73,False,8,300.0,180.0,180.0,60.0,257516.51535809488,217083.79168540088,215561.78942487948,10,7,8,4,3,4,40432.723672694,41954.725933215406,18.6253996020529,19.462969780103855,40,81,success,22.96045836794656,,
11,Product-mix + seven-factor full factorial design,952,953,1,2,1,1,30,30,25,300,600,300,0.5,0.8,full,40,0,73,False,8,300.0,180.0,180.0,60.0,198531.70244662248,161097.09518448243,174998.46632315754,7,6,8,3,2,4,37434.60726214005,23533.236123464943,23.237295010981622,13.447681352822686,40,81,success,9.11763322004117,,
11,Product-mix + seven-factor full factorial design,953,954,1,2,1,1,30,30,25,300,600,300,0.75,0.8,full,40,0,73,False,8,300.0,180.0,180.0,60.0,221264.79909246785,175600.83666412422,174998.46632315754,10,8,8,4,3,4,45663.9624283436,46266.33276931028,26.00441051182809,26.43813613993248,40,81,success,16.865515319048427,,
11,Product-mix + seven-factor full factorial design,954,955,1,2,1,1,30,30,25,300,600,600,0.5,0.8,full,40,0,73,False,8,300.0,180.0,180.0,60.0,240168.23560285973,185928.38210175812,229093.6788186333,10,6,8,3,2,4,54239.85350110158,11074.556784226414,29.17244418951392,4.83407348528102,40,81,success,19.67747671995312,,
11,Product-mix + seven-factor full factorial design,955,956,1,2,1,1,30,30,25,300,600,600,0.75,0.8,full,40,0,73,False,8,300.0,180.0,180.0,60.0,275107.2720130244,222516.9061435116,229093.6788186333,11,9,8,4,3,4,52590.36586951278,46013.593194391055,23.634323692957867,20.08505578664117,40,81,success,26.50247981597204,,
11,Product-mix + seven-factor full factorial design,956,957,1,2,1,1,30,30,25,600,600,300,0.5,0.8,full,40,0,73,False,8,300.0,180.0,180.0,60.0,275004.00432212313,186898.07580761283,235506.4275890973,10,5,8,4,2,4,88105.92851451028,39497.57673302584,47.1411640455859,16.771337044753494,40,81,success,19.518301409087144,,
11,Product-mix + seven-factor full factorial design,957,958,1,2,1,1,30,30,25,600,600,300,0.75,0.8,full,40,0,73,False,8,300.0,180.0,180.0,60.0,280792.8798968827,224368.34681242047,235506.4275890973,10,8,8,4,3,4,56424.53308446222,45286.4523077854,25.148169911701068,19.229391219334143,40,81,success,24.22107812599279,,
11,Product-mix + seven-factor full factorial design,958,959,1,2,1,1,30,30,25,600,600,600,0.5,0.8,full,40,0,73,False,8,300.0,180.0,180.0,60.0,320301.8331175111,251439.52454926173,282055.63971854234,9,6,8,4,3,4,68862.3085682494,38246.19339896878,27.387225095853207,13.559804525495,40,81,success,15.358030854025856,,
11,Product-mix + seven-factor full factorial design,959,960,1,2,1,1,30,30,25,600,600,600,0.75,0.8,full,40,0,73,False,8,300.0,180.0,180.0,60.0,320417.2093685461,282034.3687016647,282055.63971854234,9,8,8,4,4,4,38382.84066688141,38361.56965000375,13.609277778298962,13.600710018875702,40,81,success,23.480417950078845,,
11,Product-mix + seven-factor full factorial design,960,961,1,2,1,1,15,60,10,300,300,300,0.5,0.8,full,40,0,73,False,8,300.0,180.0,180.0,60.0,83701.6121350062,74787.69933987646,73900.36004442285,7,6,8,2,2,4,8913.912795129741,9801.252090583352,11.91895575583896,13.262793421698676,40,81,success,4.887888791970909,,
11,Product-mix + seven-factor full factorial design,961,962,1,2,1,1,15,60,10,300,300,300,0.75,0.8,full,40,0,73,False,8,300.0,180.0,180.0,60.0,118384.9920627528,74787.69933987646,73900.36004442285,10,6,8,4,2,4,43597.29272287634,44484.632018329954,58.29473711277874,60.19541987561284,40,81,success,10.039459511986934,,
11,Product-mix + seven-factor full factorial design,962,963,1,2,1,1,15,60,10,300,300,600,0.5,0.8,full,40,0,73,False,8,300.0,180.0,180.0,60.0,109568.88585444268,99280.73081762616,98393.3915221746,8,6,8,2,2,4,10288.155036816534,11175.494332268076,10.362690677323249,11.357972481057828,40,81,success,5.787427520961501,,
11,Product-mix + seven-factor full factorial design,963,964,1,2,1,1,15,60,10,300,300,600,0.75,0.8,full,40,0,73,False,8,300.0,180.0,180.0,60.0,146934.233469569,99280.73081762616,98393.3915221746,11,6,8,4,2,4,47653.50265194285,48540.8419473944,47.99874281695207,49.33343713073951,40,81,success,11.989748234977014,,
11,Product-mix + seven-factor full factorial design,964,965,1,2,1,1,15,60,10,600,300,300,0.5,0.8,full,40,0,73,False,8,300.0,180.0,180.0,60.0,118320.84373795077,105676.06364178656,104788.72434633406,8,6,8,2,2,4,12644.780096164206,13532.11939161671,11.965604755137935,12.913717077891045,40,81,success,6.475074080051854,,
11,Product-mix + seven-factor full factorial design,965,966,1,2,1,1,15,60,10,600,300,300,0.75,0.8,full,40,0,73,False,8,300.0,180.0,180.0,60.0,155650.44495569577,105676.06364178656,104788.72434633406,11,6,8,4,2,4,49974.38131390921,50861.72060936171,47.290161642762286,48.53739839532751,40,81,success,10.783763379906304,,
11,Product-mix + seven-factor full factorial design,966,967,1,2,1,1,15,60,10,600,300,600,0.5,0.8,full,40,0,73,False,8,300.0,180.0,180.0,60.0,143202.4894817308,130169.09511953866,128529.37629325094,8,6,8,2,2,4,13033.394362192135,14673.113188479852,10.012664181327471,11.4161552881124,40,81,success,12.30801107303705,,
11,Product-mix + seven-factor full factorial design,967,968,1,2,1,1,15,60,10,600,300,600,0.75,0.8,full,40,0,73,False,8,300.0,180.0,180.0,60.0,181248.4860429209,130169.09511953866,128529.37629325094,12,6,8,4,2,4,51079.39092338225,52719.109749669966,39.24079742313207,41.01716764686287,40,81,success,15.900529479025865,,
11,Product-mix + seven-factor full factorial design,968,969,1,2,1,1,15,60,10,300,600,300,0.5,0.8,full,40,0,73,False,8,300.0,180.0,180.0,60.0,220273.153211383,143898.82893286404,177760.9834171627,10,6,8,3,2,4,76374.32427851897,42512.1697942203,53.07501447016736,23.915354751641065,40,81,success,7.068889098009095,,
11,Product-mix + seven-factor full factorial design,969,970,1,2,1,1,15,60,10,300,600,300,0.75,0.8,full,40,0,73,False,8,300.0,180.0,180.0,60.0,281532.0591937249,215772.009595113,177760.9834171627,11,8,8,4,4,4,65760.04959861189,103771.07577656218,30.47663583520765,58.37674487490665,40,81,success,8.320967501029372,,
11,Product-mix + seven-factor full factorial design,970,971,1,2,1,1,15,60,10,300,600,600,0.5,0.8,full,40,0,73,False,8,300.0,180.0,180.0,60.0,236382.46554056052,155601.19476229028,202254.0148949132,10,6,8,3,2,4,80781.27077827026,34128.45064564736,51.915585160948574,16.874053483378198,40,81,success,10.523984755971467,,
11,Product-mix + seven-factor full factorial design,971,972,1,2,1,1,15,60,10,300,600,600,0.75,0.8,full,40,0,73,False,8,300.0,180.0,180.0,60.0,294618.5011045054,228209.94653140445,202254.0148949132,11,8,8,4,4,4,66408.55457310093,92364.4862095922,29.09976343382663,45.66756623228606,40,81,success,9.0849147279514,,
11,Product-mix + seven-factor full factorial design,972,973,1,2,1,1,15,60,10,600,600,300,0.5,0.8,full,40,0,73,False,8,300.0,180.0,180.0,60.0,236382.46554056072,191092.43418549548,208649.3477190745,10,8,8,3,3,4,45290.03135506524,27733.11782148626,23.70058843413011,13.29173473325502,40,81,success,12.457277191919276,,
11,Product-mix + seven-factor full factorial design,973,974,1,2,1,1,15,60,10,600,600,300,0.75,0.8,full,40,0,73,False,8,300.0,180.0,180.0,60.0,294821.577924232,228397.9316186775,208649.3477190745,11,8,8,4,4,4,66423.64630555449,86172.23020515754,29.08242024557924,41.30002377058943,40,81,success,9.262371870921925,,
11,Product-mix + seven-factor full factorial design,974,975,1,2,1,1,15,60,10,600,600,600,0.5,0.8,full,40,0,73,False,8,300.0,180.0,180.0,60.0,304335.2388011634,202666.4583297479,231257.0439127676,11,8,8,4,3,4,101668.78047141548,73078.19488839578,50.16556824908618,31.600419019436043,40,81,success,15.871230856049806,,
11,Product-mix + seven-factor full factorial design,975,976,1,2,1,1,15,60,10,600,600,600,0.75,0.8,full,40,0,73,False,8,300.0,180.0,180.0,60.0,304332.16717053193,240150.8463932707,231257.0439127676,11,8,8,4,4,4,64181.32077726122,73075.12325776432,26.72541935253394,31.59909078718872,40,81,success,13.329779837979004,,
11,Product-mix + seven-factor full factorial design,976,977,1,2,1,1,30,60,10,300,300,300,0.5,0.8,full,40,0,73,False,8,300.0,180.0,180.0,60.0,111310.72519705664,94326.82167947997,101700.02574706884,7,5,8,3,2,4,16983.903517576662,9610.699449987793,18.005380882319468,9.450046230951704,40,81,success,11.34739069803618,,
11,Product-mix + seven-factor full factorial design,977,978,1,2,1,1,30,60,10,300,300,300,0.75,0.8,full,40,0,73,False,8,300.0,180.0,180.0,60.0,130238.84575694252,98908.67475031225,101700.02574706884,9,8,8,4,3,4,31330.17100663029,28538.820009873685,31.67585763910095,28.06176281690491,40,81,success,10.327130487072282,,
11,Product-mix + seven-factor full factorial design,978,979,1,2,1,1,30,60,10,300,300,600,0.5,0.8,full,40,0,73,False,8,300.0,180.0,180.0,60.0,150288.3168814638,129612.03729554644,137895.42305424163,9,6,8,3,2,4,20676.279585917364,12392.893827222171,15.95243776530609,8.9871683575367,40,81,success,7.480890316073783,,
11,Product-mix + seven-factor full factorial design,979,980,1,2,1,1,30,60,10,300,300,600,0.75,0.8,full,40,0,73,False,8,300.0,180.0,180.0,60.0,168333.69651744055,135104.07205748442,137895.42305424163,11,8,8,4,3,4,33229.62445995613,30438.273463198915,24.595575806047883,22.07344724648759,40,81,success,11.853173035080545,,
11,Product-mix + seven-factor full factorial design,980,981,1,2,1,1,30,60,10,600,300,300,0.5,0.8,full,40,0,73,False,8,300.0,180.0,180.0,60.0,182347.6489216914,156091.22371828393,163464.4277858732,9,5,8,3,2,4,26256.425203407474,18883.2211358182,16.8212053041467,11.551884034705015,40,81,success,10.191132322070189,,
11,Product-mix + seven-factor full factorial design,981,982,1,2,1,1,30,60,10,600,300,300,0.75,0.8,full,40,0,73,False,8,300.0,180.0,180.0,60.0,202818.98033448937,160675.6866098926,163464.4277858732,11,8,8,4,3,4,42143.29372459676,39354.55254861616,26.22879330020678,24.07530071323397,40,81,success,14.720729480031878,,
11,Product-mix + seven-factor full factorial design,982,983,1,2,1,1,30,60,10,600,300,600,0.5,0.8,full,40,0,73,False,8,300.0,180.0,180.0,60.0,237716.23739248983,187486.73443688496,198158.99777209663,12,5,8,4,2,4,50229.50295560487,39557.23962039317,26.79096369482823,19.96237368231348,40,81,success,16.557093348936178,,
11,Product-mix + seven-factor full factorial design,983,984,1,2,1,1,30,60,10,600,300,600,0.75,0.8,full,40,0,73,False,8,300.0,180.0,180.0,60.0,237919.70542711392,196913.9653007485,198158.99777209663,11,8,8,4,3,4,41005.74012636542,39760.707655017264,20.824190942342245,20.06505286262408,40,81,success,15.833778613014148,,
11,Product-mix + seven-factor full factorial design,984,985,1,2,1,1,30,60,10,300,600,300,0.5,0.8,full,40,0,73,False,8,300.0,180.0,180.0,60.0,275822.69335746544,161493.34414876517,205560.64911980752,13,7,8,4,2,4,114329.34920870028,70262.04423765792,70.79508434934745,34.180688054116274,40,81,success,6.952185379923321,,
11,Product-mix + seven-factor full factorial design,985,986,1,2,1,1,30,60,10,300,600,300,0.75,0.8,full,40,0,73,False,8,300.0,180.0,180.0,60.0,287351.2550928632,237330.41512372607,205560.64911980752,9,10,8,4,4,4,50020.8399691371,81790.6059730557,21.076455768663287,39.789038574880855,40,81,success,7.546491121989675,,
11,Product-mix + seven-factor full factorial design,986,987,1,2,1,1,30,60,10,300,600,600,0.5,0.8,full,40,0,73,False,8,300.0,180.0,180.0,60.0,304445.6462525852,224199.53167376912,241756.04642698087,13,10,8,4,3,4,80246.11457881605,62689.599825604295,35.7922757374808,25.93093358040947,40,81,success,12.452448791009374,,
11,Product-mix + seven-factor full factorial design,987,988,1,2,1,1,30,60,10,300,600,600,0.75,0.8,full,40,0,73,False,8,300.0,180.0,180.0,60.0,311056.529969363,261396.22964151733,241756.04642698087,10,10,8,4,4,4,49660.30032784568,69300.48354238214,18.99809358227949,28.665460312825477,40,81,success,8.951038802973926,,
11,Product-mix + seven-factor full factorial design,988,989,1,2,1,1,30,60,10,600,600,300,0.5,0.8,full,40,0,73,False,8,300.0,180.0,180.0,60.0,305681.84451675287,226071.189988596,262215.21705510456,12,8,8,4,3,4,79610.65452815691,43466.62746164831,35.214860651714545,16.57669907559705,40,81,success,10.479401414981112,,
11,Product-mix + seven-factor full factorial design,989,990,1,2,1,1,30,60,10,600,600,300,0.75,0.8,full,40,0,73,False,8,300.0,180.0,180.0,60.0,311595.4400821338,261562.4294118053,262215.21705510456,10,10,8,4,4,4,50033.01067032851,49380.22302702925,19.128515812779927,18.831944073120667,40,81,success,10.252541498979554,,
11,Product-mix + seven-factor full factorial design,990,991,1,2,1,1,30,60,10,600,600,600,0.5,0.8,full,40,0,73,False,8,300.0,180.0,180.0,60.0,325104.7261292343,249409.5923685659,286856.3753180596,11,8,8,4,3,4,75695.1337606684,38248.35081117472,30.3497283491846,13.333624106755812,40,81,success,13.424794260994531,,
11,Product-mix + seven-factor full factorial design,991,992,1,2,1,1,30,60,10,600,600,600,0.75,0.8,full,40,0,73,False,8,300.0,180.0,180.0,60.0,331139.2349188655,284900.8317917744,286856.3753180596,9,10,8,4,4,4,46238.40312709112,44282.85960080591,16.22964834335247,15.437293158189746,40,81,success,10.746659963973798,,
11,Product-mix + seven-factor full factorial design,992,993,1,2,1,1,15,60,25,300,300,300,0.5,0.8,full,40,0,73,False,8,300.0,180.0,180.0,60.0,100809.18082075552,75740.58144501035,78295.29408822031,8,5,8,3,2,4,25068.59937574518,22513.88673253522,33.09797587696847,28.755095685785896,40,81,success,8.827133210957982,,
11,Product-mix + seven-factor full factorial design,993,994,1,2,1,1,15,60,25,300,300,300,0.75,0.8,full,40,0,73,False,8,300.0,180.0,180.0,60.0,120477.52586300028,75740.58144501035,78295.29408822031,9,5,8,4,2,4,44736.94441798993,42182.23177477997,59.066016611544136,53.87582008089854,40,81,success,9.522163795889355,,
11,Product-mix + seven-factor full factorial design,994,995,1,2,1,1,15,60,25,300,300,600,0.5,0.8,full,40,0,73,False,8,300.0,180.0,180.0,60.0,155199.80815120466,119419.61139524847,121974.32403845932,9,5,8,3,2,4,35780.19675595619,33225.484112745355,29.961742747204944,27.239736210605397,40,81,success,11.699737797956914,,
11,Product-mix + seven-factor full factorial design,995,996,1,2,1,1,15,60,25,300,300,600,0.75,0.8,full,40,0,73,False,8,300.0,180.0,180.0,60.0,174062.7132681134,119419.6113952485,121974.32403845932,10,5,8,4,2,4,54643.10187286491,52088.3892296541,45.7572263336297,42.704388518054245,40,81,success,15.132847280008718,,
11,Product-mix + seven-factor full factorial design,996,997,1,2,1,1,15,60,25,600,300,300,0.5,0.8,full,40,0,73,False,8,300.0,180.0,180.0,60.0,137774.1364270192,106628.94574692073,109183.65839013146,9,5,8,3,2,4,31145.190680098487,28590.47803688774,29.20894552781219,26.18567508951677,40,81,success,11.05119543604087,,
11,Product-mix + seven-factor full factorial design,997,998,1,2,1,1,15,60,25,600,300,300,0.75,0.8,full,40,0,73,False,8,300.0,180.0,180.0,60.0,156560.2247670911,106628.94574692073,109183.65839013146,10,5,8,4,2,4,49931.27902017039,47376.56637695964,46.82713373034764,43.391627534292034,40,81,success,13.50766560807824,,
11,Product-mix + seven-factor full factorial design,998,999,1,2,1,1,15,60,25,600,300,600,0.5,0.8,full,40,0,73,False,8,300.0,180.0,180.0,60.0,188786.27152152744,148638.7506857112,151300.177526457,10,5,8,3,2,4,40147.52083581625,37486.093995070434,27.0101307032014,24.775974891711844,40,81,success,18.1430427840678,,
11,Product-mix + seven-factor full factorial design,999,1000,1,2,1,1,15,60,25,600,300,600,0.75,0.8,full,40,0,73,False,8,300.0,180.0,180.0,60.0,207084.25750718964,149301.61158566273,151300.177526457,12,6,8,4,2,4,57782.64592152691,55784.07998073264,38.7019572714885,36.86980471055825,40,81,success,27.998441537027247,,
11,Product-mix + seven-factor full factorial design,1000,1001,1,2,1,1,15,60,25,300,600,300,0.5,0.8,full,40,0,73,False,8,300.0,180.0,180.0,60.0,275862.2266245768,143898.82893286404,182155.91746095972,13,6,8,4,2,4,131963.39769171274,93706.30916361704,91.70567868434858,51.442912461902566,40,81,success,8.942037738976069,,
11,Product-mix + seven-factor full factorial design,1001,1002,1,2,1,1,15,60,25,300,600,300,0.75,0.8,full,40,0,73,False,8,300.0,180.0,180.0,60.0,286725.55680445937,214776.95655346612,182155.91746095972,10,9,8,4,4,4,71948.60025099322,104569.6393434996,33.49921770266005,57.40666611388637,40,81,success,9.804178223013878,,
11,Product-mix + seven-factor full factorial design,1002,1003,1,2,1,1,15,60,25,300,600,600,0.5,0.8,full,40,0,73,False,8,300.0,180.0,180.0,60.0,295177.2209912917,188683.4854224365,225153.16778118565,11,7,8,4,3,4,106493.7355688552,70024.05321010604,56.44041148086188,31.10062980688714,40,81,success,11.572752577951178,,
11,Product-mix + seven-factor full factorial design,1003,1004,1,2,1,1,15,60,25,300,600,600,0.75,0.8,full,40,0,73,False,8,300.0,180.0,180.0,60.0,301254.9538791699,227455.3319235334,225153.16778118565,9,9,8,4,4,4,73799.62195563648,76101.78609798424,32.445764771276785,33.80000683443348,40,81,success,11.054847547085956,,
11,Product-mix + seven-factor full factorial design,1004,1005,1,2,1,1,15,60,25,600,600,300,0.5,0.8,full,40,0,73,False,8,300.0,180.0,180.0,60.0,294918.89790871786,190964.0925003227,213044.28176287224,11,8,8,4,3,4,103954.80540839516,81874.61614584562,54.43683367239288,38.43079732924994,40,81,success,12.479414912988432,,
11,Product-mix + seven-factor full factorial design,1005,1006,1,2,1,1,15,60,25,600,600,300,0.75,0.8,full,40,0,73,False,8,300.0,180.0,180.0,60.0,299495.1127200069,227409.34628022465,213044.28176287224,11,9,8,4,4,4,72085.76643978228,86450.83095713466,31.698682406375134,40.57880842507582,40,81,success,12.002817775937729,,
11,Product-mix + seven-factor full factorial design,1006,1007,1,2,1,1,15,60,25,600,600,600,0.5,0.8,full,40,0,73,False,8,300.0,180.0,180.0,60.0,304439.7083650321,203572.2225400167,240046.91200036253,11,7,8,4,3,4,100867.4858250154,64392.79636466957,49.54874715541686,26.825088407957654,40,81,success,15.145910150953569,,
11,Product-mix + seven-factor full factorial design,1007,1008,1,2,1,1,15,60,25,600,600,600,0.75,0.8,full,40,0,73,False,8,300.0,180.0,180.0,60.0,309725.93815163465,239063.46196322405,240046.91200036352,10,9,8,4,4,4,70662.4761884106,69679.02615127113,29.558041035681494,29.02725370246196,40,81,success,11.266338090063073,,
11,Product-mix + seven-factor full factorial design,1008,1009,1,2,1,1,30,60,25,300,300,300,0.5,0.8,full,40,0,73,False,8,300.0,180.0,180.0,60.0,127663.28012559398,93490.02063851664,101755.4186233647,9,3,8,4,2,4,34173.25948707735,25907.86150222928,36.55284195434055,25.460915843827514,40,81,success,12.835469526005909,,
11,Product-mix + seven-factor full factorial design,1009,1010,1,2,1,1,30,60,25,300,300,300,0.75,0.8,full,40,0,73,False,8,300.0,180.0,180.0,60.0,131043.80632645192,99941.83938975132,101755.4186233647,8,7,8,4,3,4,31101.966936700614,29288.387703087225,31.120066557320147,28.78312339463181,40,81,success,19.42180853104219,,
11,Product-mix + seven-factor full factorial design,1010,1011,1,2,1,1,30,60,25,300,300,600,0.5,0.8,full,40,0,73,False,8,300.0,180.0,180.0,60.0,193580.8402836093,148127.80324482912,157136.81440302634,11,4,8,4,2,4,45453.03703878017,36444.02588058295,30.68501391575646,23.19254467454768,40,81,success,15.951090335962364,,
11,Product-mix + seven-factor full factorial design,1011,1012,1,2,1,1,30,60,25,300,300,600,0.75,0.8,full,40,0,73,False,8,300.0,180.0,180.0,60.0,194573.316560186,155323.23516941245,157136.81440302634,11,7,8,4,3,4,39250.08139077353,37436.502157159644,25.269935530227084,23.824144774337903,40,81,success,20.820477665984072,,
11,Product-mix + seven-factor full factorial design,1012,1013,1,2,1,1,30,60,25,600,300,300,0.5,0.8,full,40,0,73,False,8,300.0,180.0,180.0,60.0,202435.51686980957,157158.94315960034,163532.14722718907,11,4,8,4,2,4,45276.5737102092,38903.36964262047,28.80941599628172,23.78943241573993,40,81,success,14.670712295919657,,
11,Product-mix + seven-factor full factorial design,1013,1014,1,2,1,1,30,60,25,600,300,300,0.75,0.8,full,40,0,73,False,8,300.0,180.0,180.0,60.0,202104.03601702984,161718.5679935751,163532.1472271885,12,7,8,4,3,4,40385.46802345474,38571.88878984132,24.97268466108308,23.586731687840544,40,81,success,20.83943096897565,,
11,Product-mix + seven-factor full factorial design,1014,1015,1,2,1,1,30,60,25,600,300,600,0.5,0.8,full,40,0,73,False,8,300.0,180.0,180.0,60.0,259696.27619515755,201708.20318899423,217434.4009019346,11,3,8,4,2,4,57988.07300616332,42261.87529322296,28.74849514763181,19.436609440786484,40,81,success,13.677276396076197,,
11,Product-mix + seven-factor full factorial design,1015,1016,1,2,1,1,30,60,25,600,300,600,0.75,0.8,full,40,0,73,False,8,300.0,180.0,180.0,60.0,260603.46191391663,216099.96377323676,217434.4009019346,12,8,8,4,3,4,44503.49814067991,43169.061011982034,20.593940583617773,19.853832159452896,40,81,success,19.217811851995062,,
11,Product-mix + seven-factor full factorial design,1016,1017,1,2,1,1,30,60,25,300,600,300,0.5,0.8,full,40,0,73,False,8,300.0,180.0,180.0,60.0,276576.4442137601,162493.34414876506,205616.04199610336,12,6,8,4,2,4,114083.10006499504,70960.40221765672,70.20786030506595,34.51112156852115,40,81,success,5.135420712060295,,
11,Product-mix + seven-factor full factorial design,1017,1018,1,2,1,1,30,60,25,300,600,300,0.75,0.8,full,40,0,73,False,8,300.0,180.0,180.0,60.0,287709.04951964703,237415.54933403665,205616.04199610336,9,10,8,4,4,4,50293.50018561038,82093.00752354367,21.18374315696101,39.92539041535456,40,81,success,10.49376101407688,,
11,Product-mix + seven-factor full factorial design,1018,1019,1,2,1,1,30,60,25,300,600,600,0.5,0.8,full,40,0,73,False,8,300.0,180.0,180.0,60.0,305462.04935229087,222837.7008055729,260315.65814575335,12,8,8,4,3,4,82624.34854671796,45146.39120653749,37.078262900768365,17.342941077044074,40,81,success,11.71192648098804,,
11,Product-mix + seven-factor full factorial design,1019,1020,1,2,1,1,30,60,25,300,600,600,0.75,0.8,full,40,0,73,False,8,300.0,180.0,180.0,60.0,310802.603088193,260562.4294118042,260315.6581457525,11,11,8,4,4,4,50240.1736763888,50486.94494244049,19.281434314916925,19.39450945904011,40,81,success,13.471947614918465,,
11,Product-mix + seven-factor full factorial design,1020,1021,1,2,1,1,30,60,25,600,600,300,0.5,0.8,full,40,0,73,False,8,300.0,180.0,180.0,60.0,305506.27207053936,226071.189988596,262270.6099314001,12,8,8,4,3,4,79435.0820819434,43235.662139139255,35.13719819228203,16.485134247580405,40,81,success,11.144029280985706,,
11,Product-mix + seven-factor full factorial design,1021,1022,1,2,1,1,30,60,25,600,600,300,0.75,0.8,full,40,0,73,False,8,300.0,180.0,180.0,60.0,311595.440082134,261562.42941180264,262270.6099314001,10,10,8,4,4,4,50033.010670331365,49324.83015073388,19.128515812781213,18.80684616687907,40,81,success,13.132993398001418,,
11,Product-mix + seven-factor full factorial design,1022,1023,1,2,1,1,30,60,25,600,600,600,0.5,0.8,full,40,0,73,False,8,300.0,180.0,180.0,60.0,325104.7261292338,285967.16107065155,286967.1610706513,11,9,8,4,4,4,39137.56505858223,38137.56505858246,13.686034757296078,13.289870839678755,40,81,success,17.592243709950708,,
11,Product-mix + seven-factor full factorial design,1023,1024,1,2,1,1,30,60,25,600,600,600,0.75,0.8,full,40,0,73,False,8,300.0,180.0,180.0,60.0,331195.3949585987,285967.16107065155,286967.1610706513,9,9,8,4,4,4,45228.233887947164,44228.2338879474,15.815883795402996,15.412297951771006,40,81,success,13.134969595004804,,
11,Product-mix + seven-factor full factorial design,1024,1025,1,1,2,2,15,30,10,300,300,300,0.5,0.8,full,40,0,73,False,8,300.0,180.0,180.0,60.0,103549.95467305245,85939.73554244165,60790.10037846333,9,6,8,3,2,4,17610.2191306108,42759.85429458912,20.491358298297214,70.34016069783962,40,81,success,16.02090884500649,,
11,Product-mix + seven-factor full factorial design,1025,1026,1,1,2,2,15,30,10,300,300,300,0.75,0.8,full,40,0,73,False,8,300.0,180.0,180.0,60.0,103985.00619767416,93982.72329688942,60790.10037846333,8,5,8,3,3,4,10002.282900784749,43194.90581921084,10.642682558993048,71.05582249460127,40,81,success,14.765592378913423,,
11,Product-mix + seven-factor full factorial design,1026,1027,1,1,2,2,15,30,10,300,300,600,0.5,0.8,full,40,0,73,False,8,300.0,180.0,180.0,60.0,160943.5508044458,134925.79849794254,109776.16333396452,9,6,8,3,2,4,26017.752306503276,51167.38747048128,19.283007842936733,46.61065382183036,40,81,success,13.088790351059288,,
11,Product-mix + seven-factor full factorial design,1027,1028,1,1,2,2,15,30,10,300,300,600,0.75,0.8,full,40,0,73,False,8,300.0,180.0,180.0,60.0,161268.2570354778,142968.78625238952,109776.16333396452,9,5,8,3,3,4,18299.47078308827,51492.09370151325,12.799626591767629,46.90644320011656,40,81,success,16.64470819698181,,
11,Product-mix + seven-factor full factorial design,1028,1029,1,1,2,2,15,30,10,600,300,300,0.5,0.8,full,40,0,73,False,8,300.0,180.0,180.0,60.0,141280.95086264174,116828.09984435388,91678.46468037416,9,6,8,3,2,4,24452.851018287853,49602.48618226757,20.93062461074481,54.104839511875134,40,81,success,15.95979159604758,,
11,Product-mix + seven-factor full factorial design,1029,1030,1,1,2,2,15,30,10,600,300,300,0.75,0.8,full,40,0,73,False,8,300.0,180.0,180.0,60.0,141666.2681949152,124871.08759879964,91678.46468037416,9,5,8,3,3,4,16795.180596115562,49987.80351454104,13.450015467212934,54.52513159859019,40,81,success,16.2279586980585,,
11,Product-mix + seven-factor full factorial design,1030,1031,1,1,2,2,15,30,10,600,300,600,0.5,0.8,full,40,0,73,False,8,300.0,180.0,180.0,60.0,194824.52675202655,165786.6473738876,140664.52763587417,9,6,8,3,2,4,29037.879378138983,54159.99911615241,17.515209962990436,38.502954530478085,40,81,success,12.6784793069819,,
11,Product-mix + seven-factor full factorial design,1031,1032,1,1,2,2,15,30,10,600,300,600,0.75,0.8,full,40,0,73,False,8,300.0,180.0,180.0,60.0,194824.52675202655,173857.1505542994,140664.52763587417,9,5,8,3,3,4,20967.376197727164,54159.99911615241,12.060117246186312,38.502954530478085,40,81,success,16.651271761977114,,
11,Product-mix + seven-factor full factorial design,1032,1033,1,1,2,2,15,30,10,300,600,300,0.5,0.8,full,40,0,73,False,8,300.0,180.0,180.0,60.0,150442.6258340267,124311.73248741844,99162.09732343876,9,6,8,3,2,4,26130.893346608267,51280.52851058793,21.020456254402998,51.71384016145335,40,81,success,16.018242517020553,,
11,Product-mix + seven-factor full factorial design,1033,1034,1,1,2,2,15,30,10,300,600,300,0.75,0.8,full,40,0,73,False,8,300.0,180.0,180.0,60.0,152115.94416462348,132354.72024186616,99162.09732343876,8,5,8,3,3,4,19761.223922757315,52953.84684118471,14.9305018261876,53.40129774430265,40,81,success,18.099540569935925,,
11,Product-mix + seven-factor full factorial design,1034,1035,1,1,2,2,15,30,10,300,600,600,0.5,0.8,full,40,0,73,False,8,300.0,180.0,180.0,60.0,202629.13615735163,171660.02266969832,148148.16027894078,10,6,8,3,2,4,30969.11348765332,54480.975878410856,18.040958521392547,36.7746557067137,40,81,success,18.706614658003677,,
11,Product-mix + seven-factor full factorial design,1035,1036,1,1,2,2,15,30,10,300,600,600,0.75,0.8,full,40,0,73,False,8,300.0,180.0,180.0,60.0,203221.40886156523,181526.2536901574,148148.16027894017,9,6,8,3,3,4,21695.155171407823,55073.24858262506,11.951524768664449,37.17443974932299,40,81,success,19.425025569973517,,
11,Product-mix + seven-factor full factorial design,1036,1037,1,1,2,2,15,30,10,600,600,300,0.5,0.8,full,40,0,73,False,8,300.0,180.0,180.0,60.0,183759.39955373816,154524.42693242087,130050.46162535196,8,6,8,3,2,4,29234.972621317283,53708.93792838621,18.919321172504848,41.298536934924826,40,81,success,18.481728910002857,,
11,Product-mix + seven-factor full factorial design,1037,1038,1,1,2,2,15,30,10,600,600,300,0.75,0.8,full,40,0,73,False,8,300.0,180.0,180.0,60.0,186950.33997770344,163243.08454377702,130050.46162535196,8,5,8,3,3,4,23707.25543392645,56899.87835235152,14.522670592865977,43.75215408021242,40,81,success,19.5697201640578,,
11,Product-mix + seven-factor full factorial design,1038,1039,1,1,2,2,15,30,10,600,600,600,0.5,0.8,full,40,0,73,False,8,300.0,180.0,180.0,60.0,231019.2608731707,210557.6894617204,179036.52458084858,9,5,8,3,3,4,20461.57141145028,51982.73629232211,9.717798226110478,29.03471032741588,40,81,success,13.385112239047883,,
11,Product-mix + seven-factor full factorial design,1039,1040,1,1,2,2,15,30,10,600,600,600,0.75,0.8,full,40,0,73,False,8,300.0,180.0,180.0,60.0,231717.789558984,212270.18864384363,179036.52458084858,9,6,8,3,3,4,19447.600915140385,52681.26497813544,9.161720277061814,29.4248702053786,40,81,success,23.69361078797374,,
11,Product-mix + seven-factor full factorial design,1040,1041,1,1,2,2,30,30,10,300,300,300,0.5,0.8,full,40,0,73,False,8,300.0,180.0,180.0,60.0,138295.62812199414,137710.50983052264,115016.40881190111,6,6,8,3,3,4,585.1182914715027,23279.21931009303,0.4248900771564895,20.2399114618194,40,81,success,3.742060857941397,,
11,Product-mix + seven-factor full factorial design,1041,1042,1,1,2,2,30,30,10,300,300,300,0.75,0.8,full,40,0,73,False,8,300.0,180.0,180.0,60.0,138295.62812199414,137710.5098305229,115016.40881190028,6,6,8,3,3,4,585.1182914712408,23279.219310093875,0.4248900771562985,20.23991146182028,40,81,success,6.9993198059964925,,
11,Product-mix + seven-factor full factorial design,1042,1043,1,1,2,2,30,30,10,300,300,600,0.5,0.8,full,40,0,73,False,8,300.0,180.0,180.0,60.0,208942.61491971347,206848.2071606894,187406.3327850718,8,7,8,3,3,4,2094.407759024063,21536.28213464166,1.0125336776049645,11.491757943601986,40,81,success,14.571736382087693,,
11,Product-mix + seven-factor full factorial design,1043,1044,1,1,2,2,30,30,10,300,300,600,0.75,0.8,full,40,0,73,False,8,300.0,180.0,180.0,60.0,208942.61491971347,208357.49662824185,187406.3327850718,8,8,8,3,3,4,585.1182914716483,21536.28213464166,0.2808242088431477,11.491757943601986,40,81,success,15.691071339999326,,
11,Product-mix + seven-factor full factorial design,1044,1045,1,1,2,2,30,30,10,600,300,300,0.5,0.8,full,40,0,73,False,8,300.0,180.0,180.0,60.0,196947.45154502997,199487.2384343469,176788.85185754832,8,6,8,3,3,4,-2539.7868893169216,20158.59968748162,-1.2731575760184728,11.402641894934003,40,81,success,14.669723963947035,,
11,Product-mix + seven-factor full factorial design,1045,1046,1,1,2,2,30,30,10,600,300,300,0.75,0.8,full,40,0,73,False,8,300.0,180.0,180.0,60.0,201838.2518760363,199487.2384343472,176788.85185754832,7,6,8,4,3,4,2351.01344168908,25049.40001848797,1.1785282407740665,14.169106114605064,40,81,success,11.21140810009092,,
11,Product-mix + seven-factor full factorial design,1046,1047,1,1,2,2,30,30,10,600,300,600,0.5,0.8,full,40,0,73,False,8,300.0,180.0,180.0,60.0,268094.9801747754,264173.0233247447,249171.14425210725,8,6,8,4,3,4,3921.956850030692,18923.835922668164,1.4846167109233852,7.594714058671793,40,81,success,7.338800736004487,,
11,Product-mix + seven-factor full factorial design,1047,1048,1,1,2,2,30,30,10,600,300,600,0.75,0.8,full,40,0,73,False,8,300.0,180.0,180.0,60.0,268094.9801747754,264118.46302451333,249171.14425210725,8,6,8,4,3,4,3976.51715026208,18923.835922668164,1.505580906660437,7.594714058671793,40,81,success,10.810905897058548,,
11,Product-mix + seven-factor full factorial design,1048,1049,1,1,2,2,30,30,10,300,600,300,0.5,0.8,full,40,0,73,False,8,300.0,180.0,180.0,60.0,176667.62506697024,176082.50677549903,153379.59664861287,6,6,8,3,3,4,585.1182914712117,23288.028418357368,0.3322977973145415,15.1832635677804,40,81,success,5.849559523048811,,
11,Product-mix + seven-factor full factorial design,1049,1050,1,1,2,2,30,30,10,300,600,300,0.75,0.8,full,40,0,73,False,8,300.0,180.0,180.0,60.0,176667.62506697065,176082.50677549903,153379.59664861287,6,6,8,3,3,4,585.1182914716192,23288.02841835777,0.332297797314773,15.183263567780669,40,81,success,10.515151583007537,,
11,Product-mix + seven-factor full factorial design,1050,1051,1,1,2,2,30,30,10,300,600,600,0.5,0.8,full,40,0,73,False,8,300.0,180.0,180.0,60.0,246706.9227214274,246121.80442995543,225768.45548645145,8,8,8,3,3,4,585.1182914719684,20938.46723497595,0.237735251790131,9.274310350337,40,81,success,15.391717836959288,,
11,Product-mix + seven-factor full factorial design,1051,1052,1,1,2,2,30,30,10,300,600,600,0.75,0.8,full,40,0,73,False,8,300.0,180.0,180.0,60.0,249386.5716321512,246098.9887097988,225768.45548645145,11,8,8,4,3,4,3287.58292235242,23618.11614569975,1.335878273855548,10.461211728986246,40,81,success,16.90800027595833,,
11,Product-mix + seven-factor full factorial design,1052,1053,1,1,2,2,30,30,10,600,600,300,0.5,0.8,full,40,0,73,False,8,300.0,180.0,180.0,60.0,234657.64198123463,237320.53472786487,215119.74841267668,8,6,8,3,3,4,-2662.892746630212,19537.893568557975,-1.1220658800907168,9.08233377582671,40,81,success,16.686150794965215,,
11,Product-mix + seven-factor full factorial design,1053,1054,1,1,2,2,30,30,10,600,600,300,0.75,0.8,full,40,0,73,False,8,300.0,180.0,180.0,60.0,241435.46485264695,237320.53472786496,215119.74841267668,8,6,8,4,3,4,4114.930124782026,26315.716439970303,1.7339123769886198,12.233054674965192,40,81,success,14.009021388017572,,
11,Product-mix + seven-factor full factorial design,1054,1055,1,1,2,2,30,30,10,600,600,600,0.5,0.8,full,40,0,73,False,8,300.0,180.0,180.0,60.0,306147.18350844807,299013.2625289867,287489.14144772413,8,6,8,4,3,4,7133.920979461342,18658.042060723936,2.3858209228327354,6.489998880224364,40,81,success,7.278350047999993,,
11,Product-mix + seven-factor full factorial design,1055,1056,1,1,2,2,30,30,10,600,600,600,0.75,0.8,full,40,0,73,False,8,300.0,180.0,180.0,60.0,306617.20103623124,299013.26252898725,287489.14144772245,8,6,8,4,3,4,7603.938507243991,19128.0595885088,2.543010448075641,6.653489412568675,40,81,success,8.856246746028773,,
11,Product-mix + seven-factor full factorial design,1056,1057,1,1,2,2,15,30,25,300,300,300,0.5,0.8,full,40,0,73,False,8,300.0,180.0,180.0,60.0,125821.3258790203,114629.94107020371,98430.35782083168,6,6,8,3,3,4,11191.384808816569,27390.96805818862,9.763055537089162,27.827764385503052,40,81,success,16.11841578804888,,
11,Product-mix + seven-factor full factorial design,1057,1058,1,1,2,2,15,30,25,300,300,300,0.75,0.8,full,40,0,73,False,8,300.0,180.0,180.0,60.0,125821.3258790203,114629.94107020371,98430.35782083168,6,6,8,3,3,4,11191.384808816569,27390.96805818862,9.763055537089162,27.827764385503052,40,81,success,44.74156428396236,,
11,Product-mix + seven-factor full factorial design,1058,1059,1,1,2,2,15,30,25,300,300,600,0.5,0.8,full,40,0,73,False,8,300.0,180.0,180.0,60.0,222871.6968135986,200652.42491013685,185693.3856951562,8,6,8,3,3,4,22219.271903461748,37178.31111844239,11.073512773848986,20.02134377552694,40,81,success,39.58098102605436,,
11,Product-mix + seven-factor full factorial design,1059,1060,1,1,2,2,15,30,25,300,300,600,0.75,0.8,full,40,0,73,False,8,300.0,180.0,180.0,60.0,232283.61362485783,201394.98616440065,185693.38569515644,9,6,8,4,3,4,30888.62746045721,46590.22792970139,15.33733686659038,25.08986938618602,40,81,success,51.60104583797511,,
11,Product-mix + seven-factor full factorial design,1060,1061,1,1,2,2,15,30,25,600,300,300,0.5,0.8,full,40,0,73,False,8,300.0,180.0,180.0,60.0,160376.53092230554,145518.30537211624,129318.72212274572,7,6,8,3,3,4,14858.225550189294,31057.808799559803,10.21055427507499,24.016482911175533,40,81,success,23.751774672069587,,
11,Product-mix + seven-factor full factorial design,1061,1062,1,1,2,2,15,30,25,600,300,300,0.75,0.8,full,40,0,73,False,8,300.0,180.0,180.0,60.0,161556.05438499834,145518.30537211624,129318.7221227468,7,6,8,3,3,4,16037.749012882094,32237.33226225153,11.021121344060948,24.928588632087223,40,81,success,39.31532932398841,,
11,Product-mix + seven-factor full factorial design,1062,1063,1,1,2,2,15,30,25,600,300,600,0.5,0.8,full,40,0,73,False,8,300.0,180.0,180.0,60.0,264796.35883892747,230047.7874646407,216460.41223407263,10,6,8,4,3,4,34748.57137428675,48335.94660485484,15.104936134031608,22.330155480155906,40,81,success,46.39514570799656,,
11,Product-mix + seven-factor full factorial design,1063,1064,1,1,2,2,15,30,25,600,300,600,0.75,0.8,full,40,0,73,False,8,300.0,180.0,180.0,60.0,264856.3397993684,231633.5971134824,216460.41223407327,10,6,8,4,3,4,33222.74268588604,48395.92756529513,14.3427996196983,22.357865378617756,40,81,success,44.133921200060286,,
11,Product-mix + seven-factor full factorial design,1064,1065,1,1,2,2,15,30,25,300,600,300,0.5,0.8,full,40,0,73,False,8,300.0,180.0,180.0,60.0,171833.80718300916,152945.24820894405,136798.87979175127,7,6,8,3,3,4,18888.55897406512,35034.927391257894,12.34988284713545,25.61053675628888,40,81,success,20.267223646049388,,
11,Product-mix + seven-factor full factorial design,1065,1066,1,1,2,2,15,30,25,300,600,300,0.75,0.8,full,40,0,73,False,8,300.0,180.0,180.0,60.0,177219.30485310024,152945.24820894405,136798.87979175127,8,6,8,4,3,4,24274.0566441562,40420.42506134897,15.871076040881327,29.547336296087312,40,81,success,25.700148426927623,,
11,Product-mix + seven-factor full factorial design,1066,1067,1,1,2,2,15,30,25,300,600,600,0.5,0.8,full,40,0,73,False,8,300.0,180.0,180.0,60.0,273253.8514384744,234891.36833855577,223917.69255886297,9,7,8,4,3,4,38362.48309991861,49336.15887961141,16.332010567806666,22.033166881907743,40,81,success,51.13088474806864,,
11,Product-mix + seven-factor full factorial design,1067,1068,1,1,2,2,15,30,25,300,600,600,0.75,0.8,full,40,0,73,False,8,300.0,180.0,180.0,60.0,273253.8514384744,235415.7733500412,223917.6925588618,9,6,8,4,3,4,37838.07808843322,49336.15887961257,16.072872921803565,22.033166881908382,40,81,success,43.97185964602977,,
11,Product-mix + seven-factor full factorial design,1068,1069,1,1,2,2,15,30,25,600,600,300,0.5,0.8,full,40,0,73,False,8,300.0,180.0,180.0,60.0,202022.5512630251,183833.6125108573,167569.85294006698,8,6,8,3,3,4,18188.93875216777,34452.69832295811,9.894239961744494,20.560200846676437,40,81,success,28.96361355902627,,
11,Product-mix + seven-factor full factorial design,1069,1070,1,1,2,2,15,30,25,600,600,300,0.75,0.8,full,40,0,73,False,8,300.0,180.0,180.0,60.0,212099.50806061743,183833.6125108573,167569.85294006698,9,6,8,4,3,4,28265.895549760116,44529.65512055045,15.375803784572156,26.57378659661229,40,81,success,36.47859224397689,,
11,Product-mix + seven-factor full factorial design,1070,1071,1,1,2,2,15,30,25,600,600,600,0.5,0.8,full,40,0,73,False,8,300.0,180.0,180.0,60.0,300824.75163656933,252852.1250083489,254317.03946558607,9,6,8,4,3,4,47972.62662822043,46507.71217098326,18.9726017238876,18.287296937992483,40,81,success,31.35708347288892,,
11,Product-mix + seven-factor full factorial design,1071,1072,1,1,2,2,15,30,25,600,600,600,0.75,0.8,full,40,0,73,False,8,300.0,180.0,180.0,60.0,301241.9697645901,252852.1250083489,254317.03946558607,10,6,8,4,3,4,48389.84475624119,46924.930299004016,19.137606517897925,18.4513512730451,40,81,success,27.440282789058983,,
11,Product-mix + seven-factor full factorial design,1072,1073,1,1,2,2,30,30,25,300,300,300,0.5,0.8,full,40,0,73,False,8,300.0,180.0,180.0,60.0,143900.38865540136,143315.27036393015,147088.3452224892,6,6,8,3,3,4,585.1182914712117,-3187.956567087851,0.4082735147380885,-2.167375370404552,40,81,success,14.972926781047136,,
11,Product-mix + seven-factor full factorial design,1073,1074,1,1,2,2,30,30,25,300,300,300,0.75,0.8,full,40,0,73,False,8,300.0,180.0,180.0,60.0,156989.73045755658,147077.19715760025,147088.3452224892,8,8,8,4,4,4,9912.533299956323,9901.38523506737,6.739680583751246,6.73159060977286,40,81,success,34.844377200934105,,
11,Product-mix + seven-factor full factorial design,1074,1075,1,1,2,2,30,30,25,300,300,600,0.5,0.8,full,40,0,73,False,8,300.0,180.0,180.0,60.0,275886.0245396107,253114.61246105016,257159.085353537,9,7,8,4,3,4,22771.412078560563,18726.939186073723,8.996482604126491,7.282238992384156,40,81,success,17.583771975012496,,
11,Product-mix + seven-factor full factorial design,1075,1076,1,1,2,2,30,30,25,300,300,600,0.75,0.8,full,40,0,73,False,8,300.0,180.0,180.0,60.0,276740.8908837402,257829.39015797,257159.085353537,10,8,8,4,4,4,18911.500725770253,19581.80553020321,7.3348894453744515,7.614666035727477,40,81,success,23.933750921976756,,
11,Product-mix + seven-factor full factorial design,1076,1077,1,1,2,2,30,30,25,600,300,300,0.5,0.8,full,40,0,73,False,8,300.0,180.0,180.0,60.0,228031.39130201924,205091.9989677536,208862.51377449185,8,6,8,4,3,4,22939.392334265634,19168.877527527395,11.184927959024073,9.177749123628749,40,81,success,16.903189094970003,,
11,Product-mix + seven-factor full factorial design,1077,1078,1,1,2,2,30,30,25,600,300,300,0.75,0.8,full,40,0,73,False,8,300.0,180.0,180.0,60.0,228031.39130201924,208849.98130787743,208862.5137744922,8,8,8,4,4,4,19181.40999414178,19168.877527527045,9.184300555845102,9.177749123628564,40,81,success,21.86645742901601,,
11,Product-mix + seven-factor full factorial design,1078,1079,1,1,2,2,30,30,25,600,300,600,0.5,0.8,full,40,0,73,False,8,300.0,180.0,180.0,60.0,330165.16793607414,303454.737333083,318167.3850992311,8,6,8,4,3,4,26710.43060299114,11997.78283684305,8.802113566502932,3.770902801084134,40,81,success,19.60313662304543,,
11,Product-mix + seven-factor full factorial design,1079,1080,1,1,2,2,30,30,25,600,300,600,0.75,0.8,full,40,0,73,False,8,300.0,180.0,180.0,60.0,332280.5815633551,318212.4910252429,318167.3850992311,9,8,8,4,4,4,14068.090538112156,14113.19646412402,4.420973699928131,4.435777243391038,40,81,success,21.15705557691399,,
11,Product-mix + seven-factor full factorial design,1080,1081,1,1,2,2,30,30,25,300,600,300,0.5,0.8,full,40,0,73,False,8,300.0,180.0,180.0,60.0,202475.0951166703,181686.194224494,185456.94916764708,8,6,8,4,3,4,20788.90089217632,17018.145949023223,11.442201748410923,9.176332310761442,40,81,success,16.462208574055694,,
11,Product-mix + seven-factor full factorial design,1081,1082,1,1,2,2,30,30,25,300,600,300,0.75,0.8,full,40,0,73,False,8,300.0,180.0,180.0,60.0,203287.90635541023,185443.7656942965,185456.94916764708,8,8,8,4,4,4,17844.14066111375,17830.957187763182,9.622399865698242,9.614607200102585,40,81,success,19.82321359601337,,
11,Product-mix + seven-factor full factorial design,1082,1083,1,1,2,2,30,30,25,300,600,600,0.5,0.8,full,40,0,73,False,8,300.0,180.0,180.0,60.0,313953.9801742225,284568.88988004305,294676.26120179857,10,7,8,4,3,4,29385.090294179507,19277.718972423987,10.326178067661042,6.541999309276673,40,81,success,16.668820097111166,,
11,Product-mix + seven-factor full factorial design,1083,1084,1,1,2,2,30,30,25,300,600,600,0.75,0.8,full,40,0,73,False,8,300.0,180.0,180.0,60.0,313873.5052541006,294625.07350370794,294676.26120179857,9,8,8,4,4,4,19248.431750392658,19197.244052302038,6.533195400340023,6.514689705240791,40,81,success,24.7928985550534,,
11,Product-mix + seven-factor full factorial design,1084,1085,1,1,2,2,30,30,25,600,600,300,0.5,0.8,full,40,0,73,False,8,300.0,180.0,180.0,60.0,266604.0437694184,242457.8134128041,246571.8480650949,8,7,8,4,3,4,24146.23035661428,20032.195704323472,9.9589409047022,8.124283393063987,40,81,success,16.057018038001843,,
11,Product-mix + seven-factor full factorial design,1085,1086,1,1,2,2,30,30,25,600,600,300,0.75,0.8,full,40,0,73,False,8,300.0,180.0,180.0,60.0,266836.84280832764,247209.43343676563,246571.8480650949,9,8,8,4,4,4,19627.40937156201,20264.99474323273,7.939587538669943,8.218697674635905,40,81,success,19.850625967956148,,
11,Product-mix + seven-factor full factorial design,1086,1087,1,1,2,2,30,30,25,600,600,600,0.5,0.8,full,40,0,73,False,8,300.0,180.0,180.0,60.0,359941.69095827226,351641.13174389704,351633.0142689003,8,8,8,4,4,4,8300.559214375215,8308.676689371932,2.360519991847989,2.362882992271633,40,81,success,16.32493706198875,,
11,Product-mix + seven-factor full factorial design,1087,1088,1,1,2,2,30,30,25,600,600,600,0.75,0.8,full,40,0,73,False,8,300.0,180.0,180.0,60.0,364154.2109688446,351610.7181391224,351633.0142689003,8,8,8,4,4,4,12543.492829722178,12521.196699944268,3.567437561661323,3.560870621314605,40,81,success,19.20883247407619,,
11,Product-mix + seven-factor full factorial design,1088,1089,1,1,2,2,15,60,10,300,300,300,0.5,0.8,full,40,0,73,False,8,300.0,180.0,180.0,60.0,120071.73913874444,114787.58747890234,90774.85239934416,9,6,8,3,3,4,5284.151659842115,29296.886739400303,4.603417299639065,32.274232306669084,40,81,success,11.707444041967392,,
11,Product-mix + seven-factor full factorial design,1089,1090,1,1,2,2,15,60,10,300,300,300,0.75,0.8,full,40,0,73,False,8,300.0,180.0,180.0,60.0,124849.48958700354,114787.58747890234,90774.85239934416,8,6,8,3,3,4,10061.902108101203,34074.63718765939,8.765670861364306,37.53752970895008,40,81,success,29.83210505801253,,
11,Product-mix + seven-factor full factorial design,1090,1091,1,1,2,2,15,60,10,300,300,600,0.5,0.8,full,40,0,73,False,8,300.0,180.0,180.0,60.0,178041.38949625468,163773.65043440153,139757.03626121322,9,6,8,3,3,4,14267.73906185315,38284.35323504146,8.711864835404642,27.39350680239527,40,81,success,12.385725397034548,,
11,Product-mix + seven-factor full factorial design,1091,1092,1,1,2,2,15,60,10,300,300,600,0.75,0.8,full,40,0,73,False,8,300.0,180.0,180.0,60.0,180004.0518686153,163773.65043440153,139757.03626121322,9,6,8,3,3,4,16230.401434213769,40247.01560740208,9.910264191561602,28.797845664227097,40,81,success,30.81681752798613,,
11,Product-mix + seven-factor full factorial design,1092,1093,1,1,2,2,15,60,10,600,300,300,0.5,0.8,full,40,0,73,False,8,300.0,180.0,180.0,60.0,158172.90937613454,145675.9517808135,121663.21670125704,9,6,8,3,3,4,12496.95759532103,36509.6926748775,8.578600271734734,30.008817508521684,40,81,success,12.69512885902077,,
11,Product-mix + seven-factor full factorial design,1093,1094,1,1,2,2,15,60,10,600,300,300,0.75,0.8,full,40,0,73,False,8,300.0,180.0,180.0,60.0,161069.6418179539,145675.9517808135,121663.21670125704,8,6,8,3,3,4,15393.69003714039,39406.42511669686,10.567077028816668,32.38976100184741,40,81,success,26.1564283980988,,
11,Product-mix + seven-factor full factorial design,1094,1095,1,1,2,2,15,60,10,600,300,600,0.5,0.8,full,40,0,73,False,8,300.0,180.0,180.0,60.0,212036.5209715322,194662.0147363125,170631.48355207487,10,6,8,3,3,4,17374.506235219713,41405.03741945734,8.925473343505187,24.265766526504454,40,81,success,19.113768254988827,,
11,Product-mix + seven-factor full factorial design,1095,1096,1,1,2,2,15,60,10,600,300,600,0.75,0.8,full,40,0,73,False,8,300.0,180.0,180.0,60.0,218910.3757104852,194662.0147363125,170631.48355207487,12,6,8,4,3,4,24248.360974172683,48278.89215841031,12.456647490790283,28.29424626298588,40,81,success,26.08928414597176,,
11,Product-mix + seven-factor full factorial design,1096,1097,1,1,2,2,15,60,10,300,600,300,0.5,0.8,full,40,0,73,False,8,300.0,180.0,180.0,60.0,207762.44797490712,191519.7737611741,159149.59536840077,10,6,8,3,3,4,16242.67421373303,48612.85260650635,8.480938492537959,30.54538247111274,40,81,success,12.75615953700617,,
11,Product-mix + seven-factor full factorial design,1097,1098,1,1,2,2,15,60,10,300,600,300,0.75,0.8,full,40,0,73,False,8,300.0,180.0,180.0,60.0,223935.18257710343,191519.7737611741,159149.59536840077,10,6,8,4,3,4,32415.40881592937,64785.587208702695,16.92535876548785,40.70735276375444,40,81,success,27.742316124029458,,
11,Product-mix + seven-factor full factorial design,1098,1099,1,1,2,2,15,60,10,300,600,600,0.5,0.8,full,40,0,73,False,8,300.0,180.0,180.0,60.0,250372.9950270896,235520.54315946432,208131.7792302652,10,6,8,3,3,4,14852.451867625292,42241.21579682443,6.306223511708326,20.29541858194137,40,81,success,19.42380385100841,,
11,Product-mix + seven-factor full factorial design,1099,1100,1,1,2,2,15,60,10,300,600,600,0.75,0.8,full,40,0,73,False,8,300.0,180.0,180.0,60.0,274956.16596225766,235520.54315946432,208131.7792302652,10,6,8,4,3,4,39435.62280279334,66824.38673199248,16.74402677310938,32.10676763497119,40,81,success,30.652935766032897,,
11,Product-mix + seven-factor full factorial design,1100,1101,1,1,2,2,15,60,10,600,600,300,0.5,0.8,full,40,0,73,False,8,300.0,180.0,180.0,60.0,235063.04363868863,220010.28550434092,190037.9596703131,9,6,8,3,3,4,15052.758134347709,45025.08396837555,6.841842916498877,23.692679108156707,40,81,success,21.03479862702079,,
11,Product-mix + seven-factor full factorial design,1101,1102,1,1,2,2,15,60,10,600,600,300,0.75,0.8,full,40,0,73,False,8,300.0,180.0,180.0,60.0,258162.2757446597,220010.28550434092,190037.9596703131,10,6,8,4,3,4,38151.99024031879,68124.31607434663,17.34100301395501,35.847741257868655,40,81,success,28.97382085199933,,
11,Product-mix + seven-factor full factorial design,1102,1103,1,1,2,2,15,60,10,600,600,600,0.5,0.8,full,40,0,73,False,8,300.0,180.0,180.0,60.0,266151.9013315966,253167.4178257461,239006.0286226102,10,6,8,3,3,4,12984.483505850483,27145.8727089864,5.1288130271122165,11.357819242229091,40,81,success,21.50865542003885,,
11,Product-mix + seven-factor full factorial design,1103,1104,1,1,2,2,15,60,10,600,600,600,0.75,0.8,full,40,0,73,False,8,300.0,180.0,180.0,60.0,300476.01253057807,253167.4178257461,239006.0286226102,11,6,8,4,3,4,47308.59470483195,61469.98390796786,18.68668374118909,25.71900979327546,40,81,success,25.968186712940224,,
11,Product-mix + seven-factor full factorial design,1104,1105,1,1,2,2,30,60,10,300,300,300,0.5,0.8,full,40,0,73,False,8,300.0,180.0,180.0,60.0,143859.9545266708,143274.83623519956,140151.34902367007,6,6,8,3,3,4,585.1182914712408,3708.6055030007274,0.4083887351374894,2.6461432792733106,40,81,success,4.547392567968927,,
11,Product-mix + seven-factor full factorial design,1105,1106,1,1,2,2,30,60,10,300,300,300,0.75,0.8,full,40,0,73,False,8,300.0,180.0,180.0,60.0,157229.98883614317,143274.83623519956,140151.34902367007,7,6,8,4,3,4,13955.152600943606,17078.63981247309,9.74012811156515,12.18585474306686,40,81,success,13.23438882501796,,
11,Product-mix + seven-factor full factorial design,1106,1107,1,1,2,2,30,60,10,300,300,600,0.5,0.8,full,40,0,73,False,8,300.0,180.0,180.0,60.0,233743.8448315682,213742.61551607403,212418.8584266618,12,8,8,4,3,4,20001.22931549416,21324.986404906376,9.357623545123134,10.039121085037223,40,81,success,13.395693768979982,,
11,Product-mix + seven-factor full factorial design,1107,1108,1,1,2,2,30,60,10,300,300,600,0.75,0.8,full,40,0,73,False,8,300.0,180.0,180.0,60.0,234488.0422026285,218606.6963293265,212418.8584266618,11,9,8,4,4,4,15881.345873301963,22069.183775966696,7.264803018374624,10.3894653890093,40,81,success,15.544023227063008,,
11,Product-mix + seven-factor full factorial design,1108,1109,1,1,2,2,30,60,10,600,300,300,0.5,0.8,full,40,0,73,False,8,300.0,180.0,180.0,60.0,227145.80020470807,205041.6927090085,200975.25036543765,8,6,8,4,3,4,22104.1074956996,26170.549839270418,10.780298974155151,13.021777453534176,40,81,success,9.053870469913818,,
11,Product-mix + seven-factor full factorial design,1109,1110,1,1,2,2,30,60,10,600,300,300,0.75,0.8,full,40,0,73,False,8,300.0,180.0,180.0,60.0,227623.1711066956,205041.6927090085,200975.25036543765,9,6,8,4,3,4,22581.47839768714,26647.92074125796,11.01311547877942,13.259304662043442,40,81,success,10.63822645903565,,
11,Product-mix + seven-factor full factorial design,1110,1111,1,1,2,2,30,60,10,600,300,600,0.5,0.8,full,40,0,73,False,8,300.0,180.0,180.0,60.0,293617.52539792284,268595.4857534035,273225.36726950185,9,6,8,4,3,4,25022.039644519333,20392.158128421,9.315882422347176,7.463493720298212,40,81,success,9.659663742990231,,
11,Product-mix + seven-factor full factorial design,1111,1112,1,1,2,2,30,60,10,600,300,600,0.75,0.8,full,40,0,73,False,8,300.0,180.0,180.0,60.0,293617.52539792284,279767.23779310373,273225.36726950353,9,9,8,4,4,4,13850.28760481911,20392.15812841931,4.950646728357025,7.463493720297548,40,81,success,18.454052984016016,,
11,Product-mix + seven-factor full factorial design,1112,1113,1,1,2,2,30,60,10,300,600,300,0.5,0.8,full,40,0,73,False,8,300.0,180.0,180.0,60.0,219807.2142208965,219027.05649893516,208444.47518930875,7,7,8,3,3,4,780.1577219613828,11362.739031587756,0.3561923966983393,5.451206620500805,40,81,success,6.671327114105225,,
11,Product-mix + seven-factor full factorial design,1113,1114,1,1,2,2,30,60,10,300,600,300,0.75,0.8,full,40,0,73,False,8,300.0,180.0,180.0,60.0,243571.5604194492,219993.23210050067,208444.47518930875,8,6,8,4,3,4,23578.32831894851,35127.08523014042,10.71775167527749,16.85201068449432,40,81,success,9.553194426000118,,
11,Product-mix + seven-factor full factorial design,1114,1115,1,1,2,2,30,60,10,300,600,600,0.5,0.8,full,40,0,73,False,8,300.0,180.0,180.0,60.0,312472.52358400094,285749.23718403553,280703.9334626287,12,9,8,4,3,4,26723.286399965407,31768.590121372254,9.35200620772065,11.317472373646572,40,81,success,13.249301154981367,,
11,Product-mix + seven-factor full factorial design,1115,1116,1,1,2,2,30,60,10,300,600,600,0.75,0.8,full,40,0,73,False,8,300.0,180.0,180.0,60.0,313121.5757628023,294001.8604532698,280703.9334626287,12,9,8,4,4,4,19119.71530953253,32417.64230017364,6.503263373930765,11.548695417369183,40,81,success,17.232514273026027,,
11,Product-mix + seven-factor full factorial design,1116,1117,1,1,2,2,30,60,10,600,600,300,0.5,0.8,full,40,0,73,False,8,300.0,180.0,180.0,60.0,303014.44336553226,268539.04378443427,265512.4302312906,8,6,8,4,3,4,34475.399581098,37502.013134241686,12.83813299371566,14.124390749455046,40,81,success,9.855114773032255,,
11,Product-mix + seven-factor full factorial design,1117,1118,1,1,2,2,30,60,10,600,600,300,0.75,0.8,full,40,0,73,False,8,300.0,180.0,180.0,60.0,303040.43202395027,284457.661629423,265512.4302312906,8,9,8,4,4,4,18582.77039452729,37528.00179265969,6.532701663960096,14.134178863102065,40,81,success,16.947428390034474,,
11,Product-mix + seven-factor full factorial design,1118,1119,1,1,2,2,30,60,10,600,600,600,0.5,0.8,full,40,0,73,False,8,300.0,180.0,180.0,60.0,359697.5448043315,350938.4666454116,337759.02187126206,9,9,8,4,4,4,8759.078158919874,21938.52293306944,2.4959014161790507,6.495318115123919,40,81,success,15.384023334947416,,
11,Product-mix + seven-factor full factorial design,1119,1120,1,1,2,2,30,60,10,600,600,600,0.75,0.8,full,40,0,73,False,8,300.0,180.0,180.0,60.0,364278.7993289668,350888.1272538807,337759.02187126206,8,9,8,4,4,4,13390.67207508604,26519.77745770471,3.816222617699853,7.851685888589767,40,81,success,15.603360092965886,,
11,Product-mix + seven-factor full factorial design,1120,1121,1,1,2,2,15,60,25,300,300,300,0.5,0.8,full,40,0,73,False,8,300.0,180.0,180.0,60.0,126757.54438807513,115015.87124920654,115522.82403301063,6,6,8,3,3,4,11741.673138868588,11234.720355064492,10.20874163829767,9.725108825122014,40,81,success,15.557931238086894,,
11,Product-mix + seven-factor full factorial design,1121,1122,1,1,2,2,15,60,25,300,300,300,0.75,0.8,full,40,0,73,False,8,300.0,180.0,180.0,60.0,143823.08624468534,115270.58045033512,115522.8240330108,8,6,8,4,3,4,28552.505794350232,28300.262211674533,24.7699852666676,24.4975505477495,40,81,success,18.850548884947784,,
11,Product-mix + seven-factor full factorial design,1122,1123,1,1,2,2,15,60,25,300,300,600,0.5,0.8,full,40,0,73,False,8,300.0,180.0,180.0,60.0,246708.24205413545,200927.8561812624,201536.42524479429,10,6,8,4,3,4,45780.38587287304,45171.816809341166,22.784489290311903,22.413723352725768,40,81,success,33.87757131305989,,
11,Product-mix + seven-factor full factorial design,1123,1124,1,1,2,2,15,60,25,300,300,600,0.75,0.8,full,40,0,73,False,8,300.0,180.0,180.0,60.0,247675.5804915916,201946.86072079727,201536.42524479429,10,6,8,4,3,4,45728.71977079436,46139.15524679734,22.6439369285452,22.89370528962933,40,81,success,40.07601657998748,,
11,Product-mix + seven-factor full factorial design,1124,1125,1,1,2,2,15,60,25,600,300,300,0.5,0.8,full,40,0,73,False,8,300.0,180.0,180.0,60.0,160858.50189212785,145904.23555111868,146411.18833492437,7,6,8,3,3,4,14954.266341009175,14447.31355720348,10.249370955217977,9.867629462957698,40,81,success,20.452741501037963,,
11,Product-mix + seven-factor full factorial design,1125,1126,1,1,2,2,15,60,25,600,300,300,0.75,0.8,full,40,0,73,False,8,300.0,180.0,180.0,60.0,179822.2548292478,146158.94475224722,146411.18833492437,9,6,8,4,3,4,33663.310077000584,33411.06649432343,23.031987631043023,22.82002275529218,40,81,success,24.98348762304522,,
11,Product-mix + seven-factor full factorial design,1126,1127,1,1,2,2,15,60,25,600,300,600,0.5,0.8,full,40,0,73,False,8,300.0,180.0,180.0,60.0,277421.3146813519,230174.0074227278,230931.15468972104,10,6,8,4,3,4,47247.30725862409,46490.15999163082,20.526777887588192,20.131610242929312,40,81,success,33.99697529198602,,
11,Product-mix + seven-factor full factorial design,1127,1128,1,1,2,2,15,60,25,600,300,600,0.75,0.8,full,40,0,73,False,8,300.0,180.0,180.0,60.0,279423.6836506624,232222.71138547748,230931.15468972104,11,6,8,4,3,4,47200.972265184886,48492.5289609413,20.325734715427448,20.99869505528426,40,81,success,36.07474159100093,,
11,Product-mix + seven-factor full factorial design,1128,1129,1,1,2,2,15,60,25,300,600,300,0.5,0.8,full,40,0,73,False,8,300.0,180.0,180.0,60.0,237748.5208841393,192036.72849010967,183886.28935020644,9,6,8,4,3,4,45711.79239402959,53862.23153393282,23.803671700428836,29.29105357678607,40,81,success,25.50483933999203,,
11,Product-mix + seven-factor full factorial design,1129,1130,1,1,2,2,15,60,25,300,600,300,0.75,0.8,full,40,0,73,False,8,300.0,180.0,180.0,60.0,241004.4841920319,192036.72849010967,183886.28935020644,9,6,8,4,3,4,48967.75570192223,57118.19484182546,25.49916158587558,31.061693095043868,40,81,success,16.481703452998772,,
11,Product-mix + seven-factor full factorial design,1130,1131,1,1,2,2,15,60,25,300,600,600,0.5,0.8,full,40,0,73,False,8,300.0,180.0,180.0,60.0,315229.46813355456,241497.16584434276,269117.49454890017,9,7,8,4,3,4,73732.30228921183,46111.97358465439,30.53133233734762,17.13451355585342,40,81,success,37.59125980292447,,
11,Product-mix + seven-factor full factorial design,1131,1132,1,1,2,2,15,60,25,300,600,600,0.75,0.8,full,40,0,73,False,8,300.0,180.0,180.0,60.0,324506.4836879073,273146.8110379063,269117.49454890017,9,7,8,4,4,4,51359.67265000101,55388.98913900711,18.802955251369752,20.581712545983372,40,81,success,25.666414525941946,,
11,Product-mix + seven-factor full factorial design,1132,1133,1,1,2,2,15,60,25,600,600,300,0.5,0.8,full,40,0,73,False,8,300.0,180.0,180.0,60.0,268570.4587192874,220258.2360866865,214591.24349083693,10,6,8,4,3,4,48312.222632600926,53979.215228450485,21.934354642514617,25.15443517188781,40,81,success,29.552752506919205,,
11,Product-mix + seven-factor full factorial design,1133,1134,1,1,2,2,15,60,25,600,600,300,0.75,0.8,full,40,0,73,False,8,300.0,180.0,180.0,60.0,274149.3517513707,220394.6101866485,214591.24349083693,11,7,8,4,3,4,53754.74156472221,59558.10826053377,24.390225114488157,27.75421181763035,40,81,success,19.332458338933066,,
11,Product-mix + seven-factor full factorial design,1134,1135,1,1,2,2,15,60,25,600,600,600,0.5,0.8,full,40,0,73,False,8,300.0,180.0,180.0,60.0,331607.0619236829,253623.9853663545,288501.9718899432,9,6,8,4,3,4,77983.0765573284,43105.09003373975,30.7475164246329,14.941003609564008,40,81,success,25.152943306951784,,
11,Product-mix + seven-factor full factorial design,1135,1136,1,1,2,2,15,60,25,600,600,600,0.75,0.8,full,40,0,73,False,8,300.0,180.0,180.0,60.0,336907.69933883945,289737.01087930746,288501.9718899432,8,7,8,4,4,4,47170.68845953199,48405.72744889627,16.280518776795606,16.77830038103238,40,81,success,19.9566794129787,,
11,Product-mix + seven-factor full factorial design,1136,1137,1,1,2,2,30,60,25,300,300,300,0.5,0.8,full,40,0,73,False,8,300.0,180.0,180.0,60.0,143909.714696822,143324.5964053508,151158.52161691952,6,6,8,3,3,4,585.1182914711826,-7248.80692009753,0.4082469486370296,-4.79550001055723,40,81,success,14.06957735598553,,
11,Product-mix + seven-factor full factorial design,1137,1138,1,1,2,2,30,60,25,300,300,300,0.75,0.8,full,40,0,73,False,8,300.0,180.0,180.0,60.0,161557.1908032843,151158.52161691914,151158.52161691952,8,8,8,4,4,4,10398.66918636515,10398.669186364772,6.87931389850351,6.879313898503242,40,81,success,17.60486485401634,,
11,Product-mix + seven-factor full factorial design,1138,1139,1,1,2,2,30,60,25,300,300,600,0.5,0.8,full,40,0,73,False,8,300.0,180.0,180.0,60.0,279914.91006550327,253123.80165210465,260465.04827149835,10,7,8,4,3,4,26791.10841339861,19449.861794004915,10.5841917032443,7.467359602786765,40,81,success,14.109288592939263,,
11,Product-mix + seven-factor full factorial design,1139,1140,1,1,2,2,30,60,25,300,300,600,0.75,0.8,full,40,0,73,False,8,300.0,180.0,180.0,60.0,281451.24561410205,261921.31317624255,260465.0482714992,10,8,8,4,4,4,19529.93243785948,20986.197342602885,7.456412080798519,8.057202869203259,40,81,success,17.758290365920402,,
11,Product-mix + seven-factor full factorial design,1140,1141,1,1,2,2,30,60,25,600,300,300,0.5,0.8,full,40,0,73,False,8,300.0,180.0,180.0,60.0,232550.4373491248,205101.3250091737,212935.25022074336,8,6,8,4,3,4,27449.11233995107,19615.18712838145,13.383196007496942,9.211808335184992,40,81,success,12.088736144942231,,
11,Product-mix + seven-factor full factorial design,1141,1142,1,1,2,2,30,60,25,600,300,300,0.75,0.8,full,40,0,73,False,8,300.0,180.0,180.0,60.0,232550.4373491248,212935.13138182383,212935.25022074336,8,8,8,4,4,4,19615.30596730096,19615.18712838145,9.211869286204276,9.211808335184992,40,81,success,14.422271257033572,,
11,Product-mix + seven-factor full factorial design,1142,1143,1,1,2,2,30,60,25,600,300,600,0.5,0.8,full,40,0,73,False,8,300.0,180.0,180.0,60.0,335627.6798124514,303454.737333083,320641.78304782684,9,6,8,4,3,4,32172.942479368416,14985.896764624573,10.602221195200594,4.673719258350457,40,81,success,18.750142300035805,,
11,Product-mix + seven-factor full factorial design,1143,1144,1,1,2,2,30,60,25,600,300,600,0.75,0.8,full,40,0,73,False,8,300.0,180.0,180.0,60.0,336080.7717015744,321698.04178006767,320641.78304782684,10,10,8,4,4,4,14382.729921506718,15438.98865374754,4.470878915495428,4.815027070706086,40,81,success,19.20855550793931,,
11,Product-mix + seven-factor full factorial design,1144,1145,1,1,2,2,30,60,25,300,600,300,0.5,0.8,full,40,0,73,False,8,300.0,180.0,180.0,60.0,247926.2368197729,219068.59029530303,219533.2645859738,9,7,8,4,3,4,28857.64652446989,28392.97223379911,13.172881829188738,12.933334858089276,40,81,success,8.762610065052286,,
11,Product-mix + seven-factor full factorial design,1145,1146,1,1,2,2,30,60,25,300,600,300,0.75,0.8,full,40,0,73,False,8,300.0,180.0,180.0,60.0,248669.4462508934,226902.5155068717,219533.2645859738,8,9,8,4,4,4,21766.930744021665,29136.1816649196,9.593075993625312,13.27187554918779,40,81,success,8.568520202999935,,
11,Product-mix + seven-factor full factorial design,1146,1147,1,1,2,2,30,60,25,300,600,600,0.5,0.8,full,40,0,73,False,8,300.0,180.0,180.0,60.0,345447.0815309252,291959.2631930617,327870.6318275757,11,8,8,4,3,4,53487.818337863486,17576.4497033495,18.32030186433715,5.360788066127497,40,81,success,22.026858775061555,,
11,Product-mix + seven-factor full factorial design,1147,1148,1,1,2,2,30,60,25,300,600,600,0.75,0.8,full,40,0,73,False,8,300.0,180.0,180.0,60.0,350325.6372249802,330991.963132077,327870.6318275762,10,9,8,4,4,4,19333.67409290321,22455.00539740402,5.84113097791091,6.84873947759154,40,81,success,17.611430919962004,,
11,Product-mix + seven-factor full factorial design,1148,1149,1,1,2,2,30,60,25,600,600,300,0.5,0.8,full,40,0,73,False,8,300.0,180.0,180.0,60.0,307161.7787989428,268596.4460651655,276368.0871262556,10,6,8,4,3,4,38565.33273377729,30793.691672687244,14.358094940846971,11.142274780307575,40,81,success,11.31692039198242,,
11,Product-mix + seven-factor full factorial design,1149,1150,1,1,2,2,30,60,25,600,600,300,0.75,0.8,full,40,0,73,False,8,300.0,180.0,180.0,60.0,307116.1207103986,288522.8909413442,276368.0871262556,10,9,8,4,4,4,18593.229769054396,30748.033584143035,6.444282361233632,11.125754027488764,40,81,success,14.09191696997732,,
11,Product-mix + seven-factor full factorial design,1150,1151,1,1,2,2,30,60,25,600,600,600,0.5,0.8,full,40,0,73,False,8,300.0,180.0,180.0,60.0,368835.4325219568,359773.36705775943,359773.36705776094,8,8,8,4,4,4,9062.065464197309,9062.065464195795,2.518826098303838,2.518826098303407,40,81,success,13.50913605594542,,
11,Product-mix + seven-factor full factorial design,1151,1152,1,1,2,2,30,60,25,600,600,600,0.75,0.8,full,40,0,73,False,8,300.0,180.0,180.0,60.0,373273.1995310007,359773.3670577586,359773.36705776094,8,8,8,4,4,4,13499.832473242072,13499.832473239743,3.7523156824098063,3.7523156824091353,40,81,success,14.975986554985866,,
11,Product-mix + seven-factor full factorial design,1152,1153,1,0,3,3,15,30,10,300,300,300,0.5,0.8,full,40,0,73,False,8,300.0,180.0,180.0,60.0,91430.17103539393,82230.77552801493,72911.1349112363,9,5,8,4,2,4,9199.395507378998,18519.036124157632,11.18729021866623,25.399462162676716,40,81,success,22.967555230949078,,
11,Product-mix + seven-factor full factorial design,1153,1154,1,0,3,3,15,30,10,300,300,300,0.75,0.8,full,40,0,73,False,8,300.0,180.0,180.0,60.0,91430.1710353942,82230.77552801493,72911.1349112363,9,5,8,4,2,4,9199.39550737926,18519.03612415789,11.187290218666549,25.399462162677068,40,81,success,24.38688740192447,,
11,Product-mix + seven-factor full factorial design,1154,1155,1,0,3,3,15,30,10,300,300,600,0.5,0.8,full,40,0,73,False,8,300.0,180.0,180.0,60.0,178043.2441793491,155254.31030046544,146390.22934448492,11,5,8,4,3,4,22788.93387888366,31653.01483486418,14.678454874959655,21.622354836522888,40,81,success,24.92460472905077,,
11,Product-mix + seven-factor full factorial design,1155,1156,1,0,3,3,15,30,10,300,300,600,0.75,0.8,full,40,0,73,False,8,300.0,180.0,180.0,60.0,178043.2441793491,155254.31030046544,146390.22934448492,11,5,8,4,3,4,22788.93387888366,31653.01483486418,14.678454874959655,21.622354836522888,40,81,success,24.17864853306673,,
11,Product-mix + seven-factor full factorial design,1156,1157,1,0,3,3,15,30,10,600,300,300,0.5,0.8,full,40,0,73,False,8,300.0,180.0,180.0,60.0,129619.32460725064,113119.13982992586,103799.49921314696,9,5,8,4,2,4,16500.184777324772,25819.82539410368,14.586554319748831,24.874710947385203,40,81,success,23.72577611799352,,
11,Product-mix + seven-factor full factorial design,1157,1158,1,0,3,3,15,30,10,600,300,300,0.75,0.8,full,40,0,73,False,8,300.0,180.0,180.0,60.0,129619.32460725064,113119.13982992586,103799.49921314696,9,5,8,4,2,4,16500.184777324772,25819.82539410368,14.586554319748831,24.874710947385203,40,81,success,22.72069080499932,,
11,Product-mix + seven-factor full factorial design,1158,1159,1,0,3,3,15,30,10,600,300,600,0.5,0.8,full,40,0,73,False,8,300.0,180.0,180.0,60.0,211114.5604846109,186142.67460237697,177278.59364639453,9,5,8,4,3,4,24971.88588223394,33835.96683821638,13.415454535386298,19.086324040739328,40,81,success,18.019038663012907,,
11,Product-mix + seven-factor full factorial design,1159,1160,1,0,3,3,15,30,10,600,300,600,0.75,0.8,full,40,0,73,False,8,300.0,180.0,180.0,60.0,211114.5604846109,186142.67460237697,177278.59364639453,9,5,8,4,3,4,24971.88588223394,33835.96683821638,13.415454535386298,19.086324040739328,40,81,success,19.391358874971047,,
11,Product-mix + seven-factor full factorial design,1160,1161,1,0,3,3,15,30,10,300,600,300,0.5,0.8,full,40,0,73,False,8,300.0,180.0,180.0,60.0,91430.1710353942,82230.77552801493,72911.1349112363,9,5,8,4,2,4,9199.39550737926,18519.03612415789,11.187290218666549,25.399462162677068,40,81,success,23.53133300098125,,
11,Product-mix + seven-factor full factorial design,1161,1162,1,0,3,3,15,30,10,300,600,300,0.75,0.8,full,40,0,73,False,8,300.0,180.0,180.0,60.0,91430.1710353942,82230.77552801493,72911.1349112363,9,5,8,4,2,4,9199.39550737926,18519.03612415789,11.187290218666549,25.399462162677068,40,81,success,23.444665982038718,,
11,Product-mix + seven-factor full factorial design,1162,1163,1,0,3,3,15,30,10,300,600,600,0.5,0.8,full,40,0,73,False,8,300.0,180.0,180.0,60.0,178043.2441793491,155254.31030046544,146390.22934448492,11,5,8,4,3,4,22788.93387888366,31653.01483486418,14.678454874959655,21.622354836522888,40,81,success,23.940991154988296,,
11,Product-mix + seven-factor full factorial design,1163,1164,1,0,3,3,15,30,10,300,600,600,0.75,0.8,full,40,0,73,False,8,300.0,180.0,180.0,60.0,178043.2441793491,155254.31030046544,146390.22934448492,11,5,8,4,3,4,22788.93387888366,31653.01483486418,14.678454874959655,21.622354836522888,40,81,success,23.545619603944942,,
11,Product-mix + seven-factor full factorial design,1164,1165,1,0,3,3,15,30,10,600,600,300,0.5,0.8,full,40,0,73,False,8,300.0,180.0,180.0,60.0,129619.32460725064,113119.13982992586,103799.49921314696,9,5,8,4,2,4,16500.184777324772,25819.82539410368,14.586554319748831,24.874710947385203,40,81,success,22.38990988000296,,
11,Product-mix + seven-factor full factorial design,1165,1166,1,0,3,3,15,30,10,600,600,300,0.75,0.8,full,40,0,73,False,8,300.0,180.0,180.0,60.0,129619.32460725064,113119.13982992586,103799.49921314696,9,5,8,4,2,4,16500.184777324772,25819.82539410368,14.586554319748831,24.874710947385203,40,81,success,24.931560313911177,,
11,Product-mix + seven-factor full factorial design,1166,1167,1,0,3,3,15,30,10,600,600,600,0.5,0.8,full,40,0,73,False,8,300.0,180.0,180.0,60.0,211114.5604846109,186142.67460237697,177278.59364639453,9,5,8,4,3,4,24971.88588223394,33835.96683821638,13.415454535386298,19.086324040739328,40,81,success,17.89476461696904,,
11,Product-mix + seven-factor full factorial design,1167,1168,1,0,3,3,15,30,10,600,600,600,0.75,0.8,full,40,0,73,False,8,300.0,180.0,180.0,60.0,211114.5604846109,186142.67460237697,177278.59364639453,9,5,8,4,3,4,24971.88588223394,33835.96683821638,13.415454535386298,19.086324040739328,40,81,success,19.39816967002116,,
11,Product-mix + seven-factor full factorial design,1168,1169,1,0,3,3,30,30,10,300,300,300,0.5,0.8,full,40,0,73,False,8,300.0,180.0,180.0,60.0,132672.796958116,132477.75752762562,129570.04502645438,5,5,8,4,4,4,195.0394304903748,3102.7519316616235,0.1472242843857794,2.394652198375121,40,81,success,3.477235301048495,,
11,Product-mix + seven-factor full factorial design,1169,1170,1,0,3,3,30,30,10,300,300,300,0.75,0.8,full,40,0,73,False,8,300.0,180.0,180.0,60.0,132672.796958116,132477.75752762562,129570.04502645438,5,5,8,4,4,4,195.0394304903748,3102.7519316616235,0.1472242843857794,2.394652198375121,40,81,success,3.448449390940368,,
11,Product-mix + seven-factor full factorial design,1170,1171,1,0,3,3,30,30,10,300,300,600,0.5,0.8,full,40,0,73,False,8,300.0,180.0,180.0,60.0,238351.27637846695,238156.2369479765,238156.2369479752,8,8,8,4,4,4,195.0394304904621,195.03943049180089,0.0818955795531263,0.0818955795536889,40,81,success,14.175378436921164,,
11,Product-mix + seven-factor full factorial design,1171,1172,1,0,3,3,30,30,10,300,300,600,0.75,0.8,full,40,0,73,False,8,300.0,180.0,180.0,60.0,238351.27637846695,238156.2369479765,238156.2369479752,8,8,8,4,4,4,195.0394304904621,195.03943049180089,0.0818955795531263,0.0818955795536889,40,81,success,14.20319292799104,,
11,Product-mix + seven-factor full factorial design,1172,1173,1,0,3,3,30,30,10,600,300,300,0.5,0.8,full,40,0,73,False,8,300.0,180.0,180.0,60.0,196851.5993851913,194230.15061954403,191346.77363027615,6,5,8,4,4,4,2621.4487656473066,5504.82575491516,1.349661088809107,2.876884543426736,40,81,success,11.723890222958287,,
11,Product-mix + seven-factor full factorial design,1173,1174,1,0,3,3,30,30,10,600,300,300,0.75,0.8,full,40,0,73,False,8,300.0,180.0,180.0,60.0,196851.5993851913,194230.15061954403,191346.77363027615,6,5,8,4,4,4,2621.4487656473066,5504.82575491516,1.349661088809107,2.876884543426736,40,81,success,10.194084974005818,,
11,Product-mix + seven-factor full factorial design,1174,1175,1,0,3,3,30,30,10,600,300,600,0.5,0.8,full,40,0,73,False,8,300.0,180.0,180.0,60.0,293606.8783096636,293411.8388791732,290596.41387683066,5,5,8,4,4,4,195.0394304904039,3010.4644328329014,0.0664729246220773,1.035960627548861,40,81,success,4.079510285984725,,
11,Product-mix + seven-factor full factorial design,1175,1176,1,0,3,3,30,30,10,600,300,600,0.75,0.8,full,40,0,73,False,8,300.0,180.0,180.0,60.0,293606.8783096636,293411.8388791732,290596.41387683066,5,5,8,4,4,4,195.0394304904039,3010.4644328329014,0.0664729246220773,1.035960627548861,40,81,success,4.1217023220378906,,
11,Product-mix + seven-factor full factorial design,1176,1177,1,0,3,3,30,30,10,300,600,300,0.5,0.8,full,40,0,73,False,8,300.0,180.0,180.0,60.0,132672.796958116,132477.75752762562,129570.04502645438,5,5,8,4,4,4,195.0394304903748,3102.7519316616235,0.1472242843857794,2.394652198375121,40,81,success,3.31640160700772,,
11,Product-mix + seven-factor full factorial design,1177,1178,1,0,3,3,30,30,10,300,600,300,0.75,0.8,full,40,0,73,False,8,300.0,180.0,180.0,60.0,132672.796958116,132477.75752762562,129570.04502645438,5,5,8,4,4,4,195.0394304903748,3102.7519316616235,0.1472242843857794,2.394652198375121,40,81,success,3.3490201289532706,,
11,Product-mix + seven-factor full factorial design,1178,1179,1,0,3,3,30,30,10,300,600,600,0.5,0.8,full,40,0,73,False,8,300.0,180.0,180.0,60.0,238351.27637846695,238156.2369479765,238156.2369479752,8,8,8,4,4,4,195.0394304904621,195.03943049180089,0.0818955795531263,0.0818955795536889,40,81,success,14.050424103974365,,
11,Product-mix + seven-factor full factorial design,1179,1180,1,0,3,3,30,30,10,300,600,600,0.75,0.8,full,40,0,73,False,8,300.0,180.0,180.0,60.0,238351.27637846695,238156.2369479765,238156.2369479752,8,8,8,4,4,4,195.0394304904621,195.03943049180089,0.0818955795531263,0.0818955795536889,40,81,success,13.519042073981836,,
11,Product-mix + seven-factor full factorial design,1180,1181,1,0,3,3,30,30,10,600,600,300,0.5,0.8,full,40,0,73,False,8,300.0,180.0,180.0,60.0,196851.5993851913,194230.15061954403,191346.77363027615,6,5,8,4,4,4,2621.4487656473066,5504.82575491516,1.349661088809107,2.876884543426736,40,81,success,12.197124188067392,,
11,Product-mix + seven-factor full factorial design,1181,1182,1,0,3,3,30,30,10,600,600,300,0.75,0.8,full,40,0,73,False,8,300.0,180.0,180.0,60.0,196851.5993851913,194230.15061954403,191346.77363027615,6,5,8,4,4,4,2621.4487656473066,5504.82575491516,1.349661088809107,2.876884543426736,40,81,success,12.080441505997442,,
11,Product-mix + seven-factor full factorial design,1182,1183,1,0,3,3,30,30,10,600,600,600,0.5,0.8,full,40,0,73,False,8,300.0,180.0,180.0,60.0,293606.8783096636,293411.8388791732,290596.41387683066,5,5,8,4,4,4,195.0394304904039,3010.4644328329014,0.0664729246220773,1.035960627548861,40,81,success,4.48578940005973,,
11,Product-mix + seven-factor full factorial design,1183,1184,1,0,3,3,30,30,10,600,600,600,0.75,0.8,full,40,0,73,False,8,300.0,180.0,180.0,60.0,293606.8783096636,293411.8388791732,290596.41387683066,5,5,8,4,4,4,195.0394304904039,3010.4644328329014,0.0664729246220773,1.035960627548861,40,81,success,4.231505954056047,,
11,Product-mix + seven-factor full factorial design,1184,1185,1,0,3,3,15,30,25,300,300,300,0.5,0.8,full,40,0,73,False,8,300.0,180.0,180.0,60.0,148730.6163507299,132454.25023783994,130339.12360215664,8,4,8,4,4,4,16276.366112889957,18391.492748573248,12.28829281330232,14.11049287450398,40,81,success,28.55752950895112,,
11,Product-mix + seven-factor full factorial design,1185,1186,1,0,3,3,15,30,25,300,300,300,0.75,0.8,full,40,0,73,False,8,300.0,180.0,180.0,60.0,148730.6163507299,132454.25023783994,130339.12360215664,8,4,8,4,4,4,16276.366112889957,18391.492748573248,12.28829281330232,14.11049287450398,40,81,success,26.56645355699584,,
11,Product-mix + seven-factor full factorial design,1186,1187,1,0,3,3,15,30,25,300,300,600,0.5,0.8,full,40,0,73,False,8,300.0,180.0,180.0,60.0,300225.078161665,262216.4888163152,261332.3642361196,9,7,8,4,4,4,38008.58934534981,38892.7139255454,14.495117952698674,14.882471231311008,40,81,success,30.04767937294673,,
11,Product-mix + seven-factor full factorial design,1187,1188,1,0,3,3,15,30,25,300,300,600,0.75,0.8,full,40,0,73,False,8,300.0,180.0,180.0,60.0,300225.078161665,262216.4888163152,261332.3642361196,9,7,8,4,4,4,38008.58934534981,38892.7139255454,14.495117952698674,14.882471231311008,40,81,success,28.68377722497098,,
11,Product-mix + seven-factor full factorial design,1188,1189,1,0,3,3,15,30,25,600,300,300,0.5,0.8,full,40,0,73,False,8,300.0,180.0,180.0,60.0,186210.2285135281,163342.61453975365,161227.48790407155,8,4,8,4,4,4,22867.61397377445,24982.740609456552,13.999784464212205,15.495335773215665,40,81,success,35.67293100198731,,
11,Product-mix + seven-factor full factorial design,1189,1190,1,0,3,3,15,30,25,600,300,300,0.75,0.8,full,40,0,73,False,8,300.0,180.0,180.0,60.0,186210.2285135281,163342.61453975365,161227.48790407044,8,4,8,4,4,4,22867.61397377445,24982.740609457655,13.999784464212205,15.495335773216452,40,81,success,36.07569600199349,,
11,Product-mix + seven-factor full factorial design,1190,1191,1,0,3,3,15,30,25,600,300,600,0.5,0.8,full,40,0,73,False,8,300.0,180.0,180.0,60.0,325408.2976844589,292999.0309594099,292134.5710282352,8,7,8,4,4,4,32409.266725049005,33273.726656223706,11.061219765446516,11.389862740006814,40,81,success,29.144132743007503,,
11,Product-mix + seven-factor full factorial design,1191,1192,1,0,3,3,15,30,25,600,300,600,0.75,0.8,full,40,0,73,False,8,300.0,180.0,180.0,60.0,325408.2976844589,292999.0309594099,292134.5710282352,8,7,8,4,4,4,32409.266725049005,33273.726656223706,11.061219765446516,11.389862740006814,40,81,success,30.098657546099275,,
11,Product-mix + seven-factor full factorial design,1192,1193,1,0,3,3,15,30,25,300,600,300,0.5,0.8,full,40,0,73,False,8,300.0,180.0,180.0,60.0,148730.6163507299,132454.25023783994,130339.12360215664,8,4,8,4,4,4,16276.366112889957,18391.492748573248,12.28829281330232,14.11049287450398,40,81,success,27.05854783405084,,
11,Product-mix + seven-factor full factorial design,1193,1194,1,0,3,3,15,30,25,300,600,300,0.75,0.8,full,40,0,73,False,8,300.0,180.0,180.0,60.0,148730.6163507299,132454.25023783994,130339.12360215664,8,4,8,4,4,4,16276.366112889957,18391.492748573248,12.28829281330232,14.11049287450398,40,81,success,26.0132439279696,,
11,Product-mix + seven-factor full factorial design,1194,1195,1,0,3,3,15,30,25,300,600,600,0.5,0.8,full,40,0,73,False,8,300.0,180.0,180.0,60.0,300225.078161665,262216.4888163152,261332.3642361196,9,7,8,4,4,4,38008.58934534981,38892.7139255454,14.495117952698674,14.882471231311008,40,81,success,30.798436854965985,,
11,Product-mix + seven-factor full factorial design,1195,1196,1,0,3,3,15,30,25,300,600,600,0.75,0.8,full,40,0,73,False,8,300.0,180.0,180.0,60.0,300225.078161665,262216.4888163152,261332.3642361196,9,7,8,4,4,4,38008.58934534981,38892.7139255454,14.495117952698674,14.882471231311008,40,81,success,30.40475011698436,,
11,Product-mix + seven-factor full factorial design,1196,1197,1,0,3,3,15,30,25,600,600,300,0.5,0.8,full,40,0,73,False,8,300.0,180.0,180.0,60.0,186210.2285135281,163342.61453975365,161227.48790407044,8,4,8,4,4,4,22867.61397377445,24982.740609457655,13.999784464212205,15.495335773216452,40,81,success,36.19633619999513,,
11,Product-mix + seven-factor full factorial design,1197,1198,1,0,3,3,15,30,25,600,600,300,0.75,0.8,full,40,0,73,False,8,300.0,180.0,180.0,60.0,186210.2285135281,163342.61453975365,161227.48790407044,8,4,8,4,4,4,22867.61397377445,24982.740609457655,13.999784464212205,15.495335773216452,40,81,success,35.43926176603418,,
11,Product-mix + seven-factor full factorial design,1198,1199,1,0,3,3,15,30,25,600,600,600,0.5,0.8,full,40,0,73,False,8,300.0,180.0,180.0,60.0,325408.2976844589,292999.0309594099,292134.5710282352,8,7,8,4,4,4,32409.266725049005,33273.726656223706,11.061219765446516,11.389862740006814,40,81,success,28.442666167975403,,
11,Product-mix + seven-factor full factorial design,1199,1200,1,0,3,3,15,30,25,600,600,600,0.75,0.8,full,40,0,73,False,8,300.0,180.0,180.0,60.0,325408.2976844589,292999.0309594099,292134.5710282352,8,7,8,4,4,4,32409.266725049005,33273.726656223706,11.061219765446516,11.389862740006814,40,81,success,31.034854436991736,,
11,Product-mix + seven-factor full factorial design,1200,1201,1,0,3,3,30,30,25,300,300,300,0.5,0.8,full,40,0,73,False,8,300.0,180.0,180.0,60.0,185321.6550240764,184908.4403030346,184316.4882567016,7,6,8,4,4,4,413.21472104178974,1005.166767374816,0.223469907790363,0.5453482631325411,40,81,success,14.03162649704609,,
11,Product-mix + seven-factor full factorial design,1201,1202,1,0,3,3,30,30,25,300,300,300,0.75,0.8,full,40,0,73,False,8,300.0,180.0,180.0,60.0,185321.6550240764,184908.4403030346,184316.4882567016,7,6,8,4,4,4,413.21472104178974,1005.166767374816,0.223469907790363,0.5453482631325411,40,81,success,13.409035810967907,,
11,Product-mix + seven-factor full factorial design,1202,1203,1,0,3,3,30,30,25,300,300,600,0.5,0.8,full,40,0,73,False,8,300.0,180.0,180.0,60.0,349777.2301456828,349582.190715193,349638.90388982644,8,8,8,4,4,4,195.03943048982185,138.32625585637288,0.0557921529385694,0.0395626042518313,40,81,success,25.123447275953367,,
11,Product-mix + seven-factor full factorial design,1203,1204,1,0,3,3,30,30,25,300,300,600,0.75,0.8,full,40,0,73,False,8,300.0,180.0,180.0,60.0,349777.2301456828,349582.190715193,349638.90388982644,8,8,8,4,4,4,195.03943048982185,138.32625585637288,0.0557921529385694,0.0395626042518313,40,81,success,26.103106248076077,,
11,Product-mix + seven-factor full factorial design,1204,1205,1,0,3,3,30,30,25,600,300,300,0.5,0.8,full,40,0,73,False,8,300.0,180.0,180.0,60.0,246673.90965222268,246218.61079575028,246087.34771521413,8,6,8,4,4,4,455.2988564723928,586.5619370085478,0.1849165077330747,0.2383551785390242,40,81,success,22.967807922977958,,
11,Product-mix + seven-factor full factorial design,1205,1206,1,0,3,3,30,30,25,600,300,300,0.75,0.8,full,40,0,73,False,8,300.0,180.0,180.0,60.0,246673.90965222268,246218.61079575028,246087.34771521413,8,6,8,4,4,4,455.2988564723928,586.5619370085478,0.1849165077330747,0.2383551785390242,40,81,success,23.777402539970357,,
11,Product-mix + seven-factor full factorial design,1206,1207,1,0,3,3,30,30,25,600,300,600,0.5,0.8,full,40,0,73,False,8,300.0,180.0,180.0,60.0,400812.8950078847,400070.2177023807,400089.300337325,8,8,8,4,4,4,742.6773055040394,723.5946705596871,0.1856367389128001,0.180858290873964,40,81,success,13.56120152398944,,
11,Product-mix + seven-factor full factorial design,1207,1208,1,0,3,3,30,30,25,600,300,600,0.75,0.8,full,40,0,73,False,8,300.0,180.0,180.0,60.0,400812.8950078847,400070.2177023807,400089.300337325,8,8,8,4,4,4,742.6773055040394,723.5946705596871,0.1856367389128001,0.180858290873964,40,81,success,12.988984394003635,,
11,Product-mix + seven-factor full factorial design,1208,1209,1,0,3,3,30,30,25,300,600,300,0.5,0.8,full,40,0,73,False,8,300.0,180.0,180.0,60.0,185321.6550240764,184908.4403030346,184316.4882567016,7,6,8,4,4,4,413.21472104176064,1005.166767374816,0.2234699077903472,0.5453482631325411,40,81,success,14.202162541099824,,
11,Product-mix + seven-factor full factorial design,1209,1210,1,0,3,3,30,30,25,300,600,300,0.75,0.8,full,40,0,73,False,8,300.0,180.0,180.0,60.0,185321.6550240764,184908.4403030346,184316.4882567016,7,6,8,4,4,4,413.21472104178974,1005.166767374816,0.223469907790363,0.5453482631325411,40,81,success,14.074071399052627,,
11,Product-mix + seven-factor full factorial design,1210,1211,1,0,3,3,30,30,25,300,600,600,0.5,0.8,full,40,0,73,False,8,300.0,180.0,180.0,60.0,349777.2301456828,349582.190715193,349638.90388982644,8,8,8,4,4,4,195.03943048982185,138.32625585637288,0.0557921529385694,0.0395626042518313,40,81,success,24.71733210899401,,
11,Product-mix + seven-factor full factorial design,1211,1212,1,0,3,3,30,30,25,300,600,600,0.75,0.8,full,40,0,73,False,8,300.0,180.0,180.0,60.0,349777.2301456828,349582.190715193,349638.90388982644,8,8,8,4,4,4,195.03943048982185,138.32625585637288,0.0557921529385694,0.0395626042518313,40,81,success,26.807594584068283,,
11,Product-mix + seven-factor full factorial design,1212,1213,1,0,3,3,30,30,25,600,600,300,0.5,0.8,full,40,0,73,False,8,300.0,180.0,180.0,60.0,246673.90965222268,246218.61079575028,246087.34771521413,8,6,8,4,4,4,455.2988564723928,586.5619370085478,0.1849165077330747,0.2383551785390242,40,81,success,23.43616537505295,,
11,Product-mix + seven-factor full factorial design,1213,1214,1,0,3,3,30,30,25,600,600,300,0.75,0.8,full,40,0,73,False,8,300.0,180.0,180.0,60.0,246673.90965222268,246218.61079575028,246087.34771521413,8,6,8,4,4,4,455.2988564723928,586.5619370085478,0.1849165077330747,0.2383551785390242,40,81,success,21.52195047098212,,
11,Product-mix + seven-factor full factorial design,1214,1215,1,0,3,3,30,30,25,600,600,600,0.5,0.8,full,40,0,73,False,8,300.0,180.0,180.0,60.0,400812.8950078847,400070.2177023807,400089.300337325,8,8,8,4,4,4,742.6773055040394,723.5946705596871,0.1856367389128001,0.180858290873964,40,81,success,13.351103872992098,,
11,Product-mix + seven-factor full factorial design,1215,1216,1,0,3,3,30,30,25,600,600,600,0.75,0.8,full,40,0,73,False,8,300.0,180.0,180.0,60.0,400812.8950078847,400070.2177023807,400089.300337325,8,8,8,4,4,4,742.6773055040394,723.5946705596871,0.1856367389128001,0.180858290873964,40,81,success,13.528857388999311,,
11,Product-mix + seven-factor full factorial design,1216,1217,1,0,3,3,15,60,10,300,300,300,0.5,0.8,full,40,0,73,False,8,300.0,180.0,180.0,60.0,91430.1710353942,82230.77552801493,72911.1349112363,9,5,8,4,2,4,9199.39550737926,18519.03612415789,11.187290218666549,25.399462162677068,40,81,success,24.92054459999781,,
11,Product-mix + seven-factor full factorial design,1217,1218,1,0,3,3,15,60,10,300,300,300,0.75,0.8,full,40,0,73,False,8,300.0,180.0,180.0,60.0,91430.17103539393,82230.77552801493,72911.1349112363,9,5,8,4,2,4,9199.395507378998,18519.036124157632,11.18729021866623,25.399462162676716,40,81,success,23.59644678200129,,
11,Product-mix + seven-factor full factorial design,1218,1219,1,0,3,3,15,60,10,300,300,600,0.5,0.8,full,40,0,73,False,8,300.0,180.0,180.0,60.0,178043.2441793491,155254.31030046544,146390.22934448492,11,5,8,4,3,4,22788.93387888366,31653.01483486418,14.678454874959655,21.622354836522888,40,81,success,28.97166718402877,,
11,Product-mix + seven-factor full factorial design,1219,1220,1,0,3,3,15,60,10,300,300,600,0.75,0.8,full,40,0,73,False,8,300.0,180.0,180.0,60.0,178043.2441793491,155254.31030046544,146390.22934448492,11,5,8,4,3,4,22788.93387888366,31653.01483486418,14.678454874959655,21.622354836522888,40,81,success,29.577848515007645,,
11,Product-mix + seven-factor full factorial design,1220,1221,1,0,3,3,15,60,10,600,300,300,0.5,0.8,full,40,0,73,False,8,300.0,180.0,180.0,60.0,129619.32460725064,113119.13982992586,103799.49921314696,9,5,8,4,2,4,16500.184777324772,25819.82539410368,14.586554319748831,24.874710947385203,40,81,success,33.563012327067554,,
11,Product-mix + seven-factor full factorial design,1221,1222,1,0,3,3,15,60,10,600,300,300,0.75,0.8,full,40,0,73,False,8,300.0,180.0,180.0,60.0,129619.32460725064,113119.13982992586,103799.49921314696,9,5,8,4,2,4,16500.184777324772,25819.82539410368,14.586554319748831,24.874710947385203,40,81,success,31.49360516795423,,
11,Product-mix + seven-factor full factorial design,1222,1223,1,0,3,3,15,60,10,600,300,600,0.5,0.8,full,40,0,73,False,8,300.0,180.0,180.0,60.0,211114.5604846109,186142.67460237697,177278.59364639453,9,5,8,4,3,4,24971.88588223394,33835.96683821638,13.415454535386298,19.086324040739328,40,81,success,20.80310969497077,,
11,Product-mix + seven-factor full factorial design,1223,1224,1,0,3,3,15,60,10,600,300,600,0.75,0.8,full,40,0,73,False,8,300.0,180.0,180.0,60.0,211114.5604846109,186142.6746023763,177278.59364639453,9,5,8,4,3,4,24971.88588223461,33835.96683821638,13.415454535386706,19.086324040739328,40,81,success,20.77061342797242,,
11,Product-mix + seven-factor full factorial design,1224,1225,1,0,3,3,15,60,10,300,600,300,0.5,0.8,full,40,0,73,False,8,300.0,180.0,180.0,60.0,91430.1710353942,82230.77552801493,72911.1349112363,9,5,8,4,2,4,9199.39550737926,18519.03612415789,11.187290218666549,25.399462162677068,40,81,success,26.062534808996134,,
11,Product-mix + seven-factor full factorial design,1225,1226,1,0,3,3,15,60,10,300,600,300,0.75,0.8,full,40,0,73,False,8,300.0,180.0,180.0,60.0,91430.1710353942,82230.77552801493,72911.1349112363,9,5,8,4,2,4,9199.39550737926,18519.03612415789,11.187290218666549,25.399462162677068,40,81,success,25.16665492404718,,
11,Product-mix + seven-factor full factorial design,1226,1227,1,0,3,3,15,60,10,300,600,600,0.5,0.8,full,40,0,73,False,8,300.0,180.0,180.0,60.0,178043.2441793491,155254.31030046544,146390.22934448492,11,5,8,4,3,4,22788.93387888366,31653.01483486418,14.678454874959655,21.622354836522888,40,81,success,30.586785591905937,,
11,Product-mix + seven-factor full factorial design,1227,1228,1,0,3,3,15,60,10,300,600,600,0.75,0.8,full,40,0,73,False,8,300.0,180.0,180.0,60.0,178043.2441793491,155254.31030046544,146390.22934448492,11,5,8,4,3,4,22788.93387888366,31653.01483486418,14.678454874959655,21.622354836522888,40,81,success,23.89457809505984,,
11,Product-mix + seven-factor full factorial design,1228,1229,1,0,3,3,15,60,10,600,600,300,0.5,0.8,full,40,0,73,False,8,300.0,180.0,180.0,60.0,129619.32460725064,113119.13982992586,103799.49921314696,9,5,8,4,2,4,16500.184777324772,25819.82539410368,14.586554319748831,24.874710947385203,40,81,success,27.03492266894318,,
11,Product-mix + seven-factor full factorial design,1229,1230,1,0,3,3,15,60,10,600,600,300,0.75,0.8,full,40,0,73,False,8,300.0,180.0,180.0,60.0,129619.32460725064,113119.13982992586,103799.49921314696,9,5,8,4,2,4,16500.184777324772,25819.82539410368,14.586554319748831,24.874710947385203,40,81,success,25.433710723067637,,
11,Product-mix + seven-factor full factorial design,1230,1231,1,0,3,3,15,60,10,600,600,600,0.5,0.8,full,40,0,73,False,8,300.0,180.0,180.0,60.0,211114.5604846109,186142.6746023763,177278.59364639453,9,5,8,4,3,4,24971.88588223461,33835.96683821638,13.415454535386706,19.086324040739328,40,81,success,19.53609680500813,,
11,Product-mix + seven-factor full factorial design,1231,1232,1,0,3,3,15,60,10,600,600,600,0.75,0.8,full,40,0,73,False,8,300.0,180.0,180.0,60.0,211114.5604846109,186142.67460237697,177278.59364639453,9,5,8,4,3,4,24971.88588223394,33835.96683821638,13.415454535386298,19.086324040739328,40,81,success,19.44942317297682,,
11,Product-mix + seven-factor full factorial design,1232,1233,1,0,3,3,30,60,10,300,300,300,0.5,0.8,full,40,0,73,False,8,300.0,180.0,180.0,60.0,132672.796958116,132477.75752762562,129570.04502645438,5,5,8,4,4,4,195.0394304903748,3102.7519316616235,0.1472242843857794,2.394652198375121,40,81,success,3.717107626027428,,
11,Product-mix + seven-factor full factorial design,1233,1234,1,0,3,3,30,60,10,300,300,300,0.75,0.8,full,40,0,73,False,8,300.0,180.0,180.0,60.0,132672.796958116,132477.75752762562,129570.04502645438,5,5,8,4,4,4,195.0394304903748,3102.7519316616235,0.1472242843857794,2.394652198375121,40,81,success,3.598374791094102,,
11,Product-mix + seven-factor full factorial design,1234,1235,1,0,3,3,30,60,10,300,300,600,0.5,0.8,full,40,0,73,False,8,300.0,180.0,180.0,60.0,238351.27637846695,238156.2369479765,238156.2369479752,8,8,8,4,4,4,195.0394304904621,195.03943049180089,0.0818955795531263,0.0818955795536889,40,81,success,14.33428988896776,,
11,Product-mix + seven-factor full factorial design,1235,1236,1,0,3,3,30,60,10,300,300,600,0.75,0.8,full,40,0,73,False,8,300.0,180.0,180.0,60.0,238351.27637846695,238156.2369479765,238156.2369479752,8,8,8,4,4,4,195.0394304904621,195.03943049180089,0.0818955795531263,0.0818955795536889,40,81,success,14.112784984055908,,
11,Product-mix + seven-factor full factorial design,1236,1237,1,0,3,3,30,60,10,600,300,300,0.5,0.8,full,40,0,73,False,8,300.0,180.0,180.0,60.0,196851.5993851913,194230.15061954403,191346.77363027615,6,5,8,4,4,4,2621.4487656473066,5504.82575491516,1.349661088809107,2.876884543426736,40,81,success,10.871127415914088,,
11,Product-mix + seven-factor full factorial design,1237,1238,1,0,3,3,30,60,10,600,300,300,0.75,0.8,full,40,0,73,False,8,300.0,180.0,180.0,60.0,196851.5993851913,194230.15061954403,191346.77363027615,6,5,8,4,4,4,2621.4487656473066,5504.82575491516,1.349661088809107,2.876884543426736,40,81,success,12.278753731050529,,
11,Product-mix + seven-factor full factorial design,1238,1239,1,0,3,3,30,60,10,600,300,600,0.5,0.8,full,40,0,73,False,8,300.0,180.0,180.0,60.0,293606.8783096636,293411.8388791732,290596.41387683066,5,5,8,4,4,4,195.0394304904039,3010.4644328329014,0.0664729246220773,1.035960627548861,40,81,success,4.17483008292038,,
11,Product-mix + seven-factor full factorial design,1239,1240,1,0,3,3,30,60,10,600,300,600,0.75,0.8,full,40,0,73,False,8,300.0,180.0,180.0,60.0,293606.8783096636,293411.8388791732,290596.41387683066,5,5,8,4,4,4,195.0394304904039,3010.4644328329014,0.0664729246220773,1.035960627548861,40,81,success,4.145917543093674,,
11,Product-mix + seven-factor full factorial design,1240,1241,1,0,3,3,30,60,10,300,600,300,0.5,0.8,full,40,0,73,False,8,300.0,180.0,180.0,60.0,132672.796958116,132477.75752762562,129570.04502645438,5,5,8,4,4,4,195.0394304903748,3102.7519316616235,0.1472242843857794,2.394652198375121,40,81,success,3.6877113429363817,,
11,Product-mix + seven-factor full factorial design,1241,1242,1,0,3,3,30,60,10,300,600,300,0.75,0.8,full,40,0,73,False,8,300.0,180.0,180.0,60.0,132672.796958116,132477.75752762562,129570.04502645438,5,5,8,4,4,4,195.0394304903748,3102.7519316616235,0.1472242843857794,2.394652198375121,40,81,success,3.519524942035787,,
11,Product-mix + seven-factor full factorial design,1242,1243,1,0,3,3,30,60,10,300,600,600,0.5,0.8,full,40,0,73,False,8,300.0,180.0,180.0,60.0,238351.2763784661,238156.2369479765,238156.2369479752,8,8,8,4,4,4,195.039430489589,195.03943049092777,0.0818955795527597,0.0818955795533223,40,81,success,14.748055386939086,,
11,Product-mix + seven-factor full factorial design,1243,1244,1,0,3,3,30,60,10,300,600,600,0.75,0.8,full,40,0,73,False,8,300.0,180.0,180.0,60.0,238351.27637846695,238156.2369479765,238156.2369479752,8,8,8,4,4,4,195.0394304904621,195.03943049180089,0.0818955795531263,0.0818955795536889,40,81,success,14.767437038943172,,
11,Product-mix + seven-factor full factorial design,1244,1245,1,0,3,3,30,60,10,600,600,300,0.5,0.8,full,40,0,73,False,8,300.0,180.0,180.0,60.0,196851.5993851913,194230.15061954403,191346.77363027615,6,5,8,4,4,4,2621.4487656473066,5504.82575491516,1.349661088809107,2.876884543426736,40,81,success,11.876064829993991,,
11,Product-mix + seven-factor full factorial design,1245,1246,1,0,3,3,30,60,10,600,600,300,0.75,0.8,full,40,0,73,False,8,300.0,180.0,180.0,60.0,196851.5993851913,194230.15061954423,191346.77363027615,6,5,8,4,4,4,2621.4487656470737,5504.82575491516,1.3496610888089855,2.876884543426736,40,81,success,11.654393239994532,,
11,Product-mix + seven-factor full factorial design,1246,1247,1,0,3,3,30,60,10,600,600,600,0.5,0.8,full,40,0,73,False,8,300.0,180.0,180.0,60.0,293606.8783096636,293411.8388791732,290596.41387683066,5,5,8,4,4,4,195.0394304904039,3010.4644328329014,0.0664729246220773,1.035960627548861,40,81,success,4.693927961983718,,
11,Product-mix + seven-factor full factorial design,1247,1248,1,0,3,3,30,60,10,600,600,600,0.75,0.8,full,40,0,73,False,8,300.0,180.0,180.0,60.0,293606.8783096636,293411.8388791732,290596.4138768331,5,5,8,4,4,4,195.0394304904039,3010.4644328304566,0.0664729246220773,1.035960627548011,40,81,success,4.151060172007419,,
11,Product-mix + seven-factor full factorial design,1248,1249,1,0,3,3,15,60,25,300,300,300,0.5,0.8,full,40,0,73,False,8,300.0,180.0,180.0,60.0,148730.6163507299,132454.25023783994,130339.12360215664,8,4,8,4,4,4,16276.366112889957,18391.492748573248,12.28829281330232,14.11049287450398,40,81,success,27.67241591599304,,
11,Product-mix + seven-factor full factorial design,1249,1250,1,0,3,3,15,60,25,300,300,300,0.75,0.8,full,40,0,73,False,8,300.0,180.0,180.0,60.0,148730.6163507299,132454.25023783994,130339.12360215664,8,4,8,4,4,4,16276.366112889957,18391.492748573248,12.28829281330232,14.11049287450398,40,81,success,29.033447267021984,,
11,Product-mix + seven-factor full factorial design,1250,1251,1,0,3,3,15,60,25,300,300,600,0.5,0.8,full,40,0,73,False,8,300.0,180.0,180.0,60.0,300225.078161665,262216.4888163152,261332.3642361196,9,7,8,4,4,4,38008.58934534981,38892.7139255454,14.495117952698674,14.882471231311008,40,81,success,28.637161725899205,,
11,Product-mix + seven-factor full factorial design,1251,1252,1,0,3,3,15,60,25,300,300,600,0.75,0.8,full,40,0,73,False,8,300.0,180.0,180.0,60.0,300225.078161665,262216.4888163152,261332.3642361196,9,7,8,4,4,4,38008.58934534981,38892.7139255454,14.495117952698674,14.882471231311008,40,81,success,28.953541708062403,,
11,Product-mix + seven-factor full factorial design,1252,1253,1,0,3,3,15,60,25,600,300,300,0.5,0.8,full,40,0,73,False,8,300.0,180.0,180.0,60.0,186210.2285135281,163342.61453975365,161227.48790407044,8,4,8,4,4,4,22867.61397377445,24982.740609457655,13.999784464212205,15.495335773216452,40,81,success,33.93871095601935,,
11,Product-mix + seven-factor full factorial design,1253,1254,1,0,3,3,15,60,25,600,300,300,0.75,0.8,full,40,0,73,False,8,300.0,180.0,180.0,60.0,186210.2285135281,163342.61453975365,161227.48790407044,8,4,8,4,4,4,22867.61397377445,24982.740609457655,13.999784464212205,15.495335773216452,40,81,success,33.4049315090524,,
11,Product-mix + seven-factor full factorial design,1254,1255,1,0,3,3,15,60,25,600,300,600,0.5,0.8,full,40,0,73,False,8,300.0,180.0,180.0,60.0,325408.2976844589,292999.03095940955,292134.5710282352,8,7,8,4,4,4,32409.266725049358,33273.726656223706,11.06121976544665,11.389862740006814,40,81,success,28.686577668064277,,
11,Product-mix + seven-factor full factorial design,1255,1256,1,0,3,3,15,60,25,600,300,600,0.75,0.8,full,40,0,73,False,8,300.0,180.0,180.0,60.0,325408.2976844589,292999.0309594099,292134.5710282352,8,7,8,4,4,4,32409.266725049005,33273.726656223706,11.061219765446516,11.389862740006814,40,81,success,30.74329615198076,,
11,Product-mix + seven-factor full factorial design,1256,1257,1,0,3,3,15,60,25,300,600,300,0.5,0.8,full,40,0,73,False,8,300.0,180.0,180.0,60.0,148730.6163507299,132454.25023783994,130339.12360215664,8,4,8,4,4,4,16276.366112889957,18391.492748573248,12.28829281330232,14.11049287450398,40,81,success,28.1392014430603,,
11,Product-mix + seven-factor full factorial design,1257,1258,1,0,3,3,15,60,25,300,600,300,0.75,0.8,full,40,0,73,False,8,300.0,180.0,180.0,60.0,148730.6163507299,132454.25023783994,130339.12360215664,8,4,8,4,4,4,16276.366112889957,18391.492748573248,12.28829281330232,14.11049287450398,40,81,success,27.315961740911007,,
11,Product-mix + seven-factor full factorial design,1258,1259,1,0,3,3,15,60,25,300,600,600,0.5,0.8,full,40,0,73,False,8,300.0,180.0,180.0,60.0,300225.078161665,262216.4888163152,261332.3642361196,9,7,8,4,4,4,38008.58934534981,38892.7139255454,14.495117952698674,14.882471231311008,40,81,success,28.497540032025427,,
11,Product-mix + seven-factor full factorial design,1259,1260,1,0,3,3,15,60,25,300,600,600,0.75,0.8,full,40,0,73,False,8,300.0,180.0,180.0,60.0,300225.078161665,262216.4888163152,261332.3642361196,9,7,8,4,4,4,38008.58934534981,38892.7139255454,14.495117952698674,14.882471231311008,40,81,success,31.456240481929854,,
11,Product-mix + seven-factor full factorial design,1260,1261,1,0,3,3,15,60,25,600,600,300,0.5,0.8,full,40,0,73,False,8,300.0,180.0,180.0,60.0,186210.2285135281,163342.61453975365,161227.48790407044,8,4,8,4,4,4,22867.61397377445,24982.740609457655,13.999784464212205,15.495335773216452,40,81,success,33.41207995195873,,
11,Product-mix + seven-factor full factorial design,1261,1262,1,0,3,3,15,60,25,600,600,300,0.75,0.8,full,40,0,73,False,8,300.0,180.0,180.0,60.0,186210.2285135281,163342.61453975365,161227.48790407044,8,4,8,4,4,4,22867.61397377445,24982.740609457655,13.999784464212205,15.495335773216452,40,81,success,32.96881025796756,,
11,Product-mix + seven-factor full factorial design,1262,1263,1,0,3,3,15,60,25,600,600,600,0.5,0.8,full,40,0,73,False,8,300.0,180.0,180.0,60.0,325408.2976844589,292999.0309594099,292134.5710282352,8,7,8,4,4,4,32409.266725049005,33273.726656223706,11.061219765446516,11.389862740006814,40,81,success,30.13721822097432,,
11,Product-mix + seven-factor full factorial design,1263,1264,1,0,3,3,15,60,25,600,600,600,0.75,0.8,full,40,0,73,False,8,300.0,180.0,180.0,60.0,325408.2976844589,292999.0309594099,292134.5710282352,8,7,8,4,4,4,32409.266725049005,33273.726656223706,11.061219765446516,11.389862740006814,40,81,success,31.15163973905146,,
11,Product-mix + seven-factor full factorial design,1264,1265,1,0,3,3,30,60,25,300,300,300,0.5,0.8,full,40,0,73,False,8,300.0,180.0,180.0,60.0,185321.6550240764,184908.4403030346,184316.4882567016,7,6,8,4,4,4,413.21472104178974,1005.166767374816,0.223469907790363,0.5453482631325411,40,81,success,14.67197159898933,,
11,Product-mix + seven-factor full factorial design,1265,1266,1,0,3,3,30,60,25,300,300,300,0.75,0.8,full,40,0,73,False,8,300.0,180.0,180.0,60.0,185321.6550240764,184908.4403030346,184316.4882567016,7,6,8,4,4,4,413.21472104178974,1005.166767374816,0.223469907790363,0.5453482631325411,40,81,success,13.96956305403728,,
11,Product-mix + seven-factor full factorial design,1266,1267,1,0,3,3,30,60,25,300,300,600,0.5,0.8,full,40,0,73,False,8,300.0,180.0,180.0,60.0,349777.2301456828,349582.190715193,349638.90388982644,8,8,8,4,4,4,195.03943048982185,138.32625585637288,0.0557921529385694,0.0395626042518313,40,81,success,28.492067400016825,,
11,Product-mix + seven-factor full factorial design,1267,1268,1,0,3,3,30,60,25,300,300,600,0.75,0.8,full,40,0,73,False,8,300.0,180.0,180.0,60.0,349777.2301456828,349582.190715193,349638.90388982644,8,8,8,4,4,4,195.03943048982185,138.32625585637288,0.0557921529385694,0.0395626042518313,40,81,success,28.204942355980165,,
11,Product-mix + seven-factor full factorial design,1268,1269,1,0,3,3,30,60,25,600,300,300,0.5,0.8,full,40,0,73,False,8,300.0,180.0,180.0,60.0,246673.90965222268,246218.61079575028,246087.34771521413,8,6,8,4,4,4,455.2988564723928,586.5619370085478,0.1849165077330747,0.2383551785390242,40,81,success,21.787372173042968,,
11,Product-mix + seven-factor full factorial design,1269,1270,1,0,3,3,30,60,25,600,300,300,0.75,0.8,full,40,0,73,False,8,300.0,180.0,180.0,60.0,246673.90965222268,246218.61079575028,246087.34771521413,8,6,8,4,4,4,455.2988564723928,586.5619370085478,0.1849165077330747,0.2383551785390242,40,81,success,21.90416415897198,,
11,Product-mix + seven-factor full factorial design,1270,1271,1,0,3,3,30,60,25,600,300,600,0.5,0.8,full,40,0,73,False,8,300.0,180.0,180.0,60.0,400812.8950078847,400070.2177023807,400089.300337325,8,8,8,4,4,4,742.6773055040394,723.5946705596871,0.1856367389128001,0.180858290873964,40,81,success,13.22025259095244,,
11,Product-mix + seven-factor full factorial design,1271,1272,1,0,3,3,30,60,25,600,300,600,0.75,0.8,full,40,0,73,False,8,300.0,180.0,180.0,60.0,400812.8950078847,400070.2177023807,400089.300337325,8,8,8,4,4,4,742.6773055040394,723.5946705596871,0.1856367389128001,0.180858290873964,40,81,success,13.531027721008286,,
11,Product-mix + seven-factor full factorial design,1272,1273,1,0,3,3,30,60,25,300,600,300,0.5,0.8,full,40,0,73,False,8,300.0,180.0,180.0,60.0,185321.6550240764,184908.4403030346,184316.4882567016,7,6,8,4,4,4,413.21472104178974,1005.166767374816,0.223469907790363,0.5453482631325411,40,81,success,14.711284923017956,,
11,Product-mix + seven-factor full factorial design,1273,1274,1,0,3,3,30,60,25,300,600,300,0.75,0.8,full,40,0,73,False,8,300.0,180.0,180.0,60.0,185321.6550240764,184908.4403030346,184316.4882567016,7,6,8,4,4,4,413.21472104178974,1005.166767374816,0.223469907790363,0.5453482631325411,40,81,success,14.63010749197565,,
11,Product-mix + seven-factor full factorial design,1274,1275,1,0,3,3,30,60,25,300,600,600,0.5,0.8,full,40,0,73,False,8,300.0,180.0,180.0,60.0,349777.2301456828,349582.190715193,349638.90388982644,8,8,8,4,4,4,195.03943048982185,138.32625585637288,0.0557921529385694,0.0395626042518313,40,81,success,26.84096871002112,,
11,Product-mix + seven-factor full factorial design,1275,1276,1,0,3,3,30,60,25,300,600,600,0.75,0.8,full,40,0,73,False,8,300.0,180.0,180.0,60.0,349777.2301456828,349582.190715193,349638.90388982644,8,8,8,4,4,4,195.03943048982185,138.32625585637288,0.0557921529385694,0.0395626042518313,40,81,success,28.358599224942736,,
11,Product-mix + seven-factor full factorial design,1276,1277,1,0,3,3,30,60,25,600,600,300,0.5,0.8,full,40,0,73,False,8,300.0,180.0,180.0,60.0,246673.90965222268,246218.61079575028,246087.34771521413,8,6,8,4,4,4,455.2988564723928,586.5619370085478,0.1849165077330747,0.2383551785390242,40,81,success,22.93226092401892,,
11,Product-mix + seven-factor full factorial design,1277,1278,1,0,3,3,30,60,25,600,600,300,0.75,0.8,full,40,0,73,False,8,300.0,180.0,180.0,60.0,246673.90965222268,246218.61079575028,246087.34771521413,8,6,8,4,4,4,455.2988564723928,586.5619370085478,0.1849165077330747,0.2383551785390242,40,81,success,23.343478175927885,,
11,Product-mix + seven-factor full factorial design,1278,1279,1,0,3,3,30,60,25,600,600,600,0.5,0.8,full,40,0,73,False,8,300.0,180.0,180.0,60.0,400812.8950078847,400070.2177023807,400089.300337325,8,8,8,4,4,4,742.6773055040394,723.5946705596871,0.1856367389128001,0.180858290873964,40,81,success,13.469060817034917,,
11,Product-mix + seven-factor full factorial design,1279,1280,1,0,3,3,30,60,25,600,600,600,0.75,0.8,full,40,0,73,False,8,300.0,180.0,180.0,60.0,400812.8950078847,400070.2177023807,400089.300337325,8,8,8,4,4,4,742.6773055040394,723.5946705596871,0.1856367389128001,0.180858290873964,40,81,success,12.646239630063064,,
11,Product-mix + seven-factor full factorial design,1280,1281,0,4,0,0,15,30,10,300,300,300,0.5,0.8,full,40,0,73,False,8,300.0,180.0,180.0,60.0,16060.183588549036,-0.0,1233.6148117290577,4,0,8,1,0,4,0.0,14826.56877681998,0.0,1201.8799252287497,40,81,success,2.21147998503875,,
11,Product-mix + seven-factor full factorial design,1281,1282,0,4,0,0,15,30,10,300,300,300,0.75,0.8,full,40,0,73,False,8,300.0,180.0,180.0,60.0,50686.65783001573,-0.0,1233.6148117290577,8,0,8,3,0,4,0.0,49453.04301828667,0.0,4008.791281370264,40,81,success,15.20649848994799,,
11,Product-mix + seven-factor full factorial design,1282,1283,0,4,0,0,15,30,10,300,300,600,0.5,0.8,full,40,0,73,False,8,300.0,180.0,180.0,60.0,16060.183588549036,-0.0,1233.6148117290577,4,0,8,1,0,4,0.0,14826.56877681998,0.0,1201.8799252287497,40,81,success,2.164257353986613,,
11,Product-mix + seven-factor full factorial design,1283,1284,0,4,0,0,15,30,10,300,300,600,0.75,0.8,full,40,0,73,False,8,300.0,180.0,180.0,60.0,50686.65783001573,-0.0,1233.6148117290577,8,0,8,3,0,4,0.0,49453.04301828667,0.0,4008.791281370264,40,81,success,15.378858594922349,,
11,Product-mix + seven-factor full factorial design,1284,1285,0,4,0,0,15,30,10,600,300,300,0.5,0.8,full,40,0,73,False,8,300.0,180.0,180.0,60.0,16060.183588549036,-0.0,1233.6148117290577,4,0,8,1,0,4,0.0,14826.56877681998,0.0,1201.8799252287497,40,81,success,2.2419280250323936,,
11,Product-mix + seven-factor full factorial design,1285,1286,0,4,0,0,15,30,10,600,300,300,0.75,0.8,full,40,0,73,False,8,300.0,180.0,180.0,60.0,50686.65783001573,-0.0,1233.6148117290577,8,0,8,3,0,4,0.0,49453.04301828667,0.0,4008.791281370264,40,81,success,16.395610583014786,,
11,Product-mix + seven-factor full factorial design,1286,1287,0,4,0,0,15,30,10,600,300,600,0.5,0.8,full,40,0,73,False,8,300.0,180.0,180.0,60.0,16060.183588549036,-0.0,1233.6148117290577,4,0,8,1,0,4,0.0,14826.56877681998,0.0,1201.8799252287497,40,81,success,2.187605600920506,,
11,Product-mix + seven-factor full factorial design,1287,1288,0,4,0,0,15,30,10,600,300,600,0.75,0.8,full,40,0,73,False,8,300.0,180.0,180.0,60.0,50686.65783001573,-0.0,1233.6148117290577,8,0,8,3,0,4,0.0,49453.04301828667,0.0,4008.791281370264,40,81,success,16.438069018069655,,
11,Product-mix + seven-factor full factorial design,1288,1289,0,4,0,0,15,30,10,300,600,300,0.5,0.8,full,40,0,73,False,8,300.0,180.0,180.0,60.0,117218.73442516978,33491.239423208244,137923.55344738002,8,4,8,2,1,4,83727.49500196154,-20704.81902221024,249.99819786884729,-15.011807994136008,40,81,success,5.65171924198512,,
11,Product-mix + seven-factor full factorial design,1289,1290,0,4,0,0,15,30,10,300,600,300,0.75,0.8,full,40,0,73,False,8,300.0,180.0,180.0,60.0,235415.62310968767,137896.69195127866,137923.55344738002,9,8,8,4,4,4,97518.93115840902,97492.06966230764,70.71883290199898,70.68558431501143,40,81,success,19.992730646044947,,
11,Product-mix + seven-factor full factorial design,1290,1291,0,4,0,0,15,30,10,300,600,600,0.5,0.8,full,40,0,73,False,8,300.0,180.0,180.0,60.0,117218.73442516978,33491.239423208244,137923.55344738002,8,4,8,2,1,4,83727.49500196154,-20704.81902221024,249.99819786884729,-15.011807994136008,40,81,success,5.047698886948638,,
11,Product-mix + seven-factor full factorial design,1291,1292,0,4,0,0,15,30,10,300,600,600,0.75,0.8,full,40,0,73,False,8,300.0,180.0,180.0,60.0,235415.62310968767,137896.69195127866,137923.55344738002,9,8,8,4,4,4,97518.93115840902,97492.06966230764,70.71883290199898,70.68558431501143,40,81,success,19.261436018976383,,
11,Product-mix + seven-factor full factorial design,1292,1293,0,4,0,0,15,30,10,600,600,300,0.5,0.8,full,40,0,73,False,8,300.0,180.0,180.0,60.0,117218.73442516978,33491.239423208244,137923.55344738002,8,4,8,2,1,4,83727.49500196154,-20704.81902221024,249.99819786884729,-15.011807994136008,40,81,success,5.011675357003696,,
11,Product-mix + seven-factor full factorial design,1293,1294,0,4,0,0,15,30,10,600,600,300,0.75,0.8,full,40,0,73,False,8,300.0,180.0,180.0,60.0,235415.62310968767,137896.69195127866,137923.55344738002,9,8,8,4,4,4,97518.93115840902,97492.06966230764,70.71883290199898,70.68558431501143,40,81,success,19.670247572939843,,
11,Product-mix + seven-factor full factorial design,1294,1295,0,4,0,0,15,30,10,600,600,600,0.5,0.8,full,40,0,73,False,8,300.0,180.0,180.0,60.0,117218.73442516978,33491.239423208244,137923.55344738002,8,4,8,2,1,4,83727.49500196154,-20704.81902221024,249.99819786884729,-15.011807994136008,40,81,success,5.472892869031057,,
11,Product-mix + seven-factor full factorial design,1295,1296,0,4,0,0,15,30,10,600,600,600,0.75,0.8,full,40,0,73,False,8,300.0,180.0,180.0,60.0,235415.62310968767,137896.69195127866,137923.55344738002,9,8,8,4,4,4,97518.93115840902,97492.06966230764,70.71883290199898,70.68558431501143,40,81,success,18.98932773398701,,
11,Product-mix + seven-factor full factorial design,1296,1297,0,4,0,0,30,30,10,300,300,300,0.5,0.8,full,40,0,73,False,8,300.0,180.0,180.0,60.0,16060.183588549036,-0.0,1233.6148117290577,4,0,8,1,0,4,0.0,14826.56877681998,0.0,1201.8799252287497,40,81,success,2.280093823093921,,
11,Product-mix + seven-factor full factorial design,1297,1298,0,4,0,0,30,30,10,300,300,300,0.75,0.8,full,40,0,73,False,8,300.0,180.0,180.0,60.0,50686.65783001573,-0.0,1233.6148117290577,8,0,8,3,0,4,0.0,49453.04301828667,0.0,4008.791281370264,40,81,success,16.08191728394013,,
11,Product-mix + seven-factor full factorial design,1298,1299,0,4,0,0,30,30,10,300,300,600,0.5,0.8,full,40,0,73,False,8,300.0,180.0,180.0,60.0,16060.183588549036,-0.0,1233.6148117290577,4,0,8,1,0,4,0.0,14826.56877681998,0.0,1201.8799252287497,40,81,success,2.2382940840907395,,
11,Product-mix + seven-factor full factorial design,1299,1300,0,4,0,0,30,30,10,300,300,600,0.75,0.8,full,40,0,73,False,8,300.0,180.0,180.0,60.0,50686.65783001573,-0.0,1233.6148117290577,8,0,8,3,0,4,0.0,49453.04301828667,0.0,4008.791281370264,40,81,success,16.594200282008387,,
11,Product-mix + seven-factor full factorial design,1300,1301,0,4,0,0,30,30,10,600,300,300,0.5,0.8,full,40,0,73,False,8,300.0,180.0,180.0,60.0,16060.183588549036,-0.0,1233.6148117290577,4,0,8,1,0,4,0.0,14826.56877681998,0.0,1201.8799252287497,40,81,success,2.22878651402425,,
11,Product-mix + seven-factor full factorial design,1301,1302,0,4,0,0,30,30,10,600,300,300,0.75,0.8,full,40,0,73,False,8,300.0,180.0,180.0,60.0,50686.65783001587,-0.0,1233.6148117290577,8,0,8,3,0,4,0.0,49453.043018286815,0.0,4008.791281370277,40,81,success,16.239851352991536,,
11,Product-mix + seven-factor full factorial design,1302,1303,0,4,0,0,30,30,10,600,300,600,0.5,0.8,full,40,0,73,False,8,300.0,180.0,180.0,60.0,16060.183588549036,-0.0,1233.6148117290577,4,0,8,1,0,4,0.0,14826.56877681998,0.0,1201.8799252287497,40,81,success,2.286343425046653,,
11,Product-mix + seven-factor full factorial design,1303,1304,0,4,0,0,30,30,10,600,300,600,0.75,0.8,full,40,0,73,False,8,300.0,180.0,180.0,60.0,50686.65783001573,-0.0,1233.6148117290577,8,0,8,3,0,4,0.0,49453.04301828667,0.0,4008.791281370264,40,81,success,15.888529737945646,,
11,Product-mix + seven-factor full factorial design,1304,1305,0,4,0,0,30,30,10,300,600,300,0.5,0.8,full,40,0,73,False,8,300.0,180.0,180.0,60.0,117218.73442516978,33491.239423208244,137923.55344738002,8,4,8,2,1,4,83727.49500196154,-20704.81902221024,249.99819786884729,-15.011807994136008,40,81,success,5.385928411968052,,
11,Product-mix + seven-factor full factorial design,1305,1306,0,4,0,0,30,30,10,300,600,300,0.75,0.8,full,40,0,73,False,8,300.0,180.0,180.0,60.0,235415.62310968767,137896.69195127866,137923.55344738002,9,8,8,4,4,4,97518.93115840902,97492.06966230764,70.71883290199898,70.68558431501143,40,81,success,20.95648991502821,,
11,Product-mix + seven-factor full factorial design,1306,1307,0,4,0,0,30,30,10,300,600,600,0.5,0.8,full,40,0,73,False,8,300.0,180.0,180.0,60.0,117218.73442516978,33491.239423208244,137923.55344738002,8,4,8,2,1,4,83727.49500196154,-20704.81902221024,249.99819786884729,-15.011807994136008,40,81,success,5.98316594096832,,
11,Product-mix + seven-factor full factorial design,1307,1308,0,4,0,0,30,30,10,300,600,600,0.75,0.8,full,40,0,73,False,8,300.0,180.0,180.0,60.0,235415.62310968767,137896.69195127866,137923.55344738002,9,8,8,4,4,4,97518.93115840902,97492.06966230764,70.71883290199898,70.68558431501143,40,81,success,19.94111563800834,,
11,Product-mix + seven-factor full factorial design,1308,1309,0,4,0,0,30,30,10,600,600,300,0.5,0.8,full,40,0,73,False,8,300.0,180.0,180.0,60.0,117218.73442516978,33491.239423208244,137923.55344738002,8,4,8,2,1,4,83727.49500196154,-20704.81902221024,249.99819786884729,-15.011807994136008,40,81,success,5.680525158997625,,
11,Product-mix + seven-factor full factorial design,1309,1310,0,4,0,0,30,30,10,600,600,300,0.75,0.8,full,40,0,73,False,8,300.0,180.0,180.0,60.0,235415.62310968767,137896.69195127866,137923.55344738002,9,8,8,4,4,4,97518.93115840902,97492.06966230764,70.71883290199898,70.68558431501143,40,81,success,20.34956081095152,,
11,Product-mix + seven-factor full factorial design,1310,1311,0,4,0,0,30,30,10,600,600,600,0.5,0.8,full,40,0,73,False,8,300.0,180.0,180.0,60.0,117218.73442516978,33491.239423208244,137923.55344738002,8,4,8,2,1,4,83727.49500196154,-20704.81902221024,249.99819786884729,-15.011807994136008,40,81,success,5.661283390014432,,
11,Product-mix + seven-factor full factorial design,1311,1312,0,4,0,0,30,30,10,600,600,600,0.75,0.8,full,40,0,73,False,8,300.0,180.0,180.0,60.0,235415.62310968767,137896.69195127866,137923.55344738002,9,8,8,4,4,4,97518.93115840902,97492.06966230764,70.71883290199898,70.68558431501143,40,81,success,20.369871910079382,,
11,Product-mix + seven-factor full factorial design,1312,1313,0,4,0,0,15,30,25,300,300,300,0.5,0.8,full,40,0,73,False,8,300.0,180.0,180.0,60.0,16060.183588549036,-0.0,1233.6148117290577,4,0,8,1,0,4,0.0,14826.56877681998,0.0,1201.8799252287497,40,81,success,2.1581219820072874,,
11,Product-mix + seven-factor full factorial design,1313,1314,0,4,0,0,15,30,25,300,300,300,0.75,0.8,full,40,0,73,False,8,300.0,180.0,180.0,60.0,50686.65783001573,-0.0,1233.6148117290577,8,0,8,3,0,4,0.0,49453.04301828667,0.0,4008.791281370264,40,81,success,15.214968565967864,,
11,Product-mix + seven-factor full factorial design,1314,1315,0,4,0,0,15,30,25,300,300,600,0.5,0.8,full,40,0,73,False,8,300.0,180.0,180.0,60.0,16060.183588549036,-0.0,1233.6148117290577,4,0,8,1,0,4,0.0,14826.56877681998,0.0,1201.8799252287497,40,81,success,2.1671277879504487,,
11,Product-mix + seven-factor full factorial design,1315,1316,0,4,0,0,15,30,25,300,300,600,0.75,0.8,full,40,0,73,False,8,300.0,180.0,180.0,60.0,50686.65783001573,-0.0,1233.6148117290577,8,0,8,3,0,4,0.0,49453.04301828667,0.0,4008.791281370264,40,81,success,14.95760598394554,,
11,Product-mix + seven-factor full factorial design,1316,1317,0,4,0,0,15,30,25,600,300,300,0.5,0.8,full,40,0,73,False,8,300.0,180.0,180.0,60.0,16060.183588549036,-0.0,1233.6148117290577,4,0,8,1,0,4,0.0,14826.56877681998,0.0,1201.8799252287497,40,81,success,2.136404532007873,,
11,Product-mix + seven-factor full factorial design,1317,1318,0,4,0,0,15,30,25,600,300,300,0.75,0.8,full,40,0,73,False,8,300.0,180.0,180.0,60.0,50686.65783001573,-0.0,1233.6148117290577,8,0,8,3,0,4,0.0,49453.04301828667,0.0,4008.791281370264,40,81,success,15.399062187992968,,
11,Product-mix + seven-factor full factorial design,1318,1319,0,4,0,0,15,30,25,600,300,600,0.5,0.8,full,40,0,73,False,8,300.0,180.0,180.0,60.0,16060.183588549036,-0.0,1233.6148117290577,4,0,8,1,0,4,0.0,14826.56877681998,0.0,1201.8799252287497,40,81,success,2.155910244095139,,
11,Product-mix + seven-factor full factorial design,1319,1320,0,4,0,0,15,30,25,600,300,600,0.75,0.8,full,40,0,73,False,8,300.0,180.0,180.0,60.0,50686.65783001573,-0.0,1233.6148117290577,8,0,8,3,0,4,0.0,49453.04301828667,0.0,4008.791281370264,40,81,success,16.518233273061924,,
11,Product-mix + seven-factor full factorial design,1320,1321,0,4,0,0,15,30,25,300,600,300,0.5,0.8,full,40,0,73,False,8,300.0,180.0,180.0,60.0,117218.73442516978,33491.239423208244,137923.55344738002,8,4,8,2,1,4,83727.49500196154,-20704.81902221024,249.99819786884729,-15.011807994136008,40,81,success,5.75084011501167,,
11,Product-mix + seven-factor full factorial design,1321,1322,0,4,0,0,15,30,25,300,600,300,0.75,0.8,full,40,0,73,False,8,300.0,180.0,180.0,60.0,235415.62310968767,137896.69195127866,137923.55344738002,9,8,8,4,4,4,97518.93115840902,97492.06966230764,70.71883290199898,70.68558431501143,40,81,success,20.45292405202053,,
11,Product-mix + seven-factor full factorial design,1322,1323,0,4,0,0,15,30,25,300,600,600,0.5,0.8,full,40,0,73,False,8,300.0,180.0,180.0,60.0,117218.73442516978,33491.239423208244,137923.55344738002,8,4,8,2,1,4,83727.49500196154,-20704.81902221024,249.99819786884729,-15.011807994136008,40,81,success,4.9401381380157545,,
11,Product-mix + seven-factor full factorial design,1323,1324,0,4,0,0,15,30,25,300,600,600,0.75,0.8,full,40,0,73,False,8,300.0,180.0,180.0,60.0,235415.62310968767,137896.69195127866,137923.55344738002,9,8,8,4,4,4,97518.93115840902,97492.06966230764,70.71883290199898,70.68558431501143,40,81,success,19.77947883598972,,
11,Product-mix + seven-factor full factorial design,1324,1325,0,4,0,0,15,30,25,600,600,300,0.5,0.8,full,40,0,73,False,8,300.0,180.0,180.0,60.0,117218.73442516978,33491.239423208244,137923.55344738002,8,4,8,2,1,4,83727.49500196154,-20704.81902221024,249.99819786884729,-15.011807994136008,40,81,success,4.937024971004576,,
11,Product-mix + seven-factor full factorial design,1325,1326,0,4,0,0,15,30,25,600,600,300,0.75,0.8,full,40,0,73,False,8,300.0,180.0,180.0,60.0,235415.62310968767,137896.69195127866,137923.55344738002,9,8,8,4,4,4,97518.93115840902,97492.06966230764,70.71883290199898,70.68558431501143,40,81,success,19.788455461035483,,
11,Product-mix + seven-factor full factorial design,1326,1327,0,4,0,0,15,30,25,600,600,600,0.5,0.8,full,40,0,73,False,8,300.0,180.0,180.0,60.0,117218.73442516978,33491.239423208244,137923.55344738002,8,4,8,2,1,4,83727.49500196154,-20704.81902221024,249.99819786884729,-15.011807994136008,40,81,success,5.51180228497833,,
11,Product-mix + seven-factor full factorial design,1327,1328,0,4,0,0,15,30,25,600,600,600,0.75,0.8,full,40,0,73,False,8,300.0,180.0,180.0,60.0,235415.62310968767,137896.69195127866,137923.55344738002,9,8,8,4,4,4,97518.93115840902,97492.06966230764,70.71883290199898,70.68558431501143,40,81,success,20.29325788305141,,
11,Product-mix + seven-factor full factorial design,1328,1329,0,4,0,0,30,30,25,300,300,300,0.5,0.8,full,40,0,73,False,8,300.0,180.0,180.0,60.0,16060.183588549036,-0.0,1233.6148117290577,4,0,8,1,0,4,0.0,14826.56877681998,0.0,1201.8799252287497,40,81,success,2.1606685729930177,,
11,Product-mix + seven-factor full factorial design,1329,1330,0,4,0,0,30,30,25,300,300,300,0.75,0.8,full,40,0,73,False,8,300.0,180.0,180.0,60.0,50686.65783001573,-0.0,1233.6148117290577,8,0,8,3,0,4,0.0,49453.04301828667,0.0,4008.791281370264,40,81,success,15.173781512887215,,
11,Product-mix + seven-factor full factorial design,1330,1331,0,4,0,0,30,30,25,300,300,600,0.5,0.8,full,40,0,73,False,8,300.0,180.0,180.0,60.0,16060.183588549036,-0.0,1233.6148117290577,4,0,8,1,0,4,0.0,14826.56877681998,0.0,1201.8799252287497,40,81,success,2.143377399072051,,
11,Product-mix + seven-factor full factorial design,1331,1332,0,4,0,0,30,30,25,300,300,600,0.75,0.8,full,40,0,73,False,8,300.0,180.0,180.0,60.0,50686.65783001573,-0.0,1233.6148117290577,8,0,8,3,0,4,0.0,49453.04301828667,0.0,4008.791281370264,40,81,success,14.89531179901678,,
11,Product-mix + seven-factor full factorial design,1332,1333,0,4,0,0,30,30,25,600,300,300,0.5,0.8,full,40,0,73,False,8,300.0,180.0,180.0,60.0,16060.183588549036,-0.0,1233.6148117290577,4,0,8,1,0,4,0.0,14826.56877681998,0.0,1201.8799252287497,40,81,success,2.136835781042464,,
11,Product-mix + seven-factor full factorial design,1333,1334,0,4,0,0,30,30,25,600,300,300,0.75,0.8,full,40,0,73,False,8,300.0,180.0,180.0,60.0,50686.65783001573,-0.0,1233.6148117290577,8,0,8,3,0,4,0.0,49453.04301828667,0.0,4008.791281370264,40,81,success,15.351770251058042,,
11,Product-mix + seven-factor full factorial design,1334,1335,0,4,0,0,30,30,25,600,300,600,0.5,0.8,full,40,0,73,False,8,300.0,180.0,180.0,60.0,16060.183588549036,-0.0,1233.6148117290577,4,0,8,1,0,4,0.0,14826.56877681998,0.0,1201.8799252287497,40,81,success,2.185460289940238,,
11,Product-mix + seven-factor full factorial design,1335,1336,0,4,0,0,30,30,25,600,300,600,0.75,0.8,full,40,0,73,False,8,300.0,180.0,180.0,60.0,50686.65783001573,-0.0,1233.6148117290577,8,0,8,3,0,4,0.0,49453.04301828667,0.0,4008.791281370264,40,81,success,14.856090637971649,,
11,Product-mix + seven-factor full factorial design,1336,1337,0,4,0,0,30,30,25,300,600,300,0.5,0.8,full,40,0,73,False,8,300.0,180.0,180.0,60.0,117218.73442516978,33491.239423208244,137923.55344738002,8,4,8,2,1,4,83727.49500196154,-20704.81902221024,249.99819786884729,-15.011807994136008,40,81,success,4.9280619519995525,,
11,Product-mix + seven-factor full factorial design,1337,1338,0,4,0,0,30,30,25,300,600,300,0.75,0.8,full,40,0,73,False,8,300.0,180.0,180.0,60.0,235415.62310968767,137896.69195127866,137923.55344738002,9,8,8,4,4,4,97518.93115840902,97492.06966230764,70.71883290199898,70.68558431501143,40,81,success,19.146813616040163,,
11,Product-mix + seven-factor full factorial design,1338,1339,0,4,0,0,30,30,25,300,600,600,0.5,0.8,full,40,0,73,False,8,300.0,180.0,180.0,60.0,117218.73442516978,33491.239423208244,137923.55344738002,8,4,8,2,1,4,83727.49500196154,-20704.81902221024,249.99819786884729,-15.011807994136008,40,81,success,5.450452256016433,,
11,Product-mix + seven-factor full factorial design,1339,1340,0,4,0,0,30,30,25,300,600,600,0.75,0.8,full,40,0,73,False,8,300.0,180.0,180.0,60.0,235415.62310968767,137896.69195127866,137923.55344738002,9,8,8,4,4,4,97518.93115840902,97492.06966230764,70.71883290199898,70.68558431501143,40,81,success,18.881115875090472,,
11,Product-mix + seven-factor full factorial design,1340,1341,0,4,0,0,30,30,25,600,600,300,0.5,0.8,full,40,0,73,False,8,300.0,180.0,180.0,60.0,117218.73442516978,33491.239423208244,137923.55344738002,8,4,8,2,1,4,83727.49500196154,-20704.81902221024,249.99819786884729,-15.011807994136008,40,81,success,5.466525465017185,,
11,Product-mix + seven-factor full factorial design,1341,1342,0,4,0,0,30,30,25,600,600,300,0.75,0.8,full,40,0,73,False,8,300.0,180.0,180.0,60.0,235415.62310968767,137896.69195127866,137923.55344738002,9,8,8,4,4,4,97518.93115840902,97492.06966230764,70.71883290199898,70.68558431501143,40,81,success,19.190353511017747,,
11,Product-mix + seven-factor full factorial design,1342,1343,0,4,0,0,30,30,25,600,600,600,0.5,0.8,full,40,0,73,False,8,300.0,180.0,180.0,60.0,117218.73442516978,33491.239423208244,137923.55344738002,8,4,8,2,1,4,83727.49500196154,-20704.81902221024,249.99819786884729,-15.011807994136008,40,81,success,5.607622460927814,,
11,Product-mix + seven-factor full factorial design,1343,1344,0,4,0,0,30,30,25,600,600,600,0.75,0.8,full,40,0,73,False,8,300.0,180.0,180.0,60.0,235415.62310968767,137896.69195127866,137923.55344738002,9,8,8,4,4,4,97518.93115840902,97492.06966230764,70.71883290199898,70.68558431501143,40,81,success,19.651885960018262,,
11,Product-mix + seven-factor full factorial design,1344,1345,0,4,0,0,15,60,10,300,300,300,0.5,0.8,full,40,0,73,False,8,300.0,180.0,180.0,60.0,32051.670631657573,-0.0,2945.955305669515,8,0,8,2,0,4,0.0,29105.715325988054,0.0,987.9890326229278,40,81,success,2.164258806966245,,
11,Product-mix + seven-factor full factorial design,1345,1346,0,4,0,0,15,60,10,300,300,300,0.75,0.8,full,40,0,73,False,8,300.0,180.0,180.0,60.0,68668.23093353314,-0.0,2945.955305669515,10,0,8,4,0,4,0.0,65722.27562786362,0.0,2230.9325433885765,40,81,success,3.775936921010725,,
11,Product-mix + seven-factor full factorial design,1346,1347,0,4,0,0,15,60,10,300,300,600,0.5,0.8,full,40,0,73,False,8,300.0,180.0,180.0,60.0,32051.670631657573,-0.0,2945.955305669515,8,0,8,2,0,4,0.0,29105.715325988054,0.0,987.9890326229278,40,81,success,2.126751414034516,,
11,Product-mix + seven-factor full factorial design,1347,1348,0,4,0,0,15,60,10,300,300,600,0.75,0.8,full,40,0,73,False,8,300.0,180.0,180.0,60.0,68668.23093353314,-0.0,2945.955305669515,10,0,8,4,0,4,0.0,65722.27562786362,0.0,2230.9325433885765,40,81,success,3.4944425839930773,,
11,Product-mix + seven-factor full factorial design,1348,1349,0,4,0,0,15,60,10,600,300,300,0.5,0.8,full,40,0,73,False,8,300.0,180.0,180.0,60.0,32051.670631657573,-0.0,2945.955305669515,8,0,8,2,0,4,0.0,29105.715325988054,0.0,987.9890326229278,40,81,success,2.182199881062843,,
11,Product-mix + seven-factor full factorial design,1349,1350,0,4,0,0,15,60,10,600,300,300,0.75,0.8,full,40,0,73,False,8,300.0,180.0,180.0,60.0,68668.23093353314,-0.0,2945.955305669515,10,0,8,4,0,4,0.0,65722.27562786362,0.0,2230.9325433885765,40,81,success,3.554108288022689,,
11,Product-mix + seven-factor full factorial design,1350,1351,0,4,0,0,15,60,10,600,300,600,0.5,0.8,full,40,0,73,False,8,300.0,180.0,180.0,60.0,32051.670631657573,-0.0,2945.955305669515,8,0,8,2,0,4,0.0,29105.715325988054,0.0,987.9890326229278,40,81,success,2.125150950043462,,
11,Product-mix + seven-factor full factorial design,1351,1352,0,4,0,0,15,60,10,600,300,600,0.75,0.8,full,40,0,73,False,8,300.0,180.0,180.0,60.0,68668.23093353314,-0.0,2945.955305669515,10,0,8,4,0,4,0.0,65722.27562786362,0.0,2230.9325433885765,40,81,success,3.360506579047069,,
11,Product-mix + seven-factor full factorial design,1352,1353,0,4,0,0,15,60,10,300,600,300,0.5,0.8,full,40,0,73,False,8,300.0,180.0,180.0,60.0,241943.78433321443,66710.46998093312,141348.23443526094,12,8,8,4,2,4,175233.31435228133,100595.54989795352,262.67737943139315,71.16859315567001,40,81,success,4.727765042916872,,
11,Product-mix + seven-factor full factorial design,1353,1354,0,4,0,0,15,60,10,300,600,300,0.75,0.8,full,40,0,73,False,8,300.0,180.0,180.0,60.0,247983.38257506688,139348.2344352611,141348.23443526094,10,10,8,4,4,4,108635.14813980577,106635.14813980594,77.95947223879314,75.441443301965,40,81,success,5.019608383066952,,
11,Product-mix + seven-factor full factorial design,1354,1355,0,4,0,0,15,60,10,300,600,600,0.5,0.8,full,40,0,73,False,8,300.0,180.0,180.0,60.0,241943.78433321443,66710.46998093312,141348.23443526094,12,8,8,4,2,4,175233.31435228133,100595.54989795352,262.67737943139315,71.16859315567001,40,81,success,4.53210069402121,,
11,Product-mix + seven-factor full factorial design,1355,1356,0,4,0,0,15,60,10,300,600,600,0.75,0.8,full,40,0,73,False,8,300.0,180.0,180.0,60.0,247983.3825750668,139348.2344352611,141348.23443526094,10,10,8,4,4,4,108635.14813980563,106635.14813980582,77.95947223879305,75.44144330196491,40,81,success,4.546818476053886,,
11,Product-mix + seven-factor full factorial design,1356,1357,0,4,0,0,15,60,10,600,600,300,0.5,0.8,full,40,0,73,False,8,300.0,180.0,180.0,60.0,241943.78433321443,66710.46998093312,141348.23443526094,12,8,8,4,2,4,175233.31435228133,100595.54989795352,262.67737943139315,71.16859315567001,40,81,success,4.400683715008199,,
11,Product-mix + seven-factor full factorial design,1357,1358,0,4,0,0,15,60,10,600,600,300,0.75,0.8,full,40,0,73,False,8,300.0,180.0,180.0,60.0,247983.38257506688,139348.2344352611,141348.23443526094,10,10,8,4,4,4,108635.14813980577,106635.14813980594,77.95947223879314,75.441443301965,40,81,success,4.950289650005288,,
11,Product-mix + seven-factor full factorial design,1358,1359,0,4,0,0,15,60,10,600,600,600,0.5,0.8,full,40,0,73,False,8,300.0,180.0,180.0,60.0,241943.78433321443,66710.46998093312,141348.23443526094,12,8,8,4,2,4,175233.31435228133,100595.54989795352,262.67737943139315,71.16859315567001,40,81,success,4.328291286015883,,
11,Product-mix + seven-factor full factorial design,1359,1360,0,4,0,0,15,60,10,600,600,600,0.75,0.8,full,40,0,73,False,8,300.0,180.0,180.0,60.0,247983.38257506688,139348.2344352611,141348.23443526094,10,10,8,4,4,4,108635.14813980577,106635.14813980594,77.95947223879314,75.441443301965,40,81,success,4.616377093014307,,
11,Product-mix + seven-factor full factorial design,1360,1361,0,4,0,0,30,60,10,300,300,300,0.5,0.8,full,40,0,73,False,8,300.0,180.0,180.0,60.0,32051.670631657573,-0.0,2945.955305669515,8,0,8,2,0,4,0.0,29105.715325988054,0.0,987.9890326229278,40,81,success,2.062644061050378,,
11,Product-mix + seven-factor full factorial design,1361,1362,0,4,0,0,30,60,10,300,300,300,0.75,0.8,full,40,0,73,False,8,300.0,180.0,180.0,60.0,68668.23093353314,-0.0,2945.955305669515,10,0,8,4,0,4,0.0,65722.27562786362,0.0,2230.9325433885765,40,81,success,3.354700798052363,,
11,Product-mix + seven-factor full factorial design,1362,1363,0,4,0,0,30,60,10,300,300,600,0.5,0.8,full,40,0,73,False,8,300.0,180.0,180.0,60.0,32051.670631657573,-0.0,2945.955305669515,8,0,8,2,0,4,0.0,29105.715325988054,0.0,987.9890326229278,40,81,success,2.1232645839918405,,
11,Product-mix + seven-factor full factorial design,1363,1364,0,4,0,0,30,60,10,300,300,600,0.75,0.8,full,40,0,73,False,8,300.0,180.0,180.0,60.0,68668.23093353314,-0.0,2945.955305669515,10,0,8,4,0,4,0.0,65722.27562786362,0.0,2230.9325433885765,40,81,success,3.636811826028861,,
11,Product-mix + seven-factor full factorial design,1364,1365,0,4,0,0,30,60,10,600,300,300,0.5,0.8,full,40,0,73,False,8,300.0,180.0,180.0,60.0,32051.670631657573,-0.0,2945.955305669515,8,0,8,2,0,4,0.0,29105.715325988054,0.0,987.9890326229278,40,81,success,2.113206129986793,,
11,Product-mix + seven-factor full factorial design,1365,1366,0,4,0,0,30,60,10,600,300,300,0.75,0.8,full,40,0,73,False,8,300.0,180.0,180.0,60.0,68668.23093353314,-0.0,2945.955305669515,10,0,8,4,0,4,0.0,65722.27562786362,0.0,2230.9325433885765,40,81,success,3.6758932400261983,,
11,Product-mix + seven-factor full factorial design,1366,1367,0,4,0,0,30,60,10,600,300,600,0.5,0.8,full,40,0,73,False,8,300.0,180.0,180.0,60.0,32051.670631657573,-0.0,2945.955305669515,8,0,8,2,0,4,0.0,29105.715325988054,0.0,987.9890326229278,40,81,success,2.2437600429402664,,
11,Product-mix + seven-factor full factorial design,1367,1368,0,4,0,0,30,60,10,600,300,600,0.75,0.8,full,40,0,73,False,8,300.0,180.0,180.0,60.0,68668.23093353314,-0.0,2945.955305669515,10,0,8,4,0,4,0.0,65722.27562786362,0.0,2230.9325433885765,40,81,success,3.5893736929865554,,
11,Product-mix + seven-factor full factorial design,1368,1369,0,4,0,0,30,60,10,300,600,300,0.5,0.8,full,40,0,73,False,8,300.0,180.0,180.0,60.0,241943.78433321437,66710.46998093312,141348.23443526094,12,8,8,4,2,4,175233.31435228122,100595.5498979534,262.677379431393,71.16859315566994,40,81,success,4.765375007991679,,
11,Product-mix + seven-factor full factorial design,1369,1370,0,4,0,0,30,60,10,300,600,300,0.75,0.8,full,40,0,73,False,8,300.0,180.0,180.0,60.0,247983.3825750668,139348.2344352611,141348.23443526094,10,10,8,4,4,4,108635.14813980563,106635.14813980582,77.95947223879305,75.44144330196491,40,81,success,4.921040316927247,,
11,Product-mix + seven-factor full factorial design,1370,1371,0,4,0,0,30,60,10,300,600,600,0.5,0.8,full,40,0,73,False,8,300.0,180.0,180.0,60.0,241943.78433321443,66710.46998093312,141348.23443526094,12,8,8,4,2,4,175233.31435228133,100595.54989795352,262.67737943139315,71.16859315567001,40,81,success,4.355253977933899,,
11,Product-mix + seven-factor full factorial design,1371,1372,0,4,0,0,30,60,10,300,600,600,0.75,0.8,full,40,0,73,False,8,300.0,180.0,180.0,60.0,247983.38257506688,139348.2344352611,141348.23443526094,10,10,8,4,4,4,108635.14813980577,106635.14813980594,77.95947223879314,75.441443301965,40,81,success,4.592966397991404,,
11,Product-mix + seven-factor full factorial design,1372,1373,0,4,0,0,30,60,10,600,600,300,0.5,0.8,full,40,0,73,False,8,300.0,180.0,180.0,60.0,241943.78433321443,66710.46998093312,141348.23443526094,12,8,8,4,2,4,175233.31435228133,100595.54989795352,262.67737943139315,71.16859315567001,40,81,success,4.29204170498997,,
11,Product-mix + seven-factor full factorial design,1373,1374,0,4,0,0,30,60,10,600,600,300,0.75,0.8,full,40,0,73,False,8,300.0,180.0,180.0,60.0,247983.38257506688,139348.2344352611,141348.23443526094,10,10,8,4,4,4,108635.14813980577,106635.14813980594,77.95947223879314,75.441443301965,40,81,success,4.599116869037971,,
11,Product-mix + seven-factor full factorial design,1374,1375,0,4,0,0,30,60,10,600,600,600,0.5,0.8,full,40,0,73,False,8,300.0,180.0,180.0,60.0,241943.78433321443,66710.46998093312,141348.23443526094,12,8,8,4,2,4,175233.31435228133,100595.54989795352,262.67737943139315,71.16859315567001,40,81,success,4.3891781399725005,,
11,Product-mix + seven-factor full factorial design,1375,1376,0,4,0,0,30,60,10,600,600,600,0.75,0.8,full,40,0,73,False,8,300.0,180.0,180.0,60.0,247983.38257506688,139348.2344352611,141348.23443526094,10,10,8,4,4,4,108635.14813980577,106635.14813980594,77.95947223879314,75.441443301965,40,81,success,4.412958462024108,,
11,Product-mix + seven-factor full factorial design,1376,1377,0,4,0,0,15,60,25,300,300,300,0.5,0.8,full,40,0,73,False,8,300.0,180.0,180.0,60.0,32051.670631657573,-0.0,2945.955305669515,8,0,8,2,0,4,0.0,29105.715325988054,0.0,987.9890326229278,40,81,success,2.072521258960478,,
11,Product-mix + seven-factor full factorial design,1377,1378,0,4,0,0,15,60,25,300,300,300,0.75,0.8,full,40,0,73,False,8,300.0,180.0,180.0,60.0,68668.23093353314,-0.0,2945.955305669515,10,0,8,4,0,4,0.0,65722.27562786362,0.0,2230.9325433885765,40,81,success,3.363073850981891,,
11,Product-mix + seven-factor full factorial design,1378,1379,0,4,0,0,15,60,25,300,300,600,0.5,0.8,full,40,0,73,False,8,300.0,180.0,180.0,60.0,32051.670631657573,-0.0,2945.955305669515,8,0,8,2,0,4,0.0,29105.715325988054,0.0,987.9890326229278,40,81,success,2.098759372951463,,
11,Product-mix + seven-factor full factorial design,1379,1380,0,4,0,0,15,60,25,300,300,600,0.75,0.8,full,40,0,73,False,8,300.0,180.0,180.0,60.0,68668.23093353314,-0.0,2945.955305669515,10,0,8,4,0,4,0.0,65722.27562786362,0.0,2230.9325433885765,40,81,success,3.764600310008973,,
11,Product-mix + seven-factor full factorial design,1380,1381,0,4,0,0,15,60,25,600,300,300,0.5,0.8,full,40,0,73,False,8,300.0,180.0,180.0,60.0,32051.670631657573,-0.0,2945.955305669515,8,0,8,2,0,4,0.0,29105.715325988054,0.0,987.9890326229278,40,81,success,2.113415358937345,,
11,Product-mix + seven-factor full factorial design,1381,1382,0,4,0,0,15,60,25,600,300,300,0.75,0.8,full,40,0,73,False,8,300.0,180.0,180.0,60.0,68668.23093353314,-0.0,2945.955305669515,10,0,8,4,0,4,0.0,65722.27562786362,0.0,2230.9325433885765,40,81,success,3.688186864019372,,
11,Product-mix + seven-factor full factorial design,1382,1383,0,4,0,0,15,60,25,600,300,600,0.5,0.8,full,40,0,73,False,8,300.0,180.0,180.0,60.0,32051.670631657573,-0.0,2945.955305669515,8,0,8,2,0,4,0.0,29105.715325988054,0.0,987.9890326229278,40,81,success,2.0822703620651737,,
11,Product-mix + seven-factor full factorial design,1383,1384,0,4,0,0,15,60,25,600,300,600,0.75,0.8,full,40,0,73,False,8,300.0,180.0,180.0,60.0,68668.23093353314,-0.0,2945.955305669515,10,0,8,4,0,4,0.0,65722.27562786362,0.0,2230.9325433885765,40,81,success,3.9806418099906296,,
11,Product-mix + seven-factor full factorial design,1384,1385,0,4,0,0,15,60,25,300,600,300,0.5,0.8,full,40,0,73,False,8,300.0,180.0,180.0,60.0,241943.78433321443,66710.46998093312,141348.23443526094,12,8,8,4,2,4,175233.31435228133,100595.54989795352,262.67737943139315,71.16859315567001,40,81,success,4.440941981971264,,
11,Product-mix + seven-factor full factorial design,1385,1386,0,4,0,0,15,60,25,300,600,300,0.75,0.8,full,40,0,73,False,8,300.0,180.0,180.0,60.0,247983.38257506688,139348.2344352611,141348.23443526094,10,10,8,4,4,4,108635.14813980577,106635.14813980594,77.95947223879314,75.441443301965,40,81,success,4.9689451329177245,,
11,Product-mix + seven-factor full factorial design,1386,1387,0,4,0,0,15,60,25,300,600,600,0.5,0.8,full,40,0,73,False,8,300.0,180.0,180.0,60.0,241943.78433321443,66710.46998093312,141348.23443526094,12,8,8,4,2,4,175233.31435228133,100595.54989795352,262.67737943139315,71.16859315567001,40,81,success,5.469502920052037,,
11,Product-mix + seven-factor full factorial design,1387,1388,0,4,0,0,15,60,25,300,600,600,0.75,0.8,full,40,0,73,False,8,300.0,180.0,180.0,60.0,247983.38257506688,139348.2344352611,141348.23443526094,10,10,8,4,4,4,108635.14813980577,106635.14813980594,77.95947223879314,75.441443301965,40,81,success,4.770295682013966,,
11,Product-mix + seven-factor full factorial design,1388,1389,0,4,0,0,15,60,25,600,600,300,0.5,0.8,full,40,0,73,False,8,300.0,180.0,180.0,60.0,241943.78433321443,66710.46998093312,141348.23443526094,12,8,8,4,2,4,175233.31435228133,100595.54989795352,262.67737943139315,71.16859315567001,40,81,success,5.090729336021468,,
11,Product-mix + seven-factor full factorial design,1389,1390,0,4,0,0,15,60,25,600,600,300,0.75,0.8,full,40,0,73,False,8,300.0,180.0,180.0,60.0,247983.38257506688,139348.2344352611,141348.23443526094,10,10,8,4,4,4,108635.14813980577,106635.14813980594,77.95947223879314,75.441443301965,40,81,success,5.174007628927939,,
11,Product-mix + seven-factor full factorial design,1390,1391,0,4,0,0,15,60,25,600,600,600,0.5,0.8,full,40,0,73,False,8,300.0,180.0,180.0,60.0,241943.78433321443,66710.46998093312,141348.23443526094,12,8,8,4,2,4,175233.31435228133,100595.54989795352,262.67737943139315,71.16859315567001,40,81,success,4.721392993000336,,
11,Product-mix + seven-factor full factorial design,1391,1392,0,4,0,0,15,60,25,600,600,600,0.75,0.8,full,40,0,73,False,8,300.0,180.0,180.0,60.0,247983.38257506688,139348.2344352611,141348.23443526094,10,10,8,4,4,4,108635.14813980577,106635.14813980594,77.95947223879314,75.441443301965,40,81,success,4.419306006049737,,
11,Product-mix + seven-factor full factorial design,1392,1393,0,4,0,0,30,60,25,300,300,300,0.5,0.8,full,40,0,73,False,8,300.0,180.0,180.0,60.0,32051.670631657573,-0.0,2945.955305669515,8,0,8,2,0,4,0.0,29105.715325988054,0.0,987.9890326229278,40,81,success,2.115553847979754,,
11,Product-mix + seven-factor full factorial design,1393,1394,0,4,0,0,30,60,25,300,300,300,0.75,0.8,full,40,0,73,False,8,300.0,180.0,180.0,60.0,68668.23093353314,-0.0,2945.955305669515,10,0,8,4,0,4,0.0,65722.27562786362,0.0,2230.9325433885765,40,81,success,3.507503106957301,,
11,Product-mix + seven-factor full factorial design,1394,1395,0,4,0,0,30,60,25,300,300,600,0.5,0.8,full,40,0,73,False,8,300.0,180.0,180.0,60.0,32051.670631657573,-0.0,2945.955305669515,8,0,8,2,0,4,0.0,29105.715325988054,0.0,987.9890326229278,40,81,success,2.07655968295876,,
11,Product-mix + seven-factor full factorial design,1395,1396,0,4,0,0,30,60,25,300,300,600,0.75,0.8,full,40,0,73,False,8,300.0,180.0,180.0,60.0,68668.23093353314,-0.0,2945.955305669515,10,0,8,4,0,4,0.0,65722.27562786362,0.0,2230.9325433885765,40,81,success,3.515007351990789,,
11,Product-mix + seven-factor full factorial design,1396,1397,0,4,0,0,30,60,25,600,300,300,0.5,0.8,full,40,0,73,False,8,300.0,180.0,180.0,60.0,32051.670631657573,-0.0,2945.955305669515,8,0,8,2,0,4,0.0,29105.715325988054,0.0,987.9890326229278,40,81,success,2.1195991820422933,,
11,Product-mix + seven-factor full factorial design,1397,1398,0,4,0,0,30,60,25,600,300,300,0.75,0.8,full,40,0,73,False,8,300.0,180.0,180.0,60.0,68668.23093353308,-0.0,2945.955305669515,10,0,8,4,0,4,0.0,65722.27562786356,0.0,2230.9325433885747,40,81,success,3.534776520915329,,
11,Product-mix + seven-factor full factorial design,1398,1399,0,4,0,0,30,60,25,600,300,600,0.5,0.8,full,40,0,73,False,8,300.0,180.0,180.0,60.0,32051.670631657573,-0.0,2945.955305669515,8,0,8,2,0,4,0.0,29105.715325988054,0.0,987.9890326229278,40,81,success,2.182041016989388,,
11,Product-mix + seven-factor full factorial design,1399,1400,0,4,0,0,30,60,25,600,300,600,0.75,0.8,full,40,0,73,False,8,300.0,180.0,180.0,60.0,68668.23093353314,-0.0,2945.955305669515,10,0,8,4,0,4,0.0,65722.27562786362,0.0,2230.9325433885765,40,81,success,3.3405169480247423,,
11,Product-mix + seven-factor full factorial design,1400,1401,0,4,0,0,30,60,25,300,600,300,0.5,0.8,full,40,0,73,False,8,300.0,180.0,180.0,60.0,241943.78433321437,66710.46998093312,141348.23443526094,12,8,8,4,2,4,175233.31435228122,100595.5498979534,262.677379431393,71.16859315566994,40,81,success,5.13818943197839,,
11,Product-mix + seven-factor full factorial design,1401,1402,0,4,0,0,30,60,25,300,600,300,0.75,0.8,full,40,0,73,False,8,300.0,180.0,180.0,60.0,247983.38257506688,139348.2344352611,141348.23443526094,10,10,8,4,4,4,108635.14813980577,106635.14813980594,77.95947223879314,75.441443301965,40,81,success,5.449445737991482,,
11,Product-mix + seven-factor full factorial design,1402,1403,0,4,0,0,30,60,25,300,600,600,0.5,0.8,full,40,0,73,False,8,300.0,180.0,180.0,60.0,241943.78433321443,66710.46998093312,141348.23443526094,12,8,8,4,2,4,175233.31435228133,100595.54989795352,262.67737943139315,71.16859315567001,40,81,success,5.008825364988297,,
11,Product-mix + seven-factor full factorial design,1403,1404,0,4,0,0,30,60,25,300,600,600,0.75,0.8,full,40,0,73,False,8,300.0,180.0,180.0,60.0,247983.38257506688,139348.2344352611,141348.23443526094,10,10,8,4,4,4,108635.14813980577,106635.14813980594,77.95947223879314,75.441443301965,40,81,success,5.082798886927776,,
11,Product-mix + seven-factor full factorial design,1404,1405,0,4,0,0,30,60,25,600,600,300,0.5,0.8,full,40,0,73,False,8,300.0,180.0,180.0,60.0,241943.78433321437,66710.46998093312,141348.23443526094,12,8,8,4,2,4,175233.31435228122,100595.5498979534,262.677379431393,71.16859315566994,40,81,success,4.314172966056503,,
11,Product-mix + seven-factor full factorial design,1405,1406,0,4,0,0,30,60,25,600,600,300,0.75,0.8,full,40,0,73,False,8,300.0,180.0,180.0,60.0,247983.38257506688,139348.2344352611,141348.23443526094,10,10,8,4,4,4,108635.14813980577,106635.14813980594,77.95947223879314,75.441443301965,40,81,success,5.054148291004822,,
11,Product-mix + seven-factor full factorial design,1406,1407,0,4,0,0,30,60,25,600,600,600,0.5,0.8,full,40,0,73,False,8,300.0,180.0,180.0,60.0,241943.78433321443,66710.46998093312,141348.23443526094,12,8,8,4,2,4,175233.31435228133,100595.54989795352,262.67737943139315,71.16859315567001,40,81,success,4.305028036935255,,
11,Product-mix + seven-factor full factorial design,1407,1408,0,4,0,0,30,60,25,600,600,600,0.75,0.8,full,40,0,73,False,8,300.0,180.0,180.0,60.0,247983.38257506688,139348.2344352611,141348.23443526094,10,10,8,4,4,4,108635.14813980577,106635.14813980594,77.95947223879314,75.441443301965,40,81,success,4.7347324470756575,,
11,Product-mix + seven-factor full factorial design,1408,1409,0,3,1,1,15,30,10,300,300,300,0.5,0.8,full,40,0,73,False,8,300.0,180.0,180.0,60.0,36992.87700105127,36407.7587095799,27943.706862213352,4,4,8,1,1,4,585.1182914713645,9049.170138837915,1.607125272771607,32.38357095376842,40,81,success,2.579621360986493,,
11,Product-mix + seven-factor full factorial design,1409,1410,0,3,1,1,15,30,10,300,300,300,0.75,0.8,full,40,0,73,False,8,300.0,180.0,180.0,60.0,69695.19874213228,36407.7587095799,27943.70686221324,8,4,8,3,1,4,33287.44003255238,41751.49187991905,91.4295227511314,149.4128609557429,40,81,success,9.098641488933936,,
11,Product-mix + seven-factor full factorial design,1410,1411,0,3,1,1,15,30,10,300,300,600,0.5,0.8,full,40,0,73,False,8,300.0,180.0,180.0,60.0,81180.52497613599,60900.79018732958,52436.738339962525,8,4,8,2,1,4,20279.73478880641,28743.786636173463,33.29962505646702,54.81612233358069,40,81,success,3.6570870489813383,,
11,Product-mix + seven-factor full factorial design,1411,1412,0,3,1,1,15,30,10,300,300,600,0.75,0.8,full,40,0,73,False,8,300.0,180.0,180.0,60.0,98987.38124340375,60900.79018732958,52436.738339962525,8,4,8,3,1,4,38086.59105607419,46550.64290344124,62.538746934022726,88.77486353487505,40,81,success,9.53728136594873,,
11,Product-mix + seven-factor full factorial design,1412,1413,0,3,1,1,15,30,10,600,300,300,0.5,0.8,full,40,0,73,False,8,300.0,180.0,180.0,60.0,36992.87700105127,36407.7587095799,27943.70686221324,4,4,8,1,1,4,585.1182914713645,9049.170138838032,1.607125272771607,32.38357095376897,40,81,success,2.704676092020236,,
11,Product-mix + seven-factor full factorial design,1413,1414,0,3,1,1,15,30,10,600,300,300,0.75,0.8,full,40,0,73,False,8,300.0,180.0,180.0,60.0,69695.1987421324,36407.7587095799,27943.70686221324,8,4,8,3,1,4,33287.4400325525,41751.491879919166,91.42952275113171,149.4128609557433,40,81,success,8.537225630949251,,
11,Product-mix + seven-factor full factorial design,1414,1415,0,3,1,1,15,30,10,600,300,600,0.5,0.8,full,40,0,73,False,8,300.0,180.0,180.0,60.0,81180.52497613599,60900.79018732958,52436.738339962525,8,4,8,2,1,4,20279.73478880641,28743.786636173463,33.29962505646702,54.81612233358069,40,81,success,3.8486692589940494,,
11,Product-mix + seven-factor full factorial design,1415,1416,0,3,1,1,15,30,10,600,300,600,0.75,0.8,full,40,0,73,False,8,300.0,180.0,180.0,60.0,98987.38124340375,60900.79018732958,52436.738339962525,8,4,8,3,1,4,38086.59105607419,46550.64290344124,62.538746934022726,88.77486353487505,40,81,success,9.585390717023984,,
11,Product-mix + seven-factor full factorial design,1416,1417,0,3,1,1,15,30,10,300,600,300,0.5,0.8,full,40,0,73,False,8,300.0,180.0,180.0,60.0,127961.34468852937,70977.23254571659,142152.49260885228,8,4,8,2,1,4,56984.112142812766,-14191.147920322925,80.28505775582217,-9.98304543232413,40,81,success,4.25626039004419,,
11,Product-mix + seven-factor full factorial design,1417,1418,0,3,1,1,15,30,10,300,600,300,0.75,0.8,full,40,0,73,False,8,300.0,180.0,180.0,60.0,216551.8670429882,140129.259614956,142152.49260885228,10,7,8,4,3,4,76422.60742803218,74399.37443413591,54.537223444999626,52.33772061869764,40,81,success,24.028462574002333,,
11,Product-mix + seven-factor full factorial design,1418,1419,0,3,1,1,15,30,10,300,600,600,0.5,0.8,full,40,0,73,False,8,300.0,180.0,180.0,60.0,139772.5147202447,82679.59837514028,165343.73754834838,8,4,8,2,1,4,57092.91634510443,-25571.222828103662,69.0532095790524,-15.465492196598223,40,81,success,7.798659514053725,,
11,Product-mix + seven-factor full factorial design,1419,1420,0,3,1,1,15,30,10,300,600,600,0.75,0.8,full,40,0,73,False,8,300.0,180.0,180.0,60.0,238527.52883527803,153442.26295216117,165343.73754834838,9,7,8,4,3,4,85085.26588311687,73183.79128692966,55.45099781905848,44.261604565174345,40,81,success,17.32536154706031,,
11,Product-mix + seven-factor full factorial design,1420,1421,0,3,1,1,15,30,10,600,600,300,0.5,0.8,full,40,0,73,False,8,300.0,180.0,180.0,60.0,127961.34468852937,70977.23254571659,142152.49260885228,8,4,8,2,1,4,56984.112142812766,-14191.147920322925,80.28505775582217,-9.98304543232413,40,81,success,4.226430441951379,,
11,Product-mix + seven-factor full factorial design,1421,1422,0,3,1,1,15,30,10,600,600,300,0.75,0.8,full,40,0,73,False,8,300.0,180.0,180.0,60.0,216551.8670429882,140129.259614956,142152.49260885228,10,7,8,4,3,4,76422.60742803218,74399.37443413591,54.537223444999626,52.33772061869764,40,81,success,22.95275129599031,,
11,Product-mix + seven-factor full factorial design,1422,1423,0,3,1,1,15,30,10,600,600,600,0.5,0.8,full,40,0,73,False,8,300.0,180.0,180.0,60.0,139772.5147202447,82679.59837514028,165343.73754834838,8,4,8,2,1,4,57092.91634510443,-25571.222828103662,69.0532095790524,-15.465492196598223,40,81,success,6.945245218113996,,
11,Product-mix + seven-factor full factorial design,1423,1424,0,3,1,1,15,30,10,600,600,600,0.75,0.8,full,40,0,73,False,8,300.0,180.0,180.0,60.0,238527.52883527803,153442.26295216117,165343.73754834838,9,7,8,4,3,4,85085.26588311687,73183.79128692966,55.45099781905848,44.261604565174345,40,81,success,17.33362098003272,,
11,Product-mix + seven-factor full factorial design,1424,1425,0,3,1,1,30,30,10,300,300,300,0.5,0.8,full,40,0,73,False,8,300.0,180.0,180.0,60.0,46260.23281469727,45675.11452322595,39646.07269163712,4,4,8,1,1,4,585.1182914713208,6614.160123060152,1.2810439504728253,16.683014669584995,40,81,success,3.138498335960321,,
11,Product-mix + seven-factor full factorial design,1425,1426,0,3,1,1,30,30,10,300,300,300,0.75,0.8,full,40,0,73,False,8,300.0,180.0,180.0,60.0,78962.55455577816,45675.11452322595,39646.07269163712,8,4,8,3,1,4,33287.44003255221,39316.48186414104,72.87872264803065,99.168667146278,40,81,success,11.86668019706849,,
11,Product-mix + seven-factor full factorial design,1426,1427,0,3,1,1,30,30,10,300,300,600,0.5,0.8,full,40,0,73,False,8,300.0,180.0,180.0,60.0,99715.23660342816,79435.50181462178,75841.4699988107,8,4,8,2,1,4,20279.7347888064,23873.76660461747,25.529812647414392,31.47851248794603,40,81,success,5.342248395900242,,
11,Product-mix + seven-factor full factorial design,1427,1428,0,3,1,1,30,30,10,300,300,600,0.75,0.8,full,40,0,73,False,8,300.0,180.0,180.0,60.0,117522.09287069668,79435.50181462178,75841.4699988107,8,4,8,3,1,4,38086.5910560749,41680.62287188598,47.94656065112724,54.95756196779886,40,81,success,12.349888159078546,,
11,Product-mix + seven-factor full factorial design,1428,1429,0,3,1,1,30,30,10,600,300,300,0.5,0.8,full,40,0,73,False,8,300.0,180.0,180.0,60.0,46260.23281469727,45675.11452322595,39646.072691637295,4,4,8,1,1,4,585.1182914713208,6614.160123059977,1.2810439504728253,16.68301466958448,40,81,success,3.1232512739952654,,
11,Product-mix + seven-factor full factorial design,1429,1430,0,3,1,1,30,30,10,600,300,300,0.75,0.8,full,40,0,73,False,8,300.0,180.0,180.0,60.0,78962.55455577816,45675.11452322595,39646.072691637295,8,4,8,3,1,4,33287.44003255221,39316.481864140864,72.87872264803065,99.16866714627712,40,81,success,10.749159355997108,,
11,Product-mix + seven-factor full factorial design,1430,1431,0,3,1,1,30,30,10,600,300,600,0.5,0.8,full,40,0,73,False,8,300.0,180.0,180.0,60.0,99715.23660342816,79435.50181462178,75841.4699988107,8,4,8,2,1,4,20279.7347888064,23873.76660461747,25.529812647414392,31.47851248794603,40,81,success,4.872756832977757,,
11,Product-mix + seven-factor full factorial design,1431,1432,0,3,1,1,30,30,10,600,300,600,0.75,0.8,full,40,0,73,False,8,300.0,180.0,180.0,60.0,117522.09287069668,79435.50181462178,75841.46999881105,8,4,8,3,1,4,38086.5910560749,41680.62287188563,47.94656065112724,54.95756196779815,40,81,success,11.143200870021246,,
11,Product-mix + seven-factor full factorial design,1432,1433,0,3,1,1,30,30,10,300,600,300,0.5,0.8,full,40,0,73,False,8,300.0,180.0,180.0,60.0,137228.70050217526,80244.58835936262,153854.8584382767,8,4,8,2,1,4,56984.11214281264,-16626.15793610143,71.01302817782347,-10.806391234483826,40,81,success,4.740509591065347,,
11,Product-mix + seven-factor full factorial design,1433,1434,0,3,1,1,30,30,10,300,600,300,0.75,0.8,full,40,0,73,False,8,300.0,180.0,180.0,60.0,225819.22285663424,151128.58765594216,153854.8584382767,10,8,8,4,3,4,74690.63520069208,71964.36441835755,49.4219104136221,46.77419039531217,40,81,success,22.13080347306095,,
11,Product-mix + seven-factor full factorial design,1434,1435,0,3,1,1,30,30,10,300,600,600,0.5,0.8,full,40,0,73,False,8,300.0,180.0,180.0,60.0,158307.22634753663,101214.31000243238,188748.46920719612,8,4,8,2,1,4,57092.916345104255,-30441.242859659516,56.40794897849148,-16.127941586770188,40,81,success,6.888278461992741,,
11,Product-mix + seven-factor full factorial design,1435,1436,0,3,1,1,30,30,10,300,600,600,0.75,0.8,full,40,0,73,False,8,300.0,180.0,180.0,60.0,257062.2404625702,175866.76748125243,188748.46920719612,9,8,8,4,3,4,81195.47298131775,68313.77125537404,46.168741339931245,36.19302002411659,40,81,success,17.65715113899205,,
11,Product-mix + seven-factor full factorial design,1436,1437,0,3,1,1,30,30,10,600,600,300,0.5,0.8,full,40,0,73,False,8,300.0,180.0,180.0,60.0,137228.70050217526,80244.58835936262,153854.8584382767,8,4,8,2,1,4,56984.11214281264,-16626.15793610143,71.01302817782347,-10.806391234483826,40,81,success,4.892425555037335,,
11,Product-mix + seven-factor full factorial design,1437,1438,0,3,1,1,30,30,10,600,600,300,0.75,0.8,full,40,0,73,False,8,300.0,180.0,180.0,60.0,225819.22285663424,151128.58765594216,153854.8584382767,10,8,8,4,3,4,74690.63520069208,71964.36441835755,49.4219104136221,46.77419039531217,40,81,success,20.772707976051606,,
11,Product-mix + seven-factor full factorial design,1438,1439,0,3,1,1,30,30,10,600,600,600,0.5,0.8,full,40,0,73,False,8,300.0,180.0,180.0,60.0,158307.22634753663,101214.31000243238,188748.46920719612,8,4,8,2,1,4,57092.916345104255,-30441.242859659516,56.40794897849148,-16.127941586770188,40,81,success,7.491959903971292,,
11,Product-mix + seven-factor full factorial design,1439,1440,0,3,1,1,30,30,10,600,600,600,0.75,0.8,full,40,0,73,False,8,300.0,180.0,180.0,60.0,257062.2404625702,175866.76748125243,188748.46920719612,9,8,8,4,3,4,81195.47298131775,68313.77125537404,46.168741339931245,36.19302002411659,40,81,success,17.135396222933196,,
11,Product-mix + seven-factor full factorial design,1440,1441,0,3,1,1,15,30,25,300,300,300,0.5,0.8,full,40,0,73,False,8,300.0,180.0,180.0,60.0,54203.72362139966,38407.75870957987,38073.37413214182,5,2,8,2,1,4,15795.964911819785,16130.349489257838,41.12701558885775,42.36648276371302,40,81,success,4.739232570049353,,
11,Product-mix + seven-factor full factorial design,1441,1442,0,3,1,1,15,30,25,300,300,300,0.75,0.8,full,40,0,73,False,8,300.0,180.0,180.0,60.0,72654.07811438962,38407.75870957989,38073.37413214182,7,2,8,3,1,4,34246.31940480973,34580.7039822478,89.16510766421736,90.8264759047308,40,81,success,19.85606673802249,,
11,Product-mix + seven-factor full factorial design,1442,1443,0,3,1,1,15,30,25,300,300,600,0.5,0.8,full,40,0,73,False,8,300.0,180.0,180.0,60.0,107312.41194595734,81495.78642984435,81751.88654346557,7,2,8,2,1,4,25816.625516113,25560.525402491767,31.678478909258995,31.265976215609204,40,81,success,5.9389949849573895,,
11,Product-mix + seven-factor full factorial design,1443,1444,0,3,1,1,15,30,25,300,300,600,0.75,0.8,full,40,0,73,False,8,300.0,180.0,180.0,60.0,126018.67521562526,81495.78642984435,81751.88654346557,8,2,8,3,1,4,44522.88878578092,44266.78867215969,54.63213588853265,54.14772740274815,40,81,success,15.996308789937755,,
11,Product-mix + seven-factor full factorial design,1444,1445,0,3,1,1,15,30,25,600,300,300,0.5,0.8,full,40,0,73,False,8,300.0,180.0,180.0,60.0,54203.72362139966,38407.75870957987,38073.37413214182,5,2,8,2,1,4,15795.964911819785,16130.349489257838,41.12701558885775,42.36648276371302,40,81,success,4.844338666996919,,
11,Product-mix + seven-factor full factorial design,1445,1446,0,3,1,1,15,30,25,600,300,300,0.75,0.8,full,40,0,73,False,8,300.0,180.0,180.0,60.0,72654.07811438962,38407.75870957989,38073.37413214182,7,2,8,3,1,4,34246.31940480973,34580.7039822478,89.16510766421736,90.8264759047308,40,81,success,20.07041962305084,,
11,Product-mix + seven-factor full factorial design,1446,1447,0,3,1,1,15,30,25,600,300,600,0.5,0.8,full,40,0,73,False,8,300.0,180.0,180.0,60.0,107312.41194595734,81495.78642984435,81751.88654346557,7,2,8,2,1,4,25816.625516113,25560.525402491767,31.678478909258995,31.265976215609204,40,81,success,5.323701099958271,,
11,Product-mix + seven-factor full factorial design,1447,1448,0,3,1,1,15,30,25,600,300,600,0.75,0.8,full,40,0,73,False,8,300.0,180.0,180.0,60.0,126018.6752156256,81495.78642984435,81751.88654346557,8,2,8,3,1,4,44522.88878578127,44266.78867216004,54.632135888533085,54.14772740274858,40,81,success,17.736088954028673,,
11,Product-mix + seven-factor full factorial design,1448,1449,0,3,1,1,15,30,25,300,600,300,0.5,0.8,full,40,0,73,False,8,300.0,180.0,180.0,60.0,137893.42455295165,70977.23254571659,150666.7592494559,8,4,8,2,1,4,66916.19200723506,-12773.334696504258,94.27838985428772,-8.477871801407574,40,81,success,9.3148678150028,,
11,Product-mix + seven-factor full factorial design,1449,1450,0,3,1,1,15,30,25,300,600,300,0.75,0.8,full,40,0,73,False,8,300.0,180.0,180.0,60.0,224874.15337974756,139697.24454962127,150666.7592494559,10,8,8,4,3,4,85176.90883012625,74207.39413029162,60.972504579266,49.25266495407122,40,81,success,30.559782691998407,,
11,Product-mix + seven-factor full factorial design,1450,1451,0,3,1,1,15,30,25,300,600,600,0.5,0.8,full,40,0,73,False,8,300.0,180.0,180.0,60.0,203500.29619204448,118042.49611317489,185603.07208820555,8,6,8,3,2,4,85457.8000788696,17897.224103838933,72.39579210264728,9.642741309439913,40,81,success,9.991741061094215,,
11,Product-mix + seven-factor full factorial design,1451,1452,0,3,1,1,15,30,25,300,600,600,0.75,0.8,full,40,0,73,False,8,300.0,180.0,180.0,60.0,257536.60406640964,185561.1502441811,185603.07208820555,10,8,8,4,4,4,71975.45382222853,71933.53197820409,38.787997232996005,38.7566494287436,40,81,success,20.560823648935184,,
11,Product-mix + seven-factor full factorial design,1452,1453,0,3,1,1,15,30,25,600,600,300,0.5,0.8,full,40,0,73,False,8,300.0,180.0,180.0,60.0,137893.42455295165,70977.23254571659,150666.7592494559,8,4,8,2,1,4,66916.19200723506,-12773.334696504258,94.27838985428772,-8.477871801407574,40,81,success,9.92011534597259,,
11,Product-mix + seven-factor full factorial design,1453,1454,0,3,1,1,15,30,25,600,600,300,0.75,0.8,full,40,0,73,False,8,300.0,180.0,180.0,60.0,224874.15337974756,139697.24454962127,150666.7592494559,10,8,8,4,3,4,85176.90883012625,74207.39413029162,60.972504579266,49.25266495407122,40,81,success,30.67135870398488,,
11,Product-mix + seven-factor full factorial design,1454,1455,0,3,1,1,15,30,25,600,600,600,0.5,0.8,full,40,0,73,False,8,300.0,180.0,180.0,60.0,203500.29619204448,118042.49611317489,185603.07208820555,8,6,8,3,2,4,85457.8000788696,17897.224103838933,72.39579210264728,9.642741309439913,40,81,success,10.371139516006224,,
11,Product-mix + seven-factor full factorial design,1455,1456,0,3,1,1,15,30,25,600,600,600,0.75,0.8,full,40,0,73,False,8,300.0,180.0,180.0,60.0,257536.60406640964,185561.1502441811,185603.07208820555,10,8,8,4,4,4,71975.45382222853,71933.53197820409,38.787997232996005,38.7566494287436,40,81,success,22.812608056003228,,
11,Product-mix + seven-factor full factorial design,1456,1457,0,3,1,1,30,30,25,300,300,300,0.5,0.8,full,40,0,73,False,8,300.0,180.0,180.0,60.0,63471.07943504584,47675.11452322596,49775.739961565705,5,2,8,2,1,4,15795.96491181988,13695.339473480131,33.132515925314735,27.51408514279241,40,81,success,5.782481273985468,,
11,Product-mix + seven-factor full factorial design,1457,1458,0,3,1,1,30,30,25,300,300,300,0.75,0.8,full,40,0,73,False,8,300.0,180.0,180.0,60.0,81921.43392803572,47675.11452322597,49775.739961565705,7,2,8,3,1,4,34246.31940480975,32145.69396647002,71.83269457722206,64.58104689411205,40,81,success,24.406353225000203,,
11,Product-mix + seven-factor full factorial design,1458,1459,0,3,1,1,30,30,25,300,300,600,0.5,0.8,full,40,0,73,False,8,300.0,180.0,180.0,60.0,125847.12357324988,100030.49805713634,105156.61820231313,7,2,8,2,1,4,25816.62551611353,20690.505370936764,25.80875434746647,19.675894608107168,40,81,success,7.346162648987956,,
11,Product-mix + seven-factor full factorial design,1459,1460,0,3,1,1,30,30,25,300,300,600,0.75,0.8,full,40,0,73,False,8,300.0,180.0,180.0,60.0,144553.38684291745,105169.09511953755,105156.61820231313,8,5,8,3,2,4,39384.29172337989,39396.768640604336,37.44854101731581,37.46484939712309,40,81,success,19.32043054397218,,
11,Product-mix + seven-factor full factorial design,1460,1461,0,3,1,1,30,30,25,600,300,300,0.5,0.8,full,40,0,73,False,8,300.0,180.0,180.0,60.0,63471.07943504584,47675.11452322596,49775.739961565705,5,2,8,2,1,4,15795.96491181988,13695.339473480131,33.132515925314735,27.51408514279241,40,81,success,5.758265058975667,,
11,Product-mix + seven-factor full factorial design,1461,1462,0,3,1,1,30,30,25,600,300,300,0.75,0.8,full,40,0,73,False,8,300.0,180.0,180.0,60.0,81921.43392803572,47675.11452322597,49775.739961565705,7,2,8,3,1,4,34246.31940480975,32145.69396647002,71.83269457722206,64.58104689411205,40,81,success,23.863399527035654,,
11,Product-mix + seven-factor full factorial design,1462,1463,0,3,1,1,30,30,25,600,300,600,0.5,0.8,full,40,0,73,False,8,300.0,180.0,180.0,60.0,125847.12357324988,100030.49805713634,105156.61820231313,7,2,8,2,1,4,25816.62551611353,20690.505370936764,25.80875434746647,19.675894608107168,40,81,success,7.368530894047581,,
11,Product-mix + seven-factor full factorial design,1463,1464,0,3,1,1,30,30,25,600,300,600,0.75,0.8,full,40,0,73,False,8,300.0,180.0,180.0,60.0,144553.38684291745,105169.09511953755,105156.61820231313,8,5,8,3,2,4,39384.29172337989,39396.768640604336,37.44854101731581,37.46484939712309,40,81,success,19.390759191010147,,
11,Product-mix + seven-factor full factorial design,1464,1465,0,3,1,1,30,30,25,300,600,300,0.5,0.8,full,40,0,73,False,8,300.0,180.0,180.0,60.0,137259.73231800378,80244.58835936262,162369.12507888034,8,4,8,2,1,4,57015.14395864116,-25109.39276087657,71.0516997150112,-15.46438877999632,40,81,success,8.992927921004593,,
11,Product-mix + seven-factor full factorial design,1465,1466,0,3,1,1,30,30,25,300,600,300,0.75,0.8,full,40,0,73,False,8,300.0,180.0,180.0,60.0,234141.50919339404,151399.61037904443,162369.12507888034,10,8,8,4,3,4,82741.89881434961,71772.3841145137,54.6513287631301,44.20322156669012,40,81,success,26.640398345072757,,
11,Product-mix + seven-factor full factorial design,1466,1467,0,3,1,1,30,30,25,300,600,600,0.5,0.8,full,40,0,73,False,8,300.0,180.0,180.0,60.0,222035.00781933623,141447.22777202335,209007.8037470533,8,6,8,3,2,4,80587.78004731287,13027.204072282912,56.9737430112096,6.232879269928492,40,81,success,12.060616872040557,,
11,Product-mix + seven-factor full factorial design,1467,1468,0,3,1,1,30,30,25,300,600,600,0.75,0.8,full,40,0,73,False,8,300.0,180.0,180.0,60.0,276071.3156937007,208965.88190303036,209007.8037470533,10,8,8,4,4,4,67105.43379067036,67063.51194664737,32.113105345020074,32.086606693312454,40,81,success,20.707563310978003,,
11,Product-mix + seven-factor full factorial design,1468,1469,0,3,1,1,30,30,25,600,600,300,0.5,0.8,full,40,0,73,False,8,300.0,180.0,180.0,60.0,137259.73231800378,80244.58835936262,162369.12507888034,8,4,8,2,1,4,57015.14395864116,-25109.39276087657,71.0516997150112,-15.46438877999632,40,81,success,8.620906476979144,,
11,Product-mix + seven-factor full factorial design,1469,1470,0,3,1,1,30,30,25,600,600,300,0.75,0.8,full,40,0,73,False,8,300.0,180.0,180.0,60.0,234141.50919339404,151399.61037904443,162369.12507888034,10,8,8,4,3,4,82741.89881434961,71772.3841145137,54.6513287631301,44.20322156669012,40,81,success,25.979415887966752,,
11,Product-mix + seven-factor full factorial design,1470,1471,0,3,1,1,30,30,25,600,600,600,0.5,0.8,full,40,0,73,False,8,300.0,180.0,180.0,60.0,222035.00781933655,141447.22777202335,209007.8037470533,8,6,8,3,2,4,80587.78004731322,13027.20407228326,56.97374301120984,6.232879269928659,40,81,success,12.894104187027551,,
11,Product-mix + seven-factor full factorial design,1471,1472,0,3,1,1,30,30,25,600,600,600,0.75,0.8,full,40,0,73,False,8,300.0,180.0,180.0,60.0,276071.3156937007,208965.88190303036,209007.8037470533,10,8,8,4,4,4,67105.43379067036,67063.51194664737,32.113105345020074,32.086606693312454,40,81,success,21.35335932194721,,
11,Product-mix + seven-factor full factorial design,1472,1473,0,3,1,1,15,60,10,300,300,300,0.5,0.8,full,40,0,73,False,8,300.0,180.0,180.0,60.0,51845.00195260422,36407.75870957997,40648.32113509352,8,4,8,2,1,4,15437.243243024255,11196.680817510707,42.40097108466679,27.54524788440552,40,81,success,3.53114656789694,,
11,Product-mix + seven-factor full factorial design,1473,1474,0,3,1,1,15,60,10,300,300,300,0.75,0.8,full,40,0,73,False,8,300.0,180.0,180.0,60.0,90562.00864101418,36407.75870957997,40648.32113509352,9,4,8,4,1,4,54154.24993143421,49913.687505920665,148.74370697580076,122.7939706046751,40,81,success,6.148221725015901,,
11,Product-mix + seven-factor full factorial design,1474,1475,0,3,1,1,15,60,10,300,300,600,0.5,0.8,full,40,0,73,False,8,300.0,180.0,180.0,60.0,81213.25174015565,60900.79018732958,65141.35261284298,8,4,8,2,1,4,20312.46155282608,16071.899127312674,33.35336288797791,24.67234480504786,40,81,success,3.352620681980625,,
11,Product-mix + seven-factor full factorial design,1475,1476,0,3,1,1,15,60,10,300,300,600,0.75,0.8,full,40,0,73,False,8,300.0,180.0,180.0,60.0,117124.81515825757,60900.79018732958,65141.35261284298,11,4,8,4,1,4,56224.02497092797,51983.46254541457,92.32068220787288,79.80101803284592,40,81,success,6.751204397995025,,
11,Product-mix + seven-factor full factorial design,1476,1477,0,3,1,1,15,60,10,600,300,300,0.5,0.8,full,40,0,73,False,8,300.0,180.0,180.0,60.0,51845.00195260422,36407.75870957997,40648.32113509352,8,4,8,2,1,4,15437.243243024255,11196.680817510707,42.40097108466679,27.54524788440552,40,81,success,3.5695848669856787,,
11,Product-mix + seven-factor full factorial design,1477,1478,0,3,1,1,15,60,10,600,300,300,0.75,0.8,full,40,0,73,False,8,300.0,180.0,180.0,60.0,90562.00864101418,36407.75870957997,40648.32113509352,9,4,8,4,1,4,54154.24993143421,49913.687505920665,148.74370697580076,122.7939706046751,40,81,success,5.055264094029553,,
11,Product-mix + seven-factor full factorial design,1478,1479,0,3,1,1,15,60,10,600,300,600,0.5,0.8,full,40,0,73,False,8,300.0,180.0,180.0,60.0,81213.25174015565,60900.79018732958,65141.35261284298,8,4,8,2,1,4,20312.46155282608,16071.899127312674,33.35336288797791,24.67234480504786,40,81,success,3.3337074499577284,,
11,Product-mix + seven-factor full factorial design,1479,1480,0,3,1,1,15,60,10,600,300,600,0.75,0.8,full,40,0,73,False,8,300.0,180.0,180.0,60.0,117124.81515825757,60900.79018732958,65141.35261284298,11,4,8,4,1,4,56224.02497092797,51983.46254541457,92.32068220787288,79.80101803284592,40,81,success,6.521541674970649,,
11,Product-mix + seven-factor full factorial design,1480,1481,0,3,1,1,15,60,10,300,600,300,0.5,0.8,full,40,0,73,False,8,300.0,180.0,180.0,60.0,189916.1423379472,105196.46310344127,179050.60026468424,11,7,8,3,2,4,84719.67923450592,10865.542073262972,80.53472211437352,6.068419797085752,40,81,success,6.561305153998546,,
11,Product-mix + seven-factor full factorial design,1481,1482,0,3,1,1,15,60,10,300,600,300,0.75,0.8,full,40,0,73,False,8,300.0,180.0,180.0,60.0,269717.3179518247,178050.60026468517,179050.60026468424,9,9,8,4,4,4,91666.71768713952,90666.71768714044,51.48352072437289,50.63748323273478,40,81,success,5.207313943072222,,
11,Product-mix + seven-factor full factorial design,1482,1483,0,3,1,1,15,60,10,300,600,600,0.5,0.8,full,40,0,73,False,8,300.0,180.0,180.0,60.0,263863.07438112854,116898.82893286509,190752.9660941089,13,7,8,4,2,4,146964.24544826345,73110.1082870196,125.7191768214076,38.32711479356518,40,81,success,5.578097981982864,,
11,Product-mix + seven-factor full factorial design,1483,1484,0,3,1,1,15,60,10,300,600,600,0.75,0.8,full,40,0,73,False,8,300.0,180.0,180.0,60.0,269073.2074246999,189752.9660941076,190752.9660941089,12,9,8,4,4,4,79320.24133059231,78320.24133059097,41.80184529566384,41.05846579179864,40,81,success,4.0281084349844605,,
11,Product-mix + seven-factor full factorial design,1484,1485,0,3,1,1,15,60,10,600,600,300,0.5,0.8,full,40,0,73,False,8,300.0,180.0,180.0,60.0,189916.1423379472,105196.46310344127,179050.60026468424,11,7,8,3,2,4,84719.67923450592,10865.542073262972,80.53472211437352,6.068419797085752,40,81,success,6.158185811014846,,
11,Product-mix + seven-factor full factorial design,1485,1486,0,3,1,1,15,60,10,600,600,300,0.75,0.8,full,40,0,73,False,8,300.0,180.0,180.0,60.0,269717.3179518247,178050.60026468517,179050.60026468424,9,9,8,4,4,4,91666.71768713952,90666.71768714044,51.48352072437289,50.63748323273478,40,81,success,5.363298626034521,,
11,Product-mix + seven-factor full factorial design,1486,1487,0,3,1,1,15,60,10,600,600,600,0.5,0.8,full,40,0,73,False,8,300.0,180.0,180.0,60.0,263863.07438112854,116898.82893286509,190752.9660941089,13,7,8,4,2,4,146964.24544826345,73110.1082870196,125.7191768214076,38.32711479356518,40,81,success,5.503770696930587,,
11,Product-mix + seven-factor full factorial design,1487,1488,0,3,1,1,15,60,10,600,600,600,0.75,0.8,full,40,0,73,False,8,300.0,180.0,180.0,60.0,269073.20742469915,189752.9660941076,190752.9660941089,12,9,8,4,4,4,79320.24133059155,78320.24133059022,41.80184529566343,41.05846579179824,40,81,success,4.079111351980828,,
11,Product-mix + seven-factor full factorial design,1488,1489,0,3,1,1,30,60,10,300,300,300,0.5,0.8,full,40,0,73,False,8,300.0,180.0,180.0,60.0,61112.35776625001,45675.11452322603,52350.68696451714,8,4,8,2,1,4,15437.24324302398,8761.670801732871,33.79793001980118,16.736496328446385,40,81,success,5.694268294959329,,
11,Product-mix + seven-factor full factorial design,1489,1490,0,3,1,1,30,60,10,300,300,300,0.75,0.8,full,40,0,73,False,8,300.0,180.0,180.0,60.0,99829.36445466014,45675.11452322603,52350.68696451714,9,4,8,4,1,4,54154.24993143411,47478.677490143,118.56401564991457,90.69351376864196,40,81,success,5.996698089991696,,
11,Product-mix + seven-factor full factorial design,1490,1491,0,3,1,1,30,60,10,300,300,600,0.5,0.8,full,40,0,73,False,8,300.0,180.0,180.0,60.0,99747.9633674477,79435.50181462173,88546.08427169046,8,4,8,2,1,4,20312.46155282596,11201.879095757236,25.571011813117337,12.650902846687089,40,81,success,4.547192431055009,,
11,Product-mix + seven-factor full factorial design,1491,1492,0,3,1,1,30,60,10,300,300,600,0.75,0.8,full,40,0,73,False,8,300.0,180.0,180.0,60.0,135659.52678554977,82983.09664704923,88546.08427169046,11,8,8,4,2,4,52676.43013850054,47113.44251385931,63.4785061860832,53.207821555720905,40,81,success,7.443188834004104,,
11,Product-mix + seven-factor full factorial design,1492,1493,0,3,1,1,30,60,10,600,300,300,0.5,0.8,full,40,0,73,False,8,300.0,180.0,180.0,60.0,61112.35776625001,45675.11452322603,52350.68696451714,8,4,8,2,1,4,15437.24324302398,8761.670801732871,33.79793001980118,16.736496328446385,40,81,success,5.288327654008754,,
11,Product-mix + seven-factor full factorial design,1493,1494,0,3,1,1,30,60,10,600,300,300,0.75,0.8,full,40,0,73,False,8,300.0,180.0,180.0,60.0,99829.36445466014,45675.11452322603,52350.68696451714,9,4,8,4,1,4,54154.24993143411,47478.677490143,118.56401564991457,90.69351376864196,40,81,success,6.242160884081386,,
11,Product-mix + seven-factor full factorial design,1494,1495,0,3,1,1,30,60,10,600,300,600,0.5,0.8,full,40,0,73,False,8,300.0,180.0,180.0,60.0,99747.9633674477,79435.50181462173,88546.0842716899,8,4,8,2,1,4,20312.46155282596,11201.879095757788,25.571011813117337,12.650902846687789,40,81,success,4.624419439933263,,
11,Product-mix + seven-factor full factorial design,1495,1496,0,3,1,1,30,60,10,600,300,600,0.75,0.8,full,40,0,73,False,8,300.0,180.0,180.0,60.0,135659.52678554977,82983.09664704923,88546.08427169046,11,8,8,4,2,4,52676.43013850054,47113.44251385931,63.4785061860832,53.207821555720905,40,81,success,7.57694141601678,,
11,Product-mix + seven-factor full factorial design,1496,1497,0,3,1,1,30,60,10,300,600,300,0.5,0.8,full,40,0,73,False,8,300.0,180.0,180.0,60.0,199183.4981515933,115898.82893286532,190752.96609410853,11,8,8,3,2,4,83284.66921872794,8430.532057484728,71.85980219607809,4.419607322554293,40,81,success,6.888635759940371,,
11,Product-mix + seven-factor full factorial design,1497,1498,0,3,1,1,30,60,10,300,600,300,0.75,0.8,full,40,0,73,False,8,300.0,180.0,180.0,60.0,267386.99793869973,188752.9660941083,190752.96609410853,11,10,8,4,4,4,78634.03184459143,76634.0318445912,41.65975956392979,40.1744902916915,40,81,success,4.358406970044598,,
11,Product-mix + seven-factor full factorial design,1498,1499,0,3,1,1,30,60,10,300,600,600,0.5,0.8,full,40,0,73,False,8,300.0,180.0,180.0,60.0,282397.78600842244,139303.56059171335,214157.69775295616,13,8,8,4,2,4,143094.2254167091,68240.08825546625,102.72115429705768,31.86441065227798,40,81,success,5.872386245056987,,
11,Product-mix + seven-factor full factorial design,1499,1500,0,3,1,1,30,60,10,300,600,600,0.75,0.8,full,40,0,73,False,8,300.0,180.0,180.0,60.0,287607.9190519919,212157.69775295508,214157.69775295616,12,10,8,4,4,4,75450.22129903681,73450.22129903571,35.56327302669643,34.29725948201263,40,81,success,5.817854169989005,,
11,Product-mix + seven-factor full factorial design,1500,1501,0,3,1,1,30,60,10,600,600,300,0.5,0.8,full,40,0,73,False,8,300.0,180.0,180.0,60.0,199183.4981515933,115898.82893286532,190752.96609410853,11,8,8,3,2,4,83284.66921872794,8430.532057484728,71.85980219607809,4.419607322554293,40,81,success,5.615794349927455,,
11,Product-mix + seven-factor full factorial design,1501,1502,0,3,1,1,30,60,10,600,600,300,0.75,0.8,full,40,0,73,False,8,300.0,180.0,180.0,60.0,267386.99793869973,188752.9660941083,190752.96609410853,11,10,8,4,4,4,78634.03184459143,76634.0318445912,41.65975956392979,40.1744902916915,40,81,success,4.940998537931591,,
11,Product-mix + seven-factor full factorial design,1502,1503,0,3,1,1,30,60,10,600,600,600,0.5,0.8,full,40,0,73,False,8,300.0,180.0,180.0,60.0,282397.7860084207,139303.56059171335,214157.69775295616,13,8,8,4,2,4,143094.22541670734,68240.0882554645,102.72115429705642,31.864410652277165,40,81,success,6.882742347079329,,
11,Product-mix + seven-factor full factorial design,1503,1504,0,3,1,1,30,60,10,600,600,600,0.75,0.8,full,40,0,73,False,8,300.0,180.0,180.0,60.0,287607.9190519919,212157.69775295508,214157.69775295616,12,10,8,4,4,4,75450.22129903681,73450.22129903571,35.56327302669643,34.29725948201263,40,81,success,6.66062617499847,,
11,Product-mix + seven-factor full factorial design,1504,1505,0,3,1,1,15,60,25,300,300,300,0.5,0.8,full,40,0,73,False,8,300.0,180.0,180.0,60.0,70891.42121264769,38407.758709579975,40648.32113509352,8,2,8,3,1,4,32483.66250306772,30243.100077554176,84.57578258781703,74.40184301103633,40,81,success,7.6936883319867775,,
11,Product-mix + seven-factor full factorial design,1505,1506,0,3,1,1,15,60,25,300,300,300,0.75,0.8,full,40,0,73,False,8,300.0,180.0,180.0,60.0,89757.04807150362,38407.758709579975,40648.32113509352,10,2,8,4,1,4,51349.28936192365,49108.72693641011,133.69509465574646,120.81366601390174,40,81,success,8.813459325931035,,
11,Product-mix + seven-factor full factorial design,1506,1507,0,3,1,1,15,60,25,300,300,600,0.5,0.8,full,40,0,73,False,8,300.0,180.0,180.0,60.0,123888.22852352708,81495.78642984435,84327.35108533117,10,2,8,3,1,4,42392.44209368272,39560.87743819589,52.01795571379173,46.91345919091433,40,81,success,6.979285562061705,,
11,Product-mix + seven-factor full factorial design,1507,1508,0,3,1,1,15,60,25,300,300,600,0.75,0.8,full,40,0,73,False,8,300.0,180.0,180.0,60.0,143262.77081404126,81495.78642984435,84327.35108533117,11,2,8,4,1,4,61766.98438419691,58935.41972871008,75.79162934683626,69.88885452962124,40,81,success,8.642653218936175,,
11,Product-mix + seven-factor full factorial design,1508,1509,0,3,1,1,15,60,25,600,300,300,0.5,0.8,full,40,0,73,False,8,300.0,180.0,180.0,60.0,70891.42121264769,38407.758709579975,40648.32113509352,8,2,8,3,1,4,32483.66250306772,30243.100077554176,84.57578258781703,74.40184301103633,40,81,success,6.801124687073752,,
11,Product-mix + seven-factor full factorial design,1509,1510,0,3,1,1,15,60,25,600,300,300,0.75,0.8,full,40,0,73,False,8,300.0,180.0,180.0,60.0,89757.04807150362,38407.758709579975,40648.32113509349,10,2,8,4,1,4,51349.28936192365,49108.72693641014,133.69509465574646,120.8136660139019,40,81,success,8.79947433900088,,
11,Product-mix + seven-factor full factorial design,1510,1511,0,3,1,1,15,60,25,600,300,600,0.5,0.8,full,40,0,73,False,8,300.0,180.0,180.0,60.0,123888.22852352708,81495.78642984435,84327.35108533117,10,2,8,3,1,4,42392.44209368272,39560.87743819589,52.01795571379173,46.91345919091433,40,81,success,6.744157131994143,,
11,Product-mix + seven-factor full factorial design,1511,1512,0,3,1,1,15,60,25,600,300,600,0.75,0.8,full,40,0,73,False,8,300.0,180.0,180.0,60.0,143262.77081404126,81495.78642984435,84327.35108533117,11,2,8,4,1,4,61766.98438419691,58935.41972871008,75.79162934683626,69.88885452962124,40,81,success,8.462531817960553,,
11,Product-mix + seven-factor full factorial design,1512,1513,0,3,1,1,15,60,25,300,600,300,0.5,0.8,full,40,0,73,False,8,300.0,180.0,180.0,60.0,251411.9080219321,105196.46310344164,179050.6002646844,14,7,8,4,2,4,146215.44491849042,72361.30775724765,138.9927385436087,40.41388727559605,40,81,success,5.9257007970009,,
11,Product-mix + seven-factor full factorial design,1513,1514,0,3,1,1,15,60,25,300,600,300,0.75,0.8,full,40,0,73,False,8,300.0,180.0,180.0,60.0,268163.5568525401,177050.60026468523,179050.6002646844,11,10,8,4,4,4,91112.95658785487,89112.9565878557,51.46153498019426,49.76970557826841,40,81,success,5.703804777003825,,
11,Product-mix + seven-factor full factorial design,1514,1515,0,3,1,1,15,60,25,300,600,600,0.5,0.8,full,40,0,73,False,8,300.0,180.0,180.0,60.0,265416.8354804169,152261.7266709002,190752.9660941089,11,9,8,4,3,4,113155.1088095167,74663.86938630795,74.31618653195174,39.14165578399035,40,81,success,8.034349218942225,,
11,Product-mix + seven-factor full factorial design,1515,1516,0,3,1,1,15,60,25,300,600,600,0.75,0.8,full,40,0,73,False,8,300.0,180.0,180.0,60.0,269765.8479147436,188752.966094106,190752.9660941089,11,10,8,4,4,4,81012.88182063762,79012.88182063465,42.92005762719897,41.42157442608428,40,81,success,7.729221164016053,,
11,Product-mix + seven-factor full factorial design,1516,1517,0,3,1,1,15,60,25,600,600,300,0.5,0.8,full,40,0,73,False,8,300.0,180.0,180.0,60.0,251411.9080219321,105196.46310344164,179050.6002646844,14,7,8,4,2,4,146215.44491849042,72361.30775724765,138.9927385436087,40.41388727559605,40,81,success,6.192417394020595,,
11,Product-mix + seven-factor full factorial design,1517,1518,0,3,1,1,15,60,25,600,600,300,0.75,0.8,full,40,0,73,False,8,300.0,180.0,180.0,60.0,268163.5568525401,177050.60026468523,179050.60026468366,11,10,8,4,4,4,91112.95658785487,89112.95658785646,51.46153498019426,49.76970557826904,40,81,success,6.405759686022066,,
11,Product-mix + seven-factor full factorial design,1518,1519,0,3,1,1,15,60,25,600,600,600,0.5,0.8,full,40,0,73,False,8,300.0,180.0,180.0,60.0,265416.8354804169,152261.7266709002,190752.9660941089,11,9,8,4,3,4,113155.1088095167,74663.86938630795,74.31618653195174,39.14165578399035,40,81,success,7.851539224036969,,
11,Product-mix + seven-factor full factorial design,1519,1520,0,3,1,1,15,60,25,600,600,600,0.75,0.8,full,40,0,73,False,8,300.0,180.0,180.0,60.0,269765.8479147436,188752.966094106,190752.96609410888,11,10,8,4,4,4,81012.88182063762,79012.8818206347,42.92005762719897,41.42157442608433,40,81,success,7.636348368949257,,
11,Product-mix + seven-factor full factorial design,1520,1521,0,3,1,1,30,60,25,300,300,300,0.5,0.8,full,40,0,73,False,8,300.0,180.0,180.0,60.0,80158.77702629348,47675.11452322607,52350.68696451711,8,2,8,3,1,4,32483.66250306741,27808.09006177637,68.13546821632116,53.11886371352582,40,81,success,7.347950964001939,,
11,Product-mix + seven-factor full factorial design,1521,1522,0,3,1,1,30,60,25,300,300,300,0.75,0.8,full,40,0,73,False,8,300.0,180.0,180.0,60.0,99024.4038851498,49787.69933987595,52350.68696451711,10,5,8,4,2,4,49236.70454527384,46673.71692063268,98.89331139637376,89.15588242856826,40,81,success,8.769018818042241,,
11,Product-mix + seven-factor full factorial design,1522,1523,0,3,1,1,30,60,25,300,300,600,0.5,0.8,full,40,0,73,False,8,300.0,180.0,180.0,60.0,142422.94015081943,100030.49805713634,107732.0827441783,10,2,8,3,1,4,42392.44209368309,34690.857406641124,42.379517164324206,32.20104589365304,40,81,success,10.762848164071327,,
11,Product-mix + seven-factor full factorial design,1523,1524,0,3,1,1,30,60,25,300,300,600,0.75,0.8,full,40,0,73,False,8,300.0,180.0,180.0,60.0,161797.4824413336,105169.09511953716,107732.0827441783,11,5,8,4,2,4,56628.387321796414,54065.39969715528,53.84508372676547,50.18505009834399,40,81,success,10.053408982930703,,
11,Product-mix + seven-factor full factorial design,1524,1525,0,3,1,1,30,60,25,600,300,300,0.5,0.8,full,40,0,73,False,8,300.0,180.0,180.0,60.0,80158.77702629348,47675.11452322607,52350.68696451711,8,2,8,3,1,4,32483.66250306741,27808.09006177637,68.13546821632116,53.11886371352582,40,81,success,6.948608554084785,,
11,Product-mix + seven-factor full factorial design,1525,1526,0,3,1,1,30,60,25,600,300,300,0.75,0.8,full,40,0,73,False,8,300.0,180.0,180.0,60.0,99024.4038851498,49787.69933987595,52350.68696451717,10,5,8,4,2,4,49236.70454527384,46673.71692063262,98.89331139637376,89.15588242856805,40,81,success,8.55315580801107,,
11,Product-mix + seven-factor full factorial design,1526,1527,0,3,1,1,30,60,25,600,300,600,0.5,0.8,full,40,0,73,False,8,300.0,180.0,180.0,60.0,142422.94015081943,100030.49805713634,107732.0827441783,10,2,8,3,1,4,42392.44209368309,34690.857406641124,42.379517164324206,32.20104589365304,40,81,success,11.184535618056543,,
11,Product-mix + seven-factor full factorial design,1527,1528,0,3,1,1,30,60,25,600,300,600,0.75,0.8,full,40,0,73,False,8,300.0,180.0,180.0,60.0,161797.4824413336,105169.09511953716,107732.0827441783,11,5,8,4,2,4,56628.387321796414,54065.39969715528,53.84508372676547,50.18505009834399,40,81,success,9.510055025923066,,
11,Product-mix + seven-factor full factorial design,1528,1529,0,3,1,1,30,60,25,300,600,300,0.5,0.8,full,40,0,73,False,8,300.0,180.0,180.0,60.0,260679.26383557776,115898.82893286496,190752.96609410865,14,8,8,4,2,4,144780.4349027128,69926.29774146911,124.91967022943577,36.65803954365288,40,81,success,6.370156190008856,,
11,Product-mix + seven-factor full factorial design,1529,1530,0,3,1,1,30,60,25,300,600,300,0.75,0.8,full,40,0,73,False,8,300.0,180.0,180.0,60.0,266638.19740892434,188752.96609410847,190752.96609410865,12,10,8,4,4,4,77885.23131481587,75885.2313148157,41.26305028551649,39.78194041678883,40,81,success,7.280754664097913,,
11,Product-mix + seven-factor full factorial design,1530,1531,0,3,1,1,30,60,25,300,600,600,0.5,0.8,full,40,0,73,False,8,300.0,180.0,180.0,60.0,283951.5471077088,175666.45832974763,214157.69775295624,11,9,8,4,3,4,108285.08877796112,69793.84935475251,61.64243863486827,32.58993259969758,40,81,success,7.680757761932909,,
11,Product-mix + seven-factor full factorial design,1531,1532,0,3,1,1,30,60,25,300,600,600,0.75,0.8,full,40,0,73,False,8,300.0,180.0,180.0,60.0,288300.5595420358,212157.69775295525,214157.69775295624,11,10,8,4,4,4,76142.86178908055,74142.86178907956,35.88974738863555,34.62068492845295,40,81,success,6.484160037944093,,
11,Product-mix + seven-factor full factorial design,1532,1533,0,3,1,1,30,60,25,600,600,300,0.5,0.8,full,40,0,73,False,8,300.0,180.0,180.0,60.0,260679.26383557776,115898.82893286496,190752.96609410865,14,8,8,4,2,4,144780.4349027128,69926.29774146911,124.91967022943577,36.65803954365288,40,81,success,6.312056705006398,,
11,Product-mix + seven-factor full factorial design,1533,1534,0,3,1,1,30,60,25,600,600,300,0.75,0.8,full,40,0,73,False,8,300.0,180.0,180.0,60.0,266638.19740892434,188752.96609410847,190752.96609410865,12,10,8,4,4,4,77885.23131481587,75885.2313148157,41.26305028551649,39.78194041678883,40,81,success,7.252434768946841,,
11,Product-mix + seven-factor full factorial design,1534,1535,0,3,1,1,30,60,25,600,600,600,0.5,0.8,full,40,0,73,False,8,300.0,180.0,180.0,60.0,283951.5471077088,175666.45832974746,214157.69775295613,11,9,8,4,3,4,108285.0887779613,69793.84935475263,61.64243863486843,32.589932599697654,40,81,success,8.027073318022303,,
11,Product-mix + seven-factor full factorial design,1535,1536,0,3,1,1,30,60,25,600,600,600,0.75,0.8,full,40,0,73,False,8,300.0,180.0,180.0,60.0,288300.5595420358,212157.69775295525,214157.69775295613,11,10,8,4,4,4,76142.86178908055,74142.86178907967,35.88974738863555,34.62068492845303,40,81,success,6.72284350101836,,
11,Product-mix + seven-factor full factorial design,1536,1537,0,2,2,2,15,30,10,300,300,300,0.5,0.8,full,40,0,73,False,8,300.0,180.0,180.0,60.0,82795.35323262152,74738.90483743054,42171.96895506425,8,6,8,2,2,4,8056.448395190979,40623.38427755727,10.77945738262433,96.32792891610762,40,81,success,4.31244806596078,,
11,Product-mix + seven-factor full factorial design,1537,1538,0,2,2,2,15,30,10,300,300,300,0.75,0.8,full,40,0,73,False,8,300.0,180.0,180.0,60.0,83508.02736099872,74738.90483743054,42171.96895506425,7,6,8,2,2,4,8769.122523568178,41336.05840593447,11.73300912375217,98.0178526878352,40,81,success,11.479599434998818,,
11,Product-mix + seven-factor full factorial design,1538,1539,0,2,2,2,15,30,10,300,300,600,0.5,0.8,full,40,0,73,False,8,300.0,180.0,180.0,60.0,135566.9681993223,123724.96779293056,91148.83786138492,8,6,8,2,2,4,11842.000406391744,44418.13033793736,9.571229330373184,48.73142804682431,40,81,success,5.95675417908933,,
11,Product-mix + seven-factor full factorial design,1539,1540,0,2,2,2,15,30,10,300,300,600,0.75,0.8,full,40,0,73,False,8,300.0,180.0,180.0,60.0,148845.05370495195,123724.96779293056,91148.83786138492,9,6,8,3,2,4,25120.0859120214,57696.21584356701,20.30316625667913,63.29890451407492,40,81,success,22.55871138605289,,
11,Product-mix + seven-factor full factorial design,1540,1541,0,2,2,2,15,30,10,600,300,300,0.5,0.8,full,40,0,73,False,8,300.0,180.0,180.0,60.0,82795.35323262152,74738.90483743054,42171.96895506425,8,6,8,2,2,4,8056.448395190979,40623.38427755727,10.77945738262433,96.32792891610762,40,81,success,4.225732703926042,,
11,Product-mix + seven-factor full factorial design,1541,1542,0,2,2,2,15,30,10,600,300,300,0.75,0.8,full,40,0,73,False,8,300.0,180.0,180.0,60.0,83508.02736099872,74738.90483743054,42171.96895506425,7,6,8,2,2,4,8769.122523568178,41336.05840593447,11.73300912375217,98.0178526878352,40,81,success,11.809425240964629,,
11,Product-mix + seven-factor full factorial design,1542,1543,0,2,2,2,15,30,10,600,300,600,0.5,0.8,full,40,0,73,False,8,300.0,180.0,180.0,60.0,135566.9681993223,123724.96779293056,91148.83786138492,8,6,8,2,2,4,11842.000406391744,44418.13033793736,9.571229330373184,48.73142804682431,40,81,success,5.918782267021015,,
11,Product-mix + seven-factor full factorial design,1543,1544,0,2,2,2,15,30,10,600,300,600,0.75,0.8,full,40,0,73,False,8,300.0,180.0,180.0,60.0,148845.05370495195,123724.96779293056,91148.83786138492,9,6,8,3,2,4,25120.0859120214,57696.21584356701,20.30316625667913,63.29890451407492,40,81,success,23.775284921983257,,
11,Product-mix + seven-factor full factorial design,1544,1545,0,2,2,2,15,30,10,300,600,300,0.5,0.8,full,40,0,73,False,8,300.0,180.0,180.0,60.0,160038.22566966526,142415.76205931298,118833.37682313273,8,6,8,2,2,4,17622.46361035228,41204.84884653255,12.373955912978872,34.6744744179578,40,81,success,4.993185725994408,,
11,Product-mix + seven-factor full factorial design,1545,1546,0,2,2,2,15,30,10,300,600,300,0.75,0.8,full,40,0,73,False,8,300.0,180.0,180.0,60.0,188420.902751322,142415.76205931298,118833.37682313273,9,6,8,3,2,4,46005.14069200904,69587.52592818931,32.30340520373646,58.558906418826126,40,81,success,12.938476815936156,,
11,Product-mix + seven-factor full factorial design,1546,1547,0,2,2,2,15,30,10,300,600,600,0.5,0.8,full,40,0,73,False,8,300.0,180.0,180.0,60.0,182948.7447445246,167205.97158682204,167800.2617340504,8,6,8,2,2,4,15742.773157702555,15148.483010474183,9.415197919249009,9.027687355150425,40,81,success,11.61953376000747,,
11,Product-mix + seven-factor full factorial design,1547,1548,0,2,2,2,15,30,10,300,600,600,0.75,0.8,full,40,0,73,False,8,300.0,180.0,180.0,60.0,229044.5925065789,167205.97158682204,167800.2617340504,9,6,8,3,2,4,61838.62091975688,61244.33077252851,36.98350024995791,36.49835235036506,40,81,success,13.232898972928524,,
11,Product-mix + seven-factor full factorial design,1548,1549,0,2,2,2,15,30,10,600,600,300,0.5,0.8,full,40,0,73,False,8,300.0,180.0,180.0,60.0,160038.22566966526,142415.76205931298,118833.37682313273,8,6,8,2,2,4,17622.46361035228,41204.84884653255,12.373955912978872,34.6744744179578,40,81,success,5.12491403799504,,
11,Product-mix + seven-factor full factorial design,1549,1550,0,2,2,2,15,30,10,600,600,300,0.75,0.8,full,40,0,73,False,8,300.0,180.0,180.0,60.0,188420.902751322,142415.76205931298,118833.37682313273,9,6,8,3,2,4,46005.14069200904,69587.52592818931,32.30340520373646,58.558906418826126,40,81,success,13.238172427983956,,
11,Product-mix + seven-factor full factorial design,1550,1551,0,2,2,2,15,30,10,600,600,600,0.5,0.8,full,40,0,73,False,8,300.0,180.0,180.0,60.0,182948.7447445246,167205.97158682204,167800.2617340504,8,6,8,2,2,4,15742.773157702555,15148.483010474183,9.415197919249009,9.027687355150425,40,81,success,10.734584431047551,,
11,Product-mix + seven-factor full factorial design,1551,1552,0,2,2,2,15,30,10,600,600,600,0.75,0.8,full,40,0,73,False,8,300.0,180.0,180.0,60.0,229044.5925065789,167205.97158682204,167800.2617340504,9,6,8,3,2,4,61838.62091975688,61244.33077252851,36.98350024995791,36.49835235036506,40,81,success,13.219903821009211,,
11,Product-mix + seven-factor full factorial design,1552,1553,0,2,2,2,30,30,10,300,300,300,0.5,0.8,full,40,0,73,False,8,300.0,180.0,180.0,60.0,94149.99146272306,93369.8337407614,65576.7006139122,6,6,8,2,2,4,780.1577219616738,28573.290848810862,0.835556507605828,43.57232154304055,40,81,success,2.6722687920555472,,
11,Product-mix + seven-factor full factorial design,1553,1554,0,2,2,2,30,30,10,300,300,300,0.75,0.8,full,40,0,73,False,8,300.0,180.0,180.0,60.0,94149.99146272306,93369.8337407614,65576.7006139122,6,6,8,2,2,4,780.1577219616738,28573.290848810862,0.835556507605828,43.57232154304055,40,81,success,7.346950639039278,,
11,Product-mix + seven-factor full factorial design,1554,1555,0,2,2,2,30,30,10,300,300,600,0.5,0.8,full,40,0,73,False,8,300.0,180.0,180.0,60.0,161766.9833215531,160986.82559959154,137958.30117907902,6,6,8,2,2,4,780.1577219615574,23808.68214247408,0.484609668558827,17.257882953754866,40,81,success,5.092608980950899,,
11,Product-mix + seven-factor full factorial design,1555,1556,0,2,2,2,30,30,10,300,300,600,0.75,0.8,full,40,0,73,False,8,300.0,180.0,180.0,60.0,180185.1096678004,160986.82559959154,137958.30117907902,10,6,8,3,2,4,19198.284068208828,42226.80848872135,11.925375878867902,30.608385380092606,40,81,success,12.622860709088854,,
11,Product-mix + seven-factor full factorial design,1556,1557,0,2,2,2,30,30,10,600,300,300,0.5,0.8,full,40,0,73,False,8,300.0,180.0,180.0,60.0,94149.99146272306,93369.8337407614,65576.7006139122,6,6,8,2,2,4,780.1577219616738,28573.290848810862,0.835556507605828,43.57232154304055,40,81,success,2.707325688912533,,
11,Product-mix + seven-factor full factorial design,1557,1558,0,2,2,2,30,30,10,600,300,300,0.75,0.8,full,40,0,73,False,8,300.0,180.0,180.0,60.0,94149.99146272306,93369.8337407614,65576.7006139122,6,6,8,2,2,4,780.1577219616738,28573.290848810862,0.835556507605828,43.57232154304055,40,81,success,7.42069908499252,,
11,Product-mix + seven-factor full factorial design,1558,1559,0,2,2,2,30,30,10,600,300,600,0.5,0.8,full,40,0,73,False,8,300.0,180.0,180.0,60.0,161766.9833215531,160986.82559959154,137958.30117907902,6,6,8,2,2,4,780.1577219615574,23808.68214247408,0.484609668558827,17.257882953754866,40,81,success,5.130749673000537,,
11,Product-mix + seven-factor full factorial design,1559,1560,0,2,2,2,30,30,10,600,300,600,0.75,0.8,full,40,0,73,False,8,300.0,180.0,180.0,60.0,180185.1096678004,160986.82559959154,137958.30117907902,10,6,8,3,2,4,19198.284068208828,42226.80848872135,11.925375878867902,30.608385380092606,40,81,success,12.666179846972229,,
11,Product-mix + seven-factor full factorial design,1560,1561,0,2,2,2,30,30,10,300,600,300,0.5,0.8,full,40,0,73,False,8,300.0,180.0,180.0,60.0,161826.848684607,161046.6909626453,142238.10848198205,6,6,8,2,2,4,780.1577219616738,19588.740202624933,0.4844295261817151,13.771794641874283,40,81,success,3.625472857966088,,
11,Product-mix + seven-factor full factorial design,1561,1562,0,2,2,2,30,30,10,300,600,300,0.75,0.8,full,40,0,73,False,8,300.0,180.0,180.0,60.0,191613.9145858002,161046.6909626453,142238.10848198205,8,6,8,3,2,4,30567.22362315489,49375.80610381815,18.98034876745461,34.71348616118078,40,81,success,8.133813487947918,,
11,Product-mix + seven-factor full factorial design,1562,1563,0,2,2,2,30,30,10,300,600,600,0.5,0.8,full,40,0,73,False,8,300.0,180.0,180.0,60.0,251478.7942772369,204467.82939348373,214609.7250517463,10,6,8,3,2,4,47010.96488375319,36869.06922549062,22.991863817013456,17.17958923650865,40,81,success,8.1151089949999,,
11,Product-mix + seven-factor full factorial design,1563,1564,0,2,2,2,30,30,10,300,600,600,0.75,0.8,full,40,0,73,False,8,300.0,180.0,180.0,60.0,262624.8285113107,238783.3484909254,214609.7250517463,10,8,8,4,3,4,23841.480020385294,48015.10345956439,9.984565578403954,22.37321885016491,40,81,success,14.774254195042886,,
11,Product-mix + seven-factor full factorial design,1564,1565,0,2,2,2,30,30,10,600,600,300,0.5,0.8,full,40,0,73,False,8,300.0,180.0,180.0,60.0,161826.848684607,161046.6909626453,142238.10848198205,6,6,8,2,2,4,780.1577219616738,19588.740202624933,0.4844295261817151,13.771794641874283,40,81,success,3.639306848985143,,
11,Product-mix + seven-factor full factorial design,1565,1566,0,2,2,2,30,30,10,600,600,300,0.75,0.8,full,40,0,73,False,8,300.0,180.0,180.0,60.0,191613.9145858002,161046.6909626453,142238.10848198205,8,6,8,3,2,4,30567.22362315489,49375.80610381815,18.98034876745461,34.71348616118078,40,81,success,8.028956735040992,,
11,Product-mix + seven-factor full factorial design,1566,1567,0,2,2,2,30,30,10,600,600,600,0.5,0.8,full,40,0,73,False,8,300.0,180.0,180.0,60.0,251478.7942772369,204467.82939348373,214609.7250517463,10,6,8,3,2,4,47010.96488375319,36869.06922549062,22.991863817013456,17.17958923650865,40,81,success,8.0888442969881,,
11,Product-mix + seven-factor full factorial design,1567,1568,0,2,2,2,30,30,10,600,600,600,0.75,0.8,full,40,0,73,False,8,300.0,180.0,180.0,60.0,262624.8285113107,238783.3484909254,214609.7250517463,10,8,8,4,3,4,23841.480020385294,48015.10345956439,9.984565578403954,22.37321885016491,40,81,success,15.063902647932991,,
11,Product-mix + seven-factor full factorial design,1568,1569,0,2,2,2,15,30,25,300,300,300,0.5,0.8,full,40,0,73,False,8,300.0,180.0,180.0,60.0,85291.78692172383,75787.69933987629,74187.53344370364,5,5,8,2,2,4,9504.087581847549,11104.253478020197,12.54040914901727,14.967815969305049,40,81,success,15.873594491975382,,
11,Product-mix + seven-factor full factorial design,1569,1570,0,2,2,2,15,30,25,300,300,300,0.75,0.8,full,40,0,73,False,8,300.0,180.0,180.0,60.0,113179.33089133613,75787.69933987629,74187.53344370364,8,5,8,4,2,4,37391.63155145983,38991.79744763248,49.33733557971448,52.55842273988116,40,81,success,28.6466649309732,,
11,Product-mix + seven-factor full factorial design,1570,1571,0,2,2,2,15,30,25,300,300,600,0.5,0.8,full,40,0,73,False,8,300.0,180.0,180.0,60.0,203652.1631011676,161078.62829283375,160931.82672034015,9,5,8,3,2,4,42573.53480833388,42720.33638082747,26.43028144673364,26.54561080392438,40,81,success,26.5721516169142,,
11,Product-mix + seven-factor full factorial design,1571,1572,0,2,2,2,15,30,25,300,300,600,0.75,0.8,full,40,0,73,False,8,300.0,180.0,180.0,60.0,218353.17887835772,162872.9773803653,160931.82672034015,12,4,8,4,2,4,55480.20149799244,57421.3521580176,34.06347841755652,35.6805445686028,40,81,success,46.919970861054026,,
11,Product-mix + seven-factor full factorial design,1572,1573,0,2,2,2,15,30,25,600,300,300,0.5,0.8,full,40,0,73,False,8,300.0,180.0,180.0,60.0,85291.78692172383,75787.69933987629,74187.53344370364,5,5,8,2,2,4,9504.087581847549,11104.253478020197,12.54040914901727,14.967815969305049,40,81,success,16.67522263689898,,
11,Product-mix + seven-factor full factorial design,1573,1574,0,2,2,2,15,30,25,600,300,300,0.75,0.8,full,40,0,73,False,8,300.0,180.0,180.0,60.0,113179.33089133613,75787.69933987629,74187.53344370364,8,5,8,4,2,4,37391.63155145983,38991.79744763248,49.33733557971448,52.55842273988116,40,81,success,27.981556591927077,,
11,Product-mix + seven-factor full factorial design,1574,1575,0,2,2,2,15,30,25,600,300,600,0.5,0.8,full,40,0,73,False,8,300.0,180.0,180.0,60.0,203652.1631011676,161078.62829283375,160931.82672034015,9,5,8,3,2,4,42573.53480833388,42720.33638082747,26.43028144673364,26.54561080392438,40,81,success,27.650257278000936,,
11,Product-mix + seven-factor full factorial design,1575,1576,0,2,2,2,15,30,25,600,300,600,0.75,0.8,full,40,0,73,False,8,300.0,180.0,180.0,60.0,218353.17887835772,162872.9773803653,160931.82672034015,12,4,8,4,2,4,55480.20149799244,57421.3521580176,34.06347841755652,35.6805445686028,40,81,success,46.04267602600157,,
11,Product-mix + seven-factor full factorial design,1576,1577,0,2,2,2,15,30,25,300,600,300,0.5,0.8,full,40,0,73,False,8,300.0,180.0,180.0,60.0,195305.14604403175,142502.57996858156,150135.1750598467,9,6,8,3,2,4,52802.56607545022,45169.970984185085,37.05376147371643,30.086201295718663,40,81,success,11.635478451964444,,
11,Product-mix + seven-factor full factorial design,1577,1578,0,2,2,2,15,30,25,300,600,300,0.75,0.8,full,40,0,73,False,8,300.0,180.0,180.0,60.0,212641.66047316408,153180.2439785035,150135.1750598467,11,7,8,4,3,4,59461.416494660574,62506.485413317394,38.81794084556039,41.63347156214468,40,81,success,30.73147008800879,,
11,Product-mix + seven-factor full factorial design,1578,1579,0,2,2,2,15,30,25,300,600,600,0.5,0.8,full,40,0,73,False,8,300.0,180.0,180.0,60.0,241830.1364391758,204586.45639907624,231831.3907113292,9,6,8,3,3,4,37243.68004009957,9998.745727846632,18.20437222269017,4.31293868236197,40,81,success,31.62603065103758,,
11,Product-mix + seven-factor full factorial design,1579,1580,0,2,2,2,15,30,25,300,600,600,0.75,0.8,full,40,0,73,False,8,300.0,180.0,180.0,60.0,293290.3629194823,231812.4863855681,231831.3907113292,9,8,8,4,4,4,61477.87653391418,61458.97220815311,26.52051987901097,26.510202962410872,40,81,success,31.73486517404672,,
11,Product-mix + seven-factor full factorial design,1580,1581,0,2,2,2,15,30,25,600,600,300,0.5,0.8,full,40,0,73,False,8,300.0,180.0,180.0,60.0,195305.14604403175,142502.57996858156,150135.1750598467,9,6,8,3,2,4,52802.56607545022,45169.970984185085,37.05376147371643,30.086201295718663,40,81,success,11.776782808941787,,
11,Product-mix + seven-factor full factorial design,1581,1582,0,2,2,2,15,30,25,600,600,300,0.75,0.8,full,40,0,73,False,8,300.0,180.0,180.0,60.0,212641.66047316408,153180.2439785035,150135.17505984695,11,7,8,4,3,4,59461.416494660574,62506.48541331713,38.81794084556039,41.63347156214442,40,81,success,27.8822770799743,,
11,Product-mix + seven-factor full factorial design,1582,1583,0,2,2,2,15,30,25,600,600,600,0.5,0.8,full,40,0,73,False,8,300.0,180.0,180.0,60.0,241830.1364391758,204586.45639907624,231831.3907113292,9,6,8,3,3,4,37243.68004009957,9998.745727846632,18.20437222269017,4.31293868236197,40,81,success,27.73778690595645,,
11,Product-mix + seven-factor full factorial design,1583,1584,0,2,2,2,15,30,25,600,600,600,0.75,0.8,full,40,0,73,False,8,300.0,180.0,180.0,60.0,293290.3629194823,231812.4863855681,231831.3907113292,9,8,8,4,4,4,61477.87653391418,61458.97220815311,26.52051987901097,26.510202962410872,40,81,success,27.448527664062567,,
11,Product-mix + seven-factor full factorial design,1584,1585,0,2,2,2,30,30,25,300,300,300,0.5,0.8,full,40,0,73,False,8,300.0,180.0,180.0,60.0,112075.2716178335,94418.62824320707,97592.26510255228,6,5,8,3,2,4,17656.643374626423,14483.006515281217,18.700381167523187,14.840322130101324,40,81,success,18.197990002925508,,
11,Product-mix + seven-factor full factorial design,1585,1586,0,2,2,2,30,30,25,300,300,300,0.75,0.8,full,40,0,73,False,8,300.0,180.0,180.0,60.0,124459.70495872818,100907.17100660873,97592.26510255228,8,6,8,4,3,4,23552.53395211945,26867.4398561759,23.340793044903545,27.530296410215456,40,81,success,19.2510998910293,,
11,Product-mix + seven-factor full factorial design,1586,1587,0,2,2,2,30,30,25,300,300,600,0.5,0.8,full,40,0,73,False,8,300.0,180.0,180.0,60.0,249442.61871986068,198340.48609949727,207741.2900380369,10,5,8,4,2,4,51102.13262036341,41701.32868182374,25.76485196004213,20.0736833174514,40,81,success,16.521106004947796,,
11,Product-mix + seven-factor full factorial design,1587,1588,0,2,2,2,30,30,25,300,300,600,0.75,0.8,full,40,0,73,False,8,300.0,180.0,180.0,60.0,250181.79053660936,210672.32697333285,207741.2900380369,10,7,8,4,3,4,39509.46356327651,42440.50049857242,18.753988305392223,20.42949694343463,40,81,success,22.788039181032214,,
11,Product-mix + seven-factor full factorial design,1588,1589,0,2,2,2,30,30,25,600,300,300,0.5,0.8,full,40,0,73,False,8,300.0,180.0,180.0,60.0,112075.2716178335,94418.62824320707,97592.26510255228,6,5,8,3,2,4,17656.643374626423,14483.006515281217,18.700381167523187,14.840322130101324,40,81,success,15.880907129030676,,
11,Product-mix + seven-factor full factorial design,1589,1590,0,2,2,2,30,30,25,600,300,300,0.75,0.8,full,40,0,73,False,8,300.0,180.0,180.0,60.0,124459.70495872818,100907.17100660873,97592.26510255228,8,6,8,4,3,4,23552.53395211945,26867.4398561759,23.340793044903545,27.530296410215456,40,81,success,20.800939770997505,,
11,Product-mix + seven-factor full factorial design,1590,1591,0,2,2,2,30,30,25,600,300,600,0.5,0.8,full,40,0,73,False,8,300.0,180.0,180.0,60.0,249442.6187198602,198340.48609949727,207741.2900380369,10,5,8,4,2,4,51102.13262036294,41701.32868182328,25.76485196004189,20.07368331745117,40,81,success,16.658559245057404,,
11,Product-mix + seven-factor full factorial design,1591,1592,0,2,2,2,30,30,25,600,300,600,0.75,0.8,full,40,0,73,False,8,300.0,180.0,180.0,60.0,250181.79053660936,210672.32697333285,207741.2900380369,10,7,8,4,3,4,39509.46356327651,42440.50049857242,18.753988305392223,20.42949694343463,40,81,success,22.379335532081317,,
11,Product-mix + seven-factor full factorial design,1592,1593,0,2,2,2,30,30,25,300,600,300,0.5,0.8,full,40,0,73,False,8,300.0,180.0,180.0,60.0,197835.9569192869,161133.50887191415,173539.90671869568,8,6,8,3,2,4,36702.448047372745,24296.050200591213,22.777663258452165,14.000266947229935,40,81,success,7.897578855976462,,
11,Product-mix + seven-factor full factorial design,1593,1594,0,2,2,2,30,30,25,300,600,300,0.75,0.8,full,40,0,73,False,8,300.0,180.0,180.0,60.0,219328.39098047,175586.65943248343,173539.90671869568,10,8,8,4,3,4,43741.731547986565,45788.48426177431,24.911762482050143,26.38498840269427,40,81,success,18.483245701994747,,
11,Product-mix + seven-factor full factorial design,1594,1595,0,2,2,2,30,30,25,300,600,600,0.5,0.8,full,40,0,73,False,8,300.0,180.0,180.0,60.0,312182.11472797795,249576.70139433065,278640.85402902646,9,8,8,4,3,4,62605.4133336473,33541.26069895149,25.084638503467872,12.037452589582374,40,81,success,17.20893034792971,,
11,Product-mix + seven-factor full factorial design,1595,1596,0,2,2,2,30,30,25,300,600,600,0.75,0.8,full,40,0,73,False,8,300.0,180.0,180.0,60.0,316866.24239274417,278621.9497032621,278640.85402902646,9,8,8,4,4,4,38244.2926894821,38225.388363717706,13.72623109206329,13.71851536161876,40,81,success,19.73879331094213,,
11,Product-mix + seven-factor full factorial design,1596,1597,0,2,2,2,30,30,25,600,600,300,0.5,0.8,full,40,0,73,False,8,300.0,180.0,180.0,60.0,197835.9569192869,161133.50887191415,173539.90671869568,8,6,8,3,2,4,36702.448047372745,24296.050200591213,22.777663258452165,14.000266947229935,40,81,success,8.53075598005671,,
11,Product-mix + seven-factor full factorial design,1597,1598,0,2,2,2,30,30,25,600,600,300,0.75,0.8,full,40,0,73,False,8,300.0,180.0,180.0,60.0,219328.39098047,175586.65943248343,173539.90671869568,10,8,8,4,3,4,43741.731547986565,45788.48426177431,24.911762482050143,26.38498840269427,40,81,success,18.25547230499797,,
11,Product-mix + seven-factor full factorial design,1598,1599,0,2,2,2,30,30,25,600,600,600,0.5,0.8,full,40,0,73,False,8,300.0,180.0,180.0,60.0,312182.11472797795,249576.70139433065,278640.85402902646,9,8,8,4,3,4,62605.4133336473,33541.26069895149,25.084638503467872,12.037452589582374,40,81,success,16.60898433998227,,
11,Product-mix + seven-factor full factorial design,1599,1600,0,2,2,2,30,30,25,600,600,600,0.75,0.8,full,40,0,73,False,8,300.0,180.0,180.0,60.0,316866.24239274417,278621.9497032621,278640.85402902646,9,8,8,4,4,4,38244.2926894821,38225.388363717706,13.72623109206329,13.71851536161876,40,81,success,19.486553356051445,,
11,Product-mix + seven-factor full factorial design,1600,1601,0,2,2,2,15,60,10,300,300,300,0.5,0.8,full,40,0,73,False,8,300.0,180.0,180.0,60.0,82933.0652529279,74787.6993398763,69211.00828484475,8,6,8,2,2,4,8145.365913051603,13722.056968083154,10.891317669814384,19.82640812225805,40,81,success,4.071141007938422,,
11,Product-mix + seven-factor full factorial design,1601,1602,0,2,2,2,15,60,10,300,300,300,0.75,0.8,full,40,0,73,False,8,300.0,180.0,180.0,60.0,117565.06572156287,74787.6993398763,69211.00828484475,11,6,8,4,2,4,42777.36638168659,48354.05743671814,57.19839861269536,69.86469152090984,40,81,success,11.396937116980553,,
11,Product-mix + seven-factor full factorial design,1602,1603,0,2,2,2,15,60,10,300,300,600,0.5,0.8,full,40,0,73,False,8,300.0,180.0,180.0,60.0,135811.66065251367,123773.76229537596,118020.3561082136,8,6,8,2,2,4,12037.898357137718,17791.304544300074,9.725727112027393,15.07477619198769,40,81,success,8.190284641925246,,
11,Product-mix + seven-factor full factorial design,1603,1604,0,2,2,2,15,60,10,300,300,600,0.75,0.8,full,40,0,73,False,8,300.0,180.0,180.0,60.0,173553.08668025222,123773.76229537596,118020.3561082136,11,6,8,4,2,4,49779.324384876265,55532.73057203862,40.21799407380215,47.05351890407813,40,81,success,12.584694980992936,,
11,Product-mix + seven-factor full factorial design,1604,1605,0,2,2,2,15,60,10,600,300,300,0.5,0.8,full,40,0,73,False,8,300.0,180.0,180.0,60.0,82933.0652529279,74787.6993398763,69211.00828484475,8,6,8,2,2,4,8145.365913051603,13722.056968083154,10.891317669814384,19.82640812225805,40,81,success,3.742636602022685,,
11,Product-mix + seven-factor full factorial design,1605,1606,0,2,2,2,15,60,10,600,300,300,0.75,0.8,full,40,0,73,False,8,300.0,180.0,180.0,60.0,117565.06572156287,74787.6993398763,69211.00828484475,11,6,8,4,2,4,42777.36638168659,48354.05743671814,57.19839861269536,69.86469152090984,40,81,success,9.784409362007864,,
11,Product-mix + seven-factor full factorial design,1606,1607,0,2,2,2,15,60,10,600,300,600,0.5,0.8,full,40,0,73,False,8,300.0,180.0,180.0,60.0,135811.66065251367,123773.76229537596,118020.3561082136,8,6,8,2,2,4,12037.898357137718,17791.304544300074,9.725727112027393,15.07477619198769,40,81,success,8.137719576014206,,
11,Product-mix + seven-factor full factorial design,1607,1608,0,2,2,2,15,60,10,600,300,600,0.75,0.8,full,40,0,73,False,8,300.0,180.0,180.0,60.0,173553.08668025222,123773.76229537596,118020.3561082136,11,6,8,4,2,4,49779.324384876265,55532.73057203862,40.21799407380215,47.05351890407813,40,81,success,12.651825380977243,,
11,Product-mix + seven-factor full factorial design,1608,1609,0,2,2,2,15,60,10,300,600,300,0.5,0.8,full,40,0,73,False,8,300.0,180.0,180.0,60.0,220309.56689881432,143898.82893286404,173071.63165758242,10,6,8,3,2,4,76410.73796595028,47237.9352412319,53.10031953185644,27.29386369609717,40,81,success,5.469436316983774,,
11,Product-mix + seven-factor full factorial design,1609,1610,0,2,2,2,15,60,10,300,600,300,0.75,0.8,full,40,0,73,False,8,300.0,180.0,180.0,60.0,281389.01673513046,215772.009595113,173071.63165758242,11,8,8,4,4,4,65617.00714001746,108317.38507754804,30.41034250139533,62.585291442708005,40,81,success,6.569974191021174,,
11,Product-mix + seven-factor full factorial design,1610,1611,0,2,2,2,15,60,10,300,600,600,0.5,0.8,full,40,0,73,False,8,300.0,180.0,180.0,60.0,245686.2350416381,202794.8000149214,221878.3403936114,10,8,8,3,3,4,42891.43502671673,23807.894648026733,21.15016510460861,10.730157168920414,40,81,success,13.422819208004512,,
11,Product-mix + seven-factor full factorial design,1611,1612,0,2,2,2,15,60,10,300,600,600,0.75,0.8,full,40,0,73,False,8,300.0,180.0,180.0,60.0,304299.9008053711,240135.898834692,221878.3403936114,11,8,8,4,4,4,64164.00197067909,82421.56041175971,26.71987082399919,37.14718627584114,40,81,success,10.717000131029636,,
11,Product-mix + seven-factor full factorial design,1612,1613,0,2,2,2,15,60,10,600,600,300,0.5,0.8,full,40,0,73,False,8,300.0,180.0,180.0,60.0,220309.56689881432,143898.82893286404,173071.63165758242,10,6,8,3,2,4,76410.73796595028,47237.9352412319,53.10031953185644,27.29386369609717,40,81,success,6.048628279007971,,
11,Product-mix + seven-factor full factorial design,1613,1614,0,2,2,2,15,60,10,600,600,300,0.75,0.8,full,40,0,73,False,8,300.0,180.0,180.0,60.0,281389.01673513046,215772.009595113,173071.63165758242,11,8,8,4,4,4,65617.00714001746,108317.38507754804,30.41034250139533,62.585291442708005,40,81,success,7.180154865025543,,
11,Product-mix + seven-factor full factorial design,1614,1615,0,2,2,2,15,60,10,600,600,600,0.5,0.8,full,40,0,73,False,8,300.0,180.0,180.0,60.0,245686.2350416381,202794.8000149214,221878.3403936114,10,8,8,3,3,4,42891.43502671673,23807.894648026733,21.15016510460861,10.730157168920414,40,81,success,13.837010742048731,,
11,Product-mix + seven-factor full factorial design,1615,1616,0,2,2,2,15,60,10,600,600,600,0.75,0.8,full,40,0,73,False,8,300.0,180.0,180.0,60.0,304299.9008053711,240135.898834692,221878.3403936114,11,8,8,4,4,4,64164.00197067909,82421.56041175971,26.71987082399919,37.14718627584114,40,81,success,10.615599370910786,,
11,Product-mix + seven-factor full factorial design,1616,1617,0,2,2,2,30,60,10,300,300,300,0.5,0.8,full,40,0,73,False,8,300.0,180.0,180.0,60.0,94198.78596516862,93418.62824320704,92615.73994369256,6,6,8,2,2,4,780.157721961572,1583.0460214760678,0.8351200789745072,1.7092624023071132,40,81,success,4.747213641996495,,
11,Product-mix + seven-factor full factorial design,1617,1618,0,2,2,2,30,60,10,300,300,300,0.75,0.8,full,40,0,73,False,8,300.0,180.0,180.0,60.0,128059.19797328472,96941.8393897507,92615.73994369256,10,10,8,4,3,4,31117.35858353402,35443.45802959218,32.09899748077603,38.26936765947201,40,81,success,7.677235370967537,,
11,Product-mix + seven-factor full factorial design,1618,1619,0,2,2,2,30,60,10,300,300,600,0.5,0.8,full,40,0,73,False,8,300.0,180.0,180.0,60.0,185708.30210436156,161035.62010203704,164829.81942590748,10,6,8,3,2,4,24672.68200232449,20878.48267845405,15.321257487437338,12.666690257365184,40,81,success,7.105817754054442,,
11,Product-mix + seven-factor full factorial design,1619,1620,0,2,2,2,30,60,10,300,300,600,0.75,0.8,full,40,0,73,False,8,300.0,180.0,180.0,60.0,203188.70221255135,169332.63400409726,164829.81942590748,12,10,8,4,3,4,33856.06820845412,38358.882786643895,19.993823640418253,23.271810234486463,40,81,success,12.60755255492404,,
11,Product-mix + seven-factor full factorial design,1620,1621,0,2,2,2,30,60,10,600,300,300,0.5,0.8,full,40,0,73,False,8,300.0,180.0,180.0,60.0,94198.78596516862,93418.62824320704,92615.73994369256,6,6,8,2,2,4,780.157721961572,1583.0460214760678,0.8351200789745072,1.7092624023071132,40,81,success,4.706875739037059,,
11,Product-mix + seven-factor full factorial design,1621,1622,0,2,2,2,30,60,10,600,300,300,0.75,0.8,full,40,0,73,False,8,300.0,180.0,180.0,60.0,128059.19797328472,96941.8393897507,92615.73994369256,10,10,8,4,3,4,31117.35858353402,35443.45802959218,32.09899748077603,38.26936765947201,40,81,success,6.891867680009455,,
11,Product-mix + seven-factor full factorial design,1622,1623,0,2,2,2,30,60,10,600,300,600,0.5,0.8,full,40,0,73,False,8,300.0,180.0,180.0,60.0,185708.30210436156,161035.62010203704,164829.81942590748,10,6,8,3,2,4,24672.68200232449,20878.48267845405,15.321257487437338,12.666690257365184,40,81,success,7.886981170042418,,
11,Product-mix + seven-factor full factorial design,1623,1624,0,2,2,2,30,60,10,600,300,600,0.75,0.8,full,40,0,73,False,8,300.0,180.0,180.0,60.0,203188.70221255135,169332.63400409726,164829.81942590748,12,10,8,4,3,4,33856.06820845412,38358.882786643895,19.993823640418253,23.271810234486463,40,81,success,13.53043855901342,,
11,Product-mix + seven-factor full factorial design,1624,1625,0,2,2,2,30,60,10,300,600,300,0.5,0.8,full,40,0,73,False,8,300.0,180.0,180.0,60.0,219874.8661159064,162529.75783619622,196476.36331643088,10,6,8,3,2,4,57345.10827971017,23398.502799475507,35.2828362283692,11.909067535921125,40,81,success,4.224094977020286,,
11,Product-mix + seven-factor full factorial design,1625,1626,0,2,2,2,30,60,10,300,600,300,0.75,0.8,full,40,0,73,False,8,300.0,180.0,180.0,60.0,282119.6869509664,237310.1915107261,196476.36331643088,10,10,8,4,4,4,44809.49544024031,85643.32363453554,18.88224654616866,43.5896319480448,40,81,success,5.702264838037081,,
11,Product-mix + seven-factor full factorial design,1626,1627,0,2,2,2,30,60,10,300,600,600,0.5,0.8,full,40,0,73,False,8,300.0,180.0,180.0,60.0,266447.434408166,247475.9216474425,268687.803711307,10,10,8,3,3,4,18971.512760723475,-2240.369303141022,7.666003478007265,-0.8338187562648725,40,81,success,11.01575609005522,,
11,Product-mix + seven-factor full factorial design,1627,1628,0,2,2,2,30,60,10,300,600,600,0.75,0.8,full,40,0,73,False,8,300.0,180.0,180.0,60.0,325683.0917890416,284945.3621523869,268687.803711307,10,10,8,4,4,4,40737.729636654665,56995.288077734585,14.296681065076749,21.21245821003973,40,81,success,7.330840841983445,,
11,Product-mix + seven-factor full factorial design,1628,1629,0,2,2,2,30,60,10,600,600,300,0.5,0.8,full,40,0,73,False,8,300.0,180.0,180.0,60.0,219874.8661159064,162529.75783619622,196476.36331643088,10,6,8,3,2,4,57345.10827971017,23398.502799475507,35.2828362283692,11.909067535921125,40,81,success,4.539605175028555,,
11,Product-mix + seven-factor full factorial design,1629,1630,0,2,2,2,30,60,10,600,600,300,0.75,0.8,full,40,0,73,False,8,300.0,180.0,180.0,60.0,282119.6869509664,237310.1915107261,196476.36331643088,10,10,8,4,4,4,44809.49544024031,85643.32363453554,18.88224654616866,43.5896319480448,40,81,success,5.869751623016782,,
11,Product-mix + seven-factor full factorial design,1630,1631,0,2,2,2,30,60,10,600,600,600,0.5,0.8,full,40,0,73,False,8,300.0,180.0,180.0,60.0,266447.434408166,247475.9216474425,268687.803711307,10,10,8,3,3,4,18971.512760723475,-2240.369303141022,7.666003478007265,-0.8338187562648725,40,81,success,11.132705452968366,,
11,Product-mix + seven-factor full factorial design,1631,1632,0,2,2,2,30,60,10,600,600,600,0.75,0.8,full,40,0,73,False,8,300.0,180.0,180.0,60.0,325683.0917890416,284945.3621523869,268687.803711307,10,10,8,4,4,4,40737.729636654665,56995.288077734585,14.296681065076749,21.21245821003973,40,81,success,7.982613553991541,,
11,Product-mix + seven-factor full factorial design,1632,1633,0,2,2,2,15,60,25,300,300,300,0.5,0.8,full,40,0,73,False,8,300.0,180.0,180.0,60.0,100892.71240305308,75787.69933987618,78350.68696451595,8,5,8,3,2,4,25105.0130631769,22542.025438537137,33.12544552987603,28.77068001809115,40,81,success,11.792956365970896,,
11,Product-mix + seven-factor full factorial design,1633,1634,0,2,2,2,15,60,25,300,300,300,0.75,0.8,full,40,0,73,False,8,300.0,180.0,180.0,60.0,120563.29983141966,75787.69933987483,78350.68696451595,9,5,8,4,2,4,44775.60049154483,42212.61286690371,59.080300472964296,53.87650638726535,40,81,success,14.555154498084448,,
11,Product-mix + seven-factor full factorial design,1634,1635,0,2,2,2,15,60,25,300,300,600,0.5,0.8,full,40,0,73,False,8,300.0,180.0,180.0,60.0,224434.88180946268,161078.62829283375,164205.4575652504,12,5,8,4,2,4,63356.25351662893,60229.42424421228,39.33250126854203,36.679307215035095,40,81,success,33.374624270014465,,
11,Product-mix + seven-factor full factorial design,1635,1636,0,2,2,2,15,60,25,300,300,600,0.75,0.8,full,40,0,73,False,8,300.0,180.0,180.0,60.0,223835.5862892039,162872.9773803653,164205.4575652504,13,4,8,4,2,4,60962.60890883859,59630.1287239535,37.42954165224696,36.31434034417416,40,81,success,29.3320750980638,,
11,Product-mix + seven-factor full factorial design,1636,1637,0,2,2,2,15,60,25,600,300,300,0.5,0.8,full,40,0,73,False,8,300.0,180.0,180.0,60.0,100892.71240305308,75787.69933987618,78350.68696451595,8,5,8,3,2,4,25105.0130631769,22542.025438537137,33.12544552987603,28.77068001809115,40,81,success,10.090111828991212,,
11,Product-mix + seven-factor full factorial design,1637,1638,0,2,2,2,15,60,25,600,300,300,0.75,0.8,full,40,0,73,False,8,300.0,180.0,180.0,60.0,120563.29983141966,75787.69933987483,78350.68696451595,9,5,8,4,2,4,44775.60049154483,42212.61286690371,59.080300472964296,53.87650638726535,40,81,success,12.694813837995753,,
11,Product-mix + seven-factor full factorial design,1638,1639,0,2,2,2,15,60,25,600,300,600,0.5,0.8,full,40,0,73,False,8,300.0,180.0,180.0,60.0,224434.88180946268,161078.62829283375,164205.4575652504,12,5,8,4,2,4,63356.25351662893,60229.42424421228,39.33250126854203,36.679307215035095,40,81,success,33.3501286850078,,
11,Product-mix + seven-factor full factorial design,1639,1640,0,2,2,2,15,60,25,600,300,600,0.75,0.8,full,40,0,73,False,8,300.0,180.0,180.0,60.0,223835.5862892039,162872.9773803653,164205.4575652502,13,4,8,4,2,4,60962.60890883859,59630.128723953705,37.42954165224696,36.314340344174326,40,81,success,30.02221727196593,,
11,Product-mix + seven-factor full factorial design,1640,1641,0,2,2,2,15,60,25,300,600,300,0.5,0.8,full,40,0,73,False,8,300.0,180.0,180.0,60.0,275933.3825654962,143898.82893286392,182211.31033725472,13,6,8,4,2,4,132034.55363263228,93722.07222824148,91.7551272736438,51.43592461673834,40,81,success,9.235697124968285,,
11,Product-mix + seven-factor full factorial design,1641,1642,0,2,2,2,15,60,25,300,600,300,0.75,0.8,full,40,0,73,False,8,300.0,180.0,180.0,60.0,286212.32713928283,215776.95655346612,182211.31033725472,11,8,8,4,4,4,70435.37058581668,104001.01680202813,32.64267496903169,57.07714664338495,40,81,success,9.820968777989036,,
11,Product-mix + seven-factor full factorial design,1642,1643,0,2,2,2,15,60,25,300,600,600,0.5,0.8,full,40,0,73,False,8,300.0,180.0,180.0,60.0,305490.44305397826,239157.6977529546,240157.6977529538,10,9,8,4,4,4,66332.74530102365,65332.745301024464,27.73598588891925,27.20410210137473,40,81,success,26.332766109961085,,
11,Product-mix + seven-factor full factorial design,1643,1644,0,2,2,2,15,60,25,300,600,600,0.75,0.8,full,40,0,73,False,8,300.0,180.0,180.0,60.0,309895.6155280386,239157.6977529546,240157.6977529538,10,9,8,4,4,4,70737.91777508397,69737.91777508479,29.57793892469851,29.038385372440995,40,81,success,10.434332343982533,,
11,Product-mix + seven-factor full factorial design,1644,1645,0,2,2,2,15,60,25,600,600,300,0.5,0.8,full,40,0,73,False,8,300.0,180.0,180.0,60.0,275933.3825654962,143898.82893286392,182211.31033725472,13,6,8,4,2,4,132034.55363263228,93722.07222824148,91.7551272736438,51.43592461673834,40,81,success,7.706349600106478,,
11,Product-mix + seven-factor full factorial design,1645,1646,0,2,2,2,15,60,25,600,600,300,0.75,0.8,full,40,0,73,False,8,300.0,180.0,180.0,60.0,286212.32713928283,215776.95655346612,182211.31033725472,11,8,8,4,4,4,70435.37058581668,104001.01680202813,32.64267496903169,57.07714664338495,40,81,success,9.256609758012928,,
11,Product-mix + seven-factor full factorial design,1646,1647,0,2,2,2,15,60,25,600,600,600,0.5,0.8,full,40,0,73,False,8,300.0,180.0,180.0,60.0,305490.44305397826,239157.6977529546,240157.6977529538,10,9,8,4,4,4,66332.74530102365,65332.745301024464,27.73598588891925,27.20410210137473,40,81,success,26.01036642806139,,
11,Product-mix + seven-factor full factorial design,1647,1648,0,2,2,2,15,60,25,600,600,600,0.75,0.8,full,40,0,73,False,8,300.0,180.0,180.0,60.0,309895.6155280386,239157.6977529546,240157.6977529538,10,9,8,4,4,4,70737.91777508397,69737.91777508479,29.57793892469851,29.038385372440995,40,81,success,11.66053940996062,,
11,Product-mix + seven-factor full factorial design,1648,1649,0,2,2,2,30,60,25,300,300,300,0.5,0.8,full,40,0,73,False,8,300.0,180.0,180.0,60.0,128510.98804383012,94418.628243207,101755.41862336465,8,5,8,4,2,4,34092.35980062313,26755.569420465486,36.10766268792507,26.29399965371671,40,81,success,14.84230255894363,,
11,Product-mix + seven-factor full factorial design,1649,1650,0,2,2,2,30,60,25,300,300,300,0.75,0.8,full,40,0,73,False,8,300.0,180.0,180.0,60.0,131080.22001388296,98941.83938975065,101755.41862336465,8,8,8,4,3,4,32138.38062413232,29324.80139051832,32.48209334125389,28.81890889669524,40,81,success,18.91000143403653,,
11,Product-mix + seven-factor full factorial design,1650,1651,0,2,2,2,30,60,25,300,300,600,0.5,0.8,full,40,0,73,False,8,300.0,180.0,180.0,60.0,254386.6125979262,198340.48609949727,211014.92088294655,12,5,8,4,2,4,56046.12649842893,43371.69171497962,28.257532085664774,20.553850663024253,40,81,success,11.956072567030787,,
11,Product-mix + seven-factor full factorial design,1651,1652,0,2,2,2,30,60,25,300,300,600,0.75,0.8,full,40,0,73,False,8,300.0,180.0,180.0,60.0,254386.61259792504,209704.6309490743,211014.92088294655,12,8,8,4,3,4,44681.98164885075,43371.69171497846,21.30710296984407,20.553850663023702,40,81,success,20.30710192397237,,
11,Product-mix + seven-factor full factorial design,1652,1653,0,2,2,2,30,60,25,600,300,300,0.5,0.8,full,40,0,73,False,8,300.0,180.0,180.0,60.0,128510.98804383012,94418.628243207,101755.41862336465,8,5,8,4,2,4,34092.35980062313,26755.569420465486,36.10766268792507,26.29399965371671,40,81,success,15.22138281702064,,
11,Product-mix + seven-factor full factorial design,1653,1654,0,2,2,2,30,60,25,600,300,300,0.75,0.8,full,40,0,73,False,8,300.0,180.0,180.0,60.0,131080.22001388296,98941.83938975056,101755.41862336465,8,8,8,4,3,4,32138.38062413241,29324.80139051832,32.48209334125401,28.81890889669524,40,81,success,18.68071953591425,,
11,Product-mix + seven-factor full factorial design,1654,1655,0,2,2,2,30,60,25,600,300,600,0.5,0.8,full,40,0,73,False,8,300.0,180.0,180.0,60.0,254386.61259792504,198340.48609949727,211014.92088294655,12,5,8,4,2,4,56046.126498427766,43371.69171497846,28.257532085664188,20.553850663023702,40,81,success,11.588258950971069,,
11,Product-mix + seven-factor full factorial design,1655,1656,0,2,2,2,30,60,25,600,300,600,0.75,0.8,full,40,0,73,False,8,300.0,180.0,180.0,60.0,254386.61259792504,209704.6309490743,211014.92088294655,12,8,8,4,3,4,44681.98164885075,43371.69171497846,21.30710296984407,20.553850663023702,40,81,success,19.90125908504706,,
11,Product-mix + seven-factor full factorial design,1656,1657,0,2,2,2,30,60,25,300,600,300,0.5,0.8,full,40,0,73,False,8,300.0,180.0,180.0,60.0,276612.8579011916,162529.7578361962,205616.04199610348,12,6,8,4,2,4,114083.10006499538,70996.8159050881,70.19213071120967,34.52883112419483,40,81,success,4.628677483997308,,
11,Product-mix + seven-factor full factorial design,1657,1658,0,2,2,2,30,60,25,300,600,300,0.75,0.8,full,40,0,73,False,8,300.0,180.0,180.0,60.0,288192.62934980483,237330.41512372575,205616.04199610348,8,10,8,4,4,4,50862.21422607906,82576.58735370135,21.43097175284652,40.16057626246216,40,81,success,9.278510457952509,,
11,Product-mix + seven-factor full factorial design,1658,1659,0,2,2,2,30,60,25,300,600,600,0.5,0.8,full,40,0,73,False,8,300.0,180.0,180.0,60.0,320716.22099030134,284967.16107065347,286967.1610706512,11,10,8,4,4,4,35749.05991964787,33749.05991965014,12.544975282532436,11.760599991209844,40,81,success,16.597052264027297,,
11,Product-mix + seven-factor full factorial design,1659,1660,0,2,2,2,30,60,25,300,600,600,0.75,0.8,full,40,0,73,False,8,300.0,180.0,180.0,60.0,330463.26176395104,284967.16107065143,286967.1610706512,10,10,8,4,4,4,45496.10069329961,43496.10069329984,15.96538370328918,15.15717008560123,40,81,success,14.448175798985176,,
11,Product-mix + seven-factor full factorial design,1660,1661,0,2,2,2,30,60,25,600,600,300,0.5,0.8,full,40,0,73,False,8,300.0,180.0,180.0,60.0,276612.8579011916,162529.7578361962,205616.04199610348,12,6,8,4,2,4,114083.10006499538,70996.8159050881,70.19213071120967,34.52883112419483,40,81,success,4.664805111009628,,
11,Product-mix + seven-factor full factorial design,1661,1662,0,2,2,2,30,60,25,600,600,300,0.75,0.8,full,40,0,73,False,8,300.0,180.0,180.0,60.0,288192.62934980483,237330.41512372575,205616.04199610348,8,10,8,4,4,4,50862.21422607906,82576.58735370135,21.43097175284652,40.16057626246216,40,81,success,9.672514094039798,,
11,Product-mix + seven-factor full factorial design,1662,1663,0,2,2,2,30,60,25,600,600,600,0.5,0.8,full,40,0,73,False,8,300.0,180.0,180.0,60.0,320716.22099030134,284967.16107065347,286967.1610706512,11,10,8,4,4,4,35749.05991964787,33749.05991965014,12.544975282532436,11.760599991209844,40,81,success,16.953107257955708,,
11,Product-mix + seven-factor full factorial design,1663,1664,0,2,2,2,30,60,25,600,600,600,0.75,0.8,full,40,0,73,False,8,300.0,180.0,180.0,60.0,330463.26176395104,284967.16107065143,286967.1610706512,10,10,8,4,4,4,45496.10069329961,43496.10069329984,15.96538370328918,15.15717008560123,40,81,success,14.858027631998992,,
11,Product-mix + seven-factor full factorial design,1664,1665,0,1,3,3,15,30,10,300,300,300,0.5,0.8,full,40,0,73,False,8,300.0,180.0,180.0,60.0,97437.83886562649,85340.02015760525,54394.76755430093,9,6,8,3,2,4,12097.818708021225,43043.07131132554,14.176020448177852,79.13090403108484,40,81,success,15.374131198972464,,
11,Product-mix + seven-factor full factorial design,1665,1666,0,1,3,3,15,30,10,300,300,300,0.75,0.8,full,40,0,73,False,8,300.0,180.0,180.0,60.0,98692.7372061312,88184.91050934722,54394.76755430093,9,6,8,3,3,4,10507.826696783974,44297.96965183026,11.91567427589575,81.43792435110365,40,81,success,17.22771517909132,,
11,Product-mix + seven-factor full factorial design,1666,1667,0,1,3,3,15,30,10,300,300,600,0.5,0.8,full,40,0,73,False,8,300.0,180.0,180.0,60.0,182457.5457144833,158819.1145908539,127873.86198754991,9,6,8,3,2,4,23638.431123629416,54583.68372693338,14.88387036064657,42.68556754174497,40,81,success,12.139552909997292,,
11,Product-mix + seven-factor full factorial design,1667,1668,0,1,3,3,15,30,10,300,300,600,0.75,0.8,full,40,0,73,False,8,300.0,180.0,180.0,60.0,182645.48982657227,161664.00494259587,127873.86198754991,10,6,8,3,3,4,20981.4848839764,54771.627839022345,12.978451753330353,42.83254371746044,40,81,success,16.322831514989957,,
11,Product-mix + seven-factor full factorial design,1668,1669,0,1,3,3,15,30,10,600,300,300,0.5,0.8,full,40,0,73,False,8,300.0,180.0,180.0,60.0,97437.83886562649,85340.02015760525,54394.76755430093,9,6,8,3,2,4,12097.818708021225,43043.07131132554,14.176020448177852,79.13090403108484,40,81,success,13.379178321105428,,
11,Product-mix + seven-factor full factorial design,1669,1670,0,1,3,3,15,30,10,600,300,300,0.75,0.8,full,40,0,73,False,8,300.0,180.0,180.0,60.0,98692.7372061312,88184.91050934722,54394.76755430093,9,6,8,3,3,4,10507.826696783974,44297.96965183026,11.91567427589575,81.43792435110365,40,81,success,17.150682869018055,,
11,Product-mix + seven-factor full factorial design,1670,1671,0,1,3,3,15,30,10,600,300,600,0.5,0.8,full,40,0,73,False,8,300.0,180.0,180.0,60.0,182457.5457144833,158819.1145908539,127873.86198754991,9,6,8,3,2,4,23638.431123629416,54583.68372693338,14.88387036064657,42.68556754174497,40,81,success,12.597921615000814,,
11,Product-mix + seven-factor full factorial design,1671,1672,0,1,3,3,15,30,10,600,300,600,0.75,0.8,full,40,0,73,False,8,300.0,180.0,180.0,60.0,182645.48982657227,161664.00494259587,127873.86198754991,10,6,8,3,3,4,20981.4848839764,54771.627839022345,12.978451753330353,42.83254371746044,40,81,success,16.734898146009073,,
11,Product-mix + seven-factor full factorial design,1672,1673,0,1,3,3,15,30,10,300,600,300,0.5,0.8,full,40,0,73,False,8,300.0,180.0,180.0,60.0,145963.77951871222,123712.01710258136,92766.76449927596,10,6,8,3,2,4,22251.762416130863,53197.01501943628,17.986742870484292,57.34490720526476,40,81,success,14.096837657969443,,
11,Product-mix + seven-factor full factorial design,1673,1674,0,1,3,3,15,30,10,300,600,300,0.75,0.8,full,40,0,73,False,8,300.0,180.0,180.0,60.0,147052.00559180602,126556.9074543222,92766.76449927596,8,6,8,3,3,4,20495.098137483816,54285.24109253008,16.194373384859333,58.517984738978136,40,81,success,17.456845787004568,,
11,Product-mix + seven-factor full factorial design,1674,1675,0,1,3,3,15,30,10,300,600,600,0.5,0.8,full,40,0,73,False,8,300.0,180.0,180.0,60.0,221406.4839474141,188408.20222717145,166245.85893252378,10,6,8,3,2,4,32998.28172024264,55160.62501489031,17.514249024283597,33.18014979084623,40,81,success,12.879243577015586,,
11,Product-mix + seven-factor full factorial design,1675,1676,0,1,3,3,15,30,10,300,600,600,0.75,0.8,full,40,0,73,False,8,300.0,180.0,180.0,60.0,221406.4839474141,199962.06388663585,166245.85893252378,10,6,8,3,3,4,21444.42006077824,55160.62501489031,10.724244211109808,33.18014979084623,40,81,success,16.163955211057328,,
11,Product-mix + seven-factor full factorial design,1676,1677,0,1,3,3,15,30,10,600,600,300,0.5,0.8,full,40,0,73,False,8,300.0,180.0,180.0,60.0,145963.77951871222,123712.01710258136,92766.76449927596,10,6,8,3,2,4,22251.762416130863,53197.01501943628,17.986742870484292,57.34490720526476,40,81,success,15.186012198100798,,
11,Product-mix + seven-factor full factorial design,1677,1678,0,1,3,3,15,30,10,600,600,300,0.75,0.8,full,40,0,73,False,8,300.0,180.0,180.0,60.0,147052.00559180602,126556.9074543222,92766.76449927596,8,6,8,3,3,4,20495.098137483816,54285.24109253008,16.194373384859333,58.517984738978136,40,81,success,17.494050770998,,
11,Product-mix + seven-factor full factorial design,1678,1679,0,1,3,3,15,30,10,600,600,600,0.5,0.8,full,40,0,73,False,8,300.0,180.0,180.0,60.0,221406.4839474141,188408.20222717145,166245.85893252378,10,6,8,3,2,4,32998.28172024264,55160.62501489031,17.514249024283597,33.18014979084623,40,81,success,13.01840678404551,,
11,Product-mix + seven-factor full factorial design,1679,1680,0,1,3,3,15,30,10,600,600,600,0.75,0.8,full,40,0,73,False,8,300.0,180.0,180.0,60.0,221406.4839474141,199962.06388663585,166245.85893252378,10,6,8,3,3,4,21444.42006077824,55160.62501489031,10.724244211109808,33.18014979084623,40,81,success,16.531037869048305,,
11,Product-mix + seven-factor full factorial design,1680,1681,0,1,3,3,30,30,10,300,300,300,0.5,0.8,full,40,0,73,False,8,300.0,180.0,180.0,60.0,116073.35003940898,115683.27117842811,89501.86504257392,5,5,8,3,3,4,390.078860980866,26571.48499683506,0.3371955659684055,29.68819139600681,40,81,success,3.249784290906973,,
11,Product-mix + seven-factor full factorial design,1681,1682,0,1,3,3,30,30,10,300,300,300,0.75,0.8,full,40,0,73,False,8,300.0,180.0,180.0,60.0,116870.09410348765,116242.2761992157,89501.86504257392,6,6,8,3,3,4,627.8179042719421,27368.229060913727,0.5400942968425614,30.57838967701434,40,81,success,3.896982073085383,,
11,Product-mix + seven-factor full factorial design,1682,1683,0,1,3,3,30,30,10,300,300,600,0.5,0.8,full,40,0,73,False,8,300.0,180.0,180.0,60.0,217609.8101625246,217219.7313015437,198088.05696409324,5,5,8,3,3,4,390.0788609808951,19521.75319843137,0.1795780054802613,9.85508843774969,40,81,success,5.147692064987496,,
11,Product-mix + seven-factor full factorial design,1683,1684,0,1,3,3,30,30,10,300,300,600,0.75,0.8,full,40,0,73,False,8,300.0,180.0,180.0,60.0,218406.5542266036,217778.73632233185,198088.05696409324,6,6,8,3,3,4,627.8179042717675,20318.497262510384,0.2882824626838413,10.257305550830583,40,81,success,7.226908441982232,,
11,Product-mix + seven-factor full factorial design,1684,1685,0,1,3,3,30,30,10,600,300,300,0.5,0.8,full,40,0,73,False,8,300.0,180.0,180.0,60.0,116073.35003940898,115683.27117842811,89501.86504257392,5,5,8,3,3,4,390.078860980866,26571.48499683506,0.3371955659684055,29.68819139600681,40,81,success,3.240735960076563,,
11,Product-mix + seven-factor full factorial design,1685,1686,0,1,3,3,30,30,10,600,300,300,0.75,0.8,full,40,0,73,False,8,300.0,180.0,180.0,60.0,116870.09410348765,116242.2761992157,89501.86504257392,6,6,8,3,3,4,627.8179042719421,27368.229060913727,0.5400942968425614,30.57838967701434,40,81,success,3.768133851001039,,
11,Product-mix + seven-factor full factorial design,1686,1687,0,1,3,3,30,30,10,600,300,600,0.5,0.8,full,40,0,73,False,8,300.0,180.0,180.0,60.0,217609.81016252443,217219.7313015437,198088.05696409324,5,5,8,3,3,4,390.0788609807205,19521.753198431197,0.1795780054801809,9.8550884377496,40,81,success,5.140906892018393,,
11,Product-mix + seven-factor full factorial design,1687,1688,0,1,3,3,30,30,10,600,300,600,0.75,0.8,full,40,0,73,False,8,300.0,180.0,180.0,60.0,218406.5542266036,217778.7363223318,198088.05696409324,6,6,8,3,3,4,627.8179042717966,20318.497262510355,0.2882824626838547,10.25730555083057,40,81,success,7.1514103300869465,,
11,Product-mix + seven-factor full factorial design,1688,1689,0,1,3,3,30,30,10,300,600,300,0.5,0.8,full,40,0,73,False,8,300.0,180.0,180.0,60.0,154445.34698438493,154055.2681234041,127873.8619875498,5,5,8,3,3,4,390.0788609808369,26571.48499683512,0.25320708972339,20.77944982956892,40,81,success,3.185340314987116,,
11,Product-mix + seven-factor full factorial design,1689,1690,0,1,3,3,30,30,10,300,600,300,0.75,0.8,full,40,0,73,False,8,300.0,180.0,180.0,60.0,155242.09104846278,154614.27314419096,127873.8619875498,6,6,8,3,3,4,627.8179042718257,27368.22906091297,0.4060542998422481,21.402520136271185,40,81,success,7.981934862094931,,
11,Product-mix + seven-factor full factorial design,1690,1691,0,1,3,3,30,30,10,300,600,600,0.5,0.8,full,40,0,73,False,8,300.0,180.0,180.0,60.0,256691.1527437123,253958.78522479767,236460.0539090697,6,5,8,3,3,4,2732.36751891463,20231.09883464256,1.0759098239094231,8.555820951653164,40,81,success,4.659456410910934,,
11,Product-mix + seven-factor full factorial design,1691,1692,0,1,3,3,30,30,10,300,600,600,0.75,0.8,full,40,0,73,False,8,300.0,180.0,180.0,60.0,256691.1527437123,256076.79526637285,236460.0539090697,6,6,8,3,3,4,614.3574773394503,20231.09883464256,0.2399114205956816,8.555820951653164,40,81,success,5.763587872032076,,
11,Product-mix + seven-factor full factorial design,1692,1693,0,1,3,3,30,30,10,600,600,300,0.5,0.8,full,40,0,73,False,8,300.0,180.0,180.0,60.0,154445.34698438493,154055.2681234041,127873.8619875498,5,5,8,3,3,4,390.0788609808369,26571.48499683512,0.25320708972339,20.77944982956892,40,81,success,3.139980518026277,,
11,Product-mix + seven-factor full factorial design,1693,1694,0,1,3,3,30,30,10,600,600,300,0.75,0.8,full,40,0,73,False,8,300.0,180.0,180.0,60.0,155242.09104846278,154614.27314419096,127873.8619875498,6,6,8,3,3,4,627.8179042718257,27368.22906091297,0.4060542998422481,21.402520136271185,40,81,success,8.145151344011538,,
11,Product-mix + seven-factor full factorial design,1694,1695,0,1,3,3,30,30,10,600,600,600,0.5,0.8,full,40,0,73,False,8,300.0,180.0,180.0,60.0,256691.1527437123,253958.78522479767,236460.0539090697,6,5,8,3,3,4,2732.36751891463,20231.09883464256,1.0759098239094231,8.555820951653164,40,81,success,4.3253871069755405,,
11,Product-mix + seven-factor full factorial design,1695,1696,0,1,3,3,30,30,10,600,600,600,0.75,0.8,full,40,0,73,False,8,300.0,180.0,180.0,60.0,256691.1527437123,256076.79526637285,236460.0539090697,6,6,8,3,3,4,614.3574773394503,20231.09883464256,0.2399114205956816,8.555820951653164,40,81,success,5.751746809110045,,
11,Product-mix + seven-factor full factorial design,1696,1697,0,1,3,3,15,30,25,300,300,300,0.5,0.8,full,40,0,73,False,8,300.0,180.0,180.0,60.0,126894.16955973682,115281.47872982232,108994.74843048547,6,6,8,3,3,4,11612.6908299145,17899.421129251336,10.073336114234278,16.422278492313968,40,81,success,21.626392133999616,,
11,Product-mix + seven-factor full factorial design,1697,1698,0,1,3,3,15,30,25,300,300,300,0.75,0.8,full,40,0,73,False,8,300.0,180.0,180.0,60.0,135788.13702580298,115281.47872982232,108994.74843048547,8,6,8,4,3,4,20506.65829598065,26793.38859531749,17.788337313091525,24.58227481703464,40,81,success,47.67375608498696,,
11,Product-mix + seven-factor full factorial design,1698,1699,0,1,3,3,15,30,25,300,300,600,0.5,0.8,full,40,0,73,False,8,300.0,180.0,180.0,60.0,286461.7982013809,242591.94765087985,239215.0038645888,10,6,8,4,3,4,43869.85055050103,47246.79433679208,18.083803265240785,19.75076545095676,40,81,success,39.98215833597351,,
11,Product-mix + seven-factor full factorial design,1699,1700,0,1,3,3,15,30,25,300,300,600,0.75,0.8,full,40,0,73,False,8,300.0,180.0,180.0,60.0,286441.2133104225,244398.7894528231,239215.0038645888,10,6,8,4,3,4,42042.42385759938,47226.209445833694,17.202386293208267,19.74216026707371,40,81,success,40.90019053616561,,
11,Product-mix + seven-factor full factorial design,1700,1701,0,1,3,3,15,30,25,600,300,300,0.5,0.8,full,40,0,73,False,8,300.0,180.0,180.0,60.0,126894.16955973682,115281.47872982232,108994.74843048547,6,6,8,3,3,4,11612.6908299145,17899.421129251336,10.073336114234278,16.422278492313968,40,81,success,22.14093082211912,,
11,Product-mix + seven-factor full factorial design,1701,1702,0,1,3,3,15,30,25,600,300,300,0.75,0.8,full,40,0,73,False,8,300.0,180.0,180.0,60.0,135788.13702580298,115281.47872982232,108994.74843048547,8,6,8,4,3,4,20506.65829598065,26793.38859531749,17.788337313091525,24.58227481703464,40,81,success,49.0737707070075,,
11,Product-mix + seven-factor full factorial design,1702,1703,0,1,3,3,15,30,25,600,300,600,0.5,0.8,full,40,0,73,False,8,300.0,180.0,180.0,60.0,286461.7982013808,242591.94765087985,239215.0038645888,10,6,8,4,3,4,43869.85055050091,47246.794336791965,18.083803265240736,19.750765450956717,40,81,success,39.68267873697914,,
11,Product-mix + seven-factor full factorial design,1703,1704,0,1,3,3,15,30,25,600,300,600,0.75,0.8,full,40,0,73,False,8,300.0,180.0,180.0,60.0,286441.2133104225,244398.7894528231,239215.0038645888,10,6,8,4,3,4,42042.42385759938,47226.209445833694,17.202386293208267,19.74216026707371,40,81,success,41.70160142611712,,
11,Product-mix + seven-factor full factorial design,1704,1705,0,1,3,3,15,30,25,300,600,300,0.5,0.8,full,40,0,73,False,8,300.0,180.0,180.0,60.0,172718.14612063806,153652.4266765071,147361.82338620236,7,6,8,3,3,4,19065.719444130955,25356.3227344357,12.408342553724232,17.20684648966541,40,81,success,25.309860605048016,,
11,Product-mix + seven-factor full factorial design,1705,1706,0,1,3,3,15,30,25,300,600,300,0.75,0.8,full,40,0,73,False,8,300.0,180.0,180.0,60.0,185896.946653586,153652.4266765071,147361.82338620236,8,6,8,4,3,4,32244.51997707889,38535.12326738364,20.985363312852225,26.1500043782654,40,81,success,30.72711276588961,,
11,Product-mix + seven-factor full factorial design,1706,1707,0,1,3,3,15,30,25,300,600,600,0.5,0.8,full,40,0,73,False,8,300.0,180.0,180.0,60.0,318129.4446579341,254155.2003275861,275445.8206848929,10,6,8,4,3,4,63974.24433034798,42683.62397304119,25.171330056552137,15.496195900489196,40,81,success,33.448431877885014,,
11,Product-mix + seven-factor full factorial design,1707,1708,0,1,3,3,15,30,25,300,600,600,0.75,0.8,full,40,0,73,False,8,300.0,180.0,180.0,60.0,321441.8837013834,275439.0708419917,275445.8206848929,9,8,8,4,4,4,46002.81285939168,45996.06301649055,16.701629408916222,16.698769617241556,40,81,success,40.903341526165605,,
11,Product-mix + seven-factor full factorial design,1708,1709,0,1,3,3,15,30,25,600,600,300,0.5,0.8,full,40,0,73,False,8,300.0,180.0,180.0,60.0,172718.14612063806,153652.4266765071,147361.82338620236,7,6,8,3,3,4,19065.719444130955,25356.3227344357,12.408342553724232,17.20684648966541,40,81,success,24.104528441093866,,
11,Product-mix + seven-factor full factorial design,1709,1710,0,1,3,3,15,30,25,600,600,300,0.75,0.8,full,40,0,73,False,8,300.0,180.0,180.0,60.0,185896.946653586,153652.4266765071,147361.82338620236,8,6,8,4,3,4,32244.51997707889,38535.12326738364,20.985363312852225,26.1500043782654,40,81,success,30.28366076108068,,
11,Product-mix + seven-factor full factorial design,1710,1711,0,1,3,3,15,30,25,600,600,600,0.5,0.8,full,40,0,73,False,8,300.0,180.0,180.0,60.0,318129.4446579341,254155.2003275861,275445.8206848929,10,6,8,4,3,4,63974.24433034798,42683.62397304119,25.171330056552137,15.496195900489196,40,81,success,33.63368649804033,,
11,Product-mix + seven-factor full factorial design,1711,1712,0,1,3,3,15,30,25,600,600,600,0.75,0.8,full,40,0,73,False,8,300.0,180.0,180.0,60.0,321441.8837013834,275439.0708419917,275445.8206848929,9,8,8,4,4,4,46002.81285939168,45996.06301649055,16.701629408916222,16.698769617241556,40,81,success,39.95826760493219,,
11,Product-mix + seven-factor full factorial design,1712,1713,0,1,3,3,30,30,25,300,300,300,0.5,0.8,full,40,0,73,False,8,300.0,180.0,180.0,60.0,143923.96271116316,143338.844419692,144101.84591875825,6,6,8,3,3,4,585.1182914711535,-177.88320759509224,0.4082063685109278,-0.1234426987808187,40,81,success,11.073060302063825,,
11,Product-mix + seven-factor full factorial design,1713,1714,0,1,3,3,30,30,25,300,300,300,0.75,0.8,full,40,0,73,False,8,300.0,180.0,180.0,60.0,153910.40917558578,143338.844419692,144101.84591875825,8,6,8,4,3,4,10571.564755893778,9808.563256827532,7.375226721474426,6.806688140801059,40,81,success,19.529736910015345,,
11,Product-mix + seven-factor full factorial design,1714,1715,0,1,3,3,30,30,25,300,300,600,0.5,0.8,full,40,0,73,False,8,300.0,180.0,180.0,60.0,324010.0748965657,298706.67903061886,309429.198841137,8,6,8,4,3,4,25303.395865946837,14580.8760554287,8.470984294044898,4.712184923089504,40,81,success,16.32322101900354,,
11,Product-mix + seven-factor full factorial design,1715,1716,0,1,3,3,30,30,25,300,300,600,0.75,0.8,full,40,0,73,False,8,300.0,180.0,180.0,60.0,324506.10190697195,309510.3739204164,309429.198841137,9,8,8,4,4,4,14995.727986555548,15076.903065834951,4.844983965032254,4.872488802705246,40,81,success,20.442245926940814,,
11,Product-mix + seven-factor full factorial design,1716,1717,0,1,3,3,30,30,25,600,300,300,0.5,0.8,full,40,0,73,False,8,300.0,180.0,180.0,60.0,143923.96271116316,143338.844419692,144101.84591875825,6,6,8,3,3,4,585.1182914711535,-177.88320759509224,0.4082063685109278,-0.1234426987808187,40,81,success,11.560658590868115,,
11,Product-mix + seven-factor full factorial design,1717,1718,0,1,3,3,30,30,25,600,300,300,0.75,0.8,full,40,0,73,False,8,300.0,180.0,180.0,60.0,153910.40917558578,143338.844419692,144101.84591875825,8,6,8,4,3,4,10571.564755893778,9808.563256827532,7.375226721474426,6.806688140801059,40,81,success,19.356654656119645,,
11,Product-mix + seven-factor full factorial design,1718,1719,0,1,3,3,30,30,25,600,300,600,0.5,0.8,full,40,0,73,False,8,300.0,180.0,180.0,60.0,324010.0748965657,298706.67903061886,309429.198841137,8,6,8,4,3,4,25303.395865946837,14580.8760554287,8.470984294044898,4.712184923089504,40,81,success,16.52132947393693,,
11,Product-mix + seven-factor full factorial design,1719,1720,0,1,3,3,30,30,25,600,300,600,0.75,0.8,full,40,0,73,False,8,300.0,180.0,180.0,60.0,324506.10190697195,309510.3739204164,309429.198841137,9,8,8,4,4,4,14995.727986555548,15076.903065834951,4.844983965032254,4.872488802705246,40,81,success,20.380013464018703,,
11,Product-mix + seven-factor full factorial design,1720,1721,0,1,3,3,30,30,25,300,600,300,0.5,0.8,full,40,0,73,False,8,300.0,180.0,180.0,60.0,182294.91065784785,181709.79236637655,182468.92087447405,6,6,8,3,3,4,585.1182914712408,-174.01021662622225,0.3220070222145664,-0.0953643041194556,40,81,success,10.598836841993034,,
11,Product-mix + seven-factor full factorial design,1721,1722,0,1,3,3,30,30,25,300,600,300,0.75,0.8,full,40,0,73,False,8,300.0,180.0,180.0,60.0,200623.31082163096,181709.79236637655,182468.92087447405,8,6,8,4,3,4,18913.51845525438,18154.38994715692,10.408640177805916,9.949305262590926,40,81,success,14.002530440920964,,
11,Product-mix + seven-factor full factorial design,1722,1723,0,1,3,3,30,30,25,300,600,600,0.5,0.8,full,40,0,73,False,8,300.0,180.0,180.0,60.0,355132.5836331152,345736.97901926,345660.0156614384,8,8,8,4,4,4,9395.60461385519,9472.567971676765,2.7175584863694286,2.740429191253293,40,81,success,13.72605909500271,,
11,Product-mix + seven-factor full factorial design,1723,1724,0,1,3,3,30,30,25,300,600,600,0.75,0.8,full,40,0,73,False,8,300.0,180.0,180.0,60.0,358087.1928198872,345653.26581853663,345660.0156614384,8,8,8,4,4,4,12433.92700135056,12427.177158448789,3.597225378995321,3.5952023940833127,40,81,success,23.1492104860954,,
11,Product-mix + seven-factor full factorial design,1724,1725,0,1,3,3,30,30,25,600,600,300,0.5,0.8,full,40,0,73,False,8,300.0,180.0,180.0,60.0,182294.91065784785,181709.79236637655,182468.92087447405,6,6,8,3,3,4,585.1182914712408,-174.01021662622225,0.3220070222145664,-0.0953643041194556,40,81,success,9.15398214198649,,
11,Product-mix + seven-factor full factorial design,1725,1726,0,1,3,3,30,30,25,600,600,300,0.75,0.8,full,40,0,73,False,8,300.0,180.0,180.0,60.0,200623.31082163096,181709.79236637655,182468.92087447405,8,6,8,4,3,4,18913.51845525438,18154.38994715692,10.408640177805916,9.949305262590926,40,81,success,11.923103732988238,,
11,Product-mix + seven-factor full factorial design,1726,1727,0,1,3,3,30,30,25,600,600,600,0.5,0.8,full,40,0,73,False,8,300.0,180.0,180.0,60.0,355132.5836331152,345736.97901926,345660.0156614384,8,8,8,4,4,4,9395.60461385519,9472.567971676765,2.7175584863694286,2.740429191253293,40,81,success,13.37636169907637,,
11,Product-mix + seven-factor full factorial design,1727,1728,0,1,3,3,30,30,25,600,600,600,0.75,0.8,full,40,0,73,False,8,300.0,180.0,180.0,60.0,358087.1928198872,345653.26581853663,345660.0156614384,8,8,8,4,4,4,12433.92700135056,12427.177158448789,3.597225378995321,3.5952023940833127,40,81,success,22.63387392321601,,
11,Product-mix + seven-factor full factorial design,1728,1729,0,1,3,3,15,60,10,300,300,300,0.5,0.8,full,40,0,73,False,8,300.0,180.0,180.0,60.0,120245.20208216866,114293.07271200826,84397.5135783779,10,6,8,3,3,4,5952.129370160401,35847.68850379076,5.207777889704978,42.47481588483042,40,81,success,13.11876543192193,,
11,Product-mix + seven-factor full factorial design,1729,1730,0,1,3,3,15,60,10,300,300,300,0.75,0.8,full,40,0,73,False,8,300.0,180.0,180.0,60.0,124325.67359968362,114293.07271200826,84397.5135783779,8,6,8,3,3,4,10032.600887675362,39928.160021305725,8.777960596925382,47.309640211409096,40,81,success,18.53525262698531,,
11,Product-mix + seven-factor full factorial design,1730,1731,0,1,3,3,15,60,10,300,300,600,0.5,0.8,full,40,0,73,False,8,300.0,180.0,180.0,60.0,204504.39082015763,187772.16714525584,157876.6080116272,10,6,8,3,3,4,16732.22367490179,46627.78280853044,8.910917911469895,29.534320122393577,40,81,success,13.100271616131067,,
11,Product-mix + seven-factor full factorial design,1731,1732,0,1,3,3,15,60,10,300,300,600,0.75,0.8,full,40,0,73,False,8,300.0,180.0,180.0,60.0,204590.99420282847,187772.16714525584,157876.6080116272,10,6,8,3,3,4,16818.827057572635,46714.38619120128,8.957039434157466,29.5891752296584,40,81,success,28.537046571960676,,
11,Product-mix + seven-factor full factorial design,1732,1733,0,1,3,3,15,60,10,600,300,300,0.5,0.8,full,40,0,73,False,8,300.0,180.0,180.0,60.0,120245.20208216866,114293.07271200826,84397.5135783779,10,6,8,3,3,4,5952.129370160401,35847.68850379076,5.207777889704978,42.47481588483042,40,81,success,14.39020233391784,,
11,Product-mix + seven-factor full factorial design,1733,1734,0,1,3,3,15,60,10,600,300,300,0.75,0.8,full,40,0,73,False,8,300.0,180.0,180.0,60.0,124325.67359968362,114293.07271200826,84397.5135783779,8,6,8,3,3,4,10032.600887675362,39928.160021305725,8.777960596925382,47.309640211409096,40,81,success,20.486570351058617,,
11,Product-mix + seven-factor full factorial design,1734,1735,0,1,3,3,15,60,10,600,300,600,0.5,0.8,full,40,0,73,False,8,300.0,180.0,180.0,60.0,204504.39082015763,187772.16714525584,157876.6080116272,10,6,8,3,3,4,16732.22367490179,46627.78280853044,8.910917911469895,29.534320122393577,40,81,success,13.527634531958029,,
11,Product-mix + seven-factor full factorial design,1735,1736,0,1,3,3,15,60,10,600,300,600,0.75,0.8,full,40,0,73,False,8,300.0,180.0,180.0,60.0,204590.99420282847,187772.16714525584,157876.6080116272,10,6,8,3,3,4,16818.827057572635,46714.38619120128,8.957039434157466,29.5891752296584,40,81,success,28.428699800977483,,
11,Product-mix + seven-factor full factorial design,1736,1737,0,1,3,3,15,60,10,300,600,300,0.5,0.8,full,40,0,73,False,8,300.0,180.0,180.0,60.0,207201.43306064137,191035.8940450867,152772.25654743242,10,6,8,3,3,4,16165.539015554676,54429.17651320895,8.462042746657557,35.62765762794758,40,81,success,11.323745551053436,,
11,Product-mix + seven-factor full factorial design,1737,1738,0,1,3,3,15,60,10,300,600,300,0.75,0.8,full,40,0,73,False,8,300.0,180.0,180.0,60.0,216124.95647755376,191035.8940450867,152772.25654743242,8,6,8,3,3,4,25089.062432467064,63352.69993012134,13.133166705596045,41.46872040896491,40,81,success,23.720409978879616,,
11,Product-mix + seven-factor full factorial design,1738,1739,0,1,3,3,15,60,10,300,600,600,0.5,0.8,full,40,0,73,False,8,300.0,180.0,180.0,60.0,265214.7162609127,252178.388291958,226251.3509806777,10,6,8,3,3,4,13036.327968954747,38963.36528023501,5.169486591318056,17.221274088021936,40,81,success,17.549341824138537,,
11,Product-mix + seven-factor full factorial design,1739,1740,0,1,3,3,15,60,10,300,600,600,0.75,0.8,full,40,0,73,False,8,300.0,180.0,180.0,60.0,290688.8429469126,252178.388291958,226251.3509806777,11,6,8,4,3,4,38510.454654954665,64437.49196623493,15.271116179222076,28.480489370310107,40,81,success,25.250517745967954,,
11,Product-mix + seven-factor full factorial design,1740,1741,0,1,3,3,15,60,10,600,600,300,0.5,0.8,full,40,0,73,False,8,300.0,180.0,180.0,60.0,207201.43306064137,191035.8940450867,152772.25654743242,10,6,8,3,3,4,16165.539015554676,54429.17651320895,8.462042746657557,35.62765762794758,40,81,success,11.338359970133752,,
11,Product-mix + seven-factor full factorial design,1741,1742,0,1,3,3,15,60,10,600,600,300,0.75,0.8,full,40,0,73,False,8,300.0,180.0,180.0,60.0,216124.95647755376,191035.8940450867,152772.25654743242,8,6,8,3,3,4,25089.062432467064,63352.69993012134,13.133166705596045,41.46872040896491,40,81,success,24.42083660280332,,
11,Product-mix + seven-factor full factorial design,1742,1743,0,1,3,3,15,60,10,600,600,600,0.5,0.8,full,40,0,73,False,8,300.0,180.0,180.0,60.0,265214.7162609127,252178.388291958,226251.3509806777,10,6,8,3,3,4,13036.327968954747,38963.36528023501,5.169486591318056,17.221274088021936,40,81,success,17.57543621608056,,
11,Product-mix + seven-factor full factorial design,1743,1744,0,1,3,3,15,60,10,600,600,600,0.75,0.8,full,40,0,73,False,8,300.0,180.0,180.0,60.0,290688.8429469126,252178.388291958,226251.3509806777,11,6,8,4,3,4,38510.454654954665,64437.49196623493,15.271116179222076,28.480489370310107,40,81,success,25.003680159104988,,
11,Product-mix + seven-factor full factorial design,1744,1745,0,1,3,3,30,60,10,300,300,300,0.5,0.8,full,40,0,73,False,8,300.0,180.0,180.0,60.0,142935.5566933478,142350.43840187663,119504.61106665112,6,6,8,3,3,4,585.1182914711826,23430.945626696688,0.4110407372398151,19.606729328317368,40,81,success,2.9698944960255176,,
11,Product-mix + seven-factor full factorial design,1745,1746,0,1,3,3,30,60,10,300,300,300,0.75,0.8,full,40,0,73,False,8,300.0,180.0,180.0,60.0,142935.5566933478,142350.43840187663,119504.61106665112,6,6,8,3,3,4,585.1182914711826,23430.945626696688,0.4110407372398151,19.606729328317368,40,81,success,6.4305898998864,,
11,Product-mix + seven-factor full factorial design,1746,1747,0,1,3,3,30,60,10,300,300,600,0.5,0.8,full,40,0,73,False,8,300.0,180.0,180.0,60.0,244472.01681646408,243886.8985249928,228090.8029881706,6,6,8,3,3,4,585.1182914712699,16381.21382829349,0.2399137858614035,7.181882659750672,40,81,success,6.427448583068326,,
11,Product-mix + seven-factor full factorial design,1747,1748,0,1,3,3,30,60,10,300,300,600,0.75,0.8,full,40,0,73,False,8,300.0,180.0,180.0,60.0,251491.8798865344,243886.8985249928,228090.8029881706,10,6,8,4,3,4,7604.981361541548,23401.076898363768,3.118241040226362,10.259544265613115,40,81,success,9.73422560095787,,
11,Product-mix + seven-factor full factorial design,1748,1749,0,1,3,3,30,60,10,600,300,300,0.5,0.8,full,40,0,73,False,8,300.0,180.0,180.0,60.0,142935.5566933478,142350.43840187663,119504.61106665112,6,6,8,3,3,4,585.1182914711826,23430.945626696688,0.4110407372398151,19.606729328317368,40,81,success,2.9394788811914623,,
11,Product-mix + seven-factor full factorial design,1749,1750,0,1,3,3,30,60,10,600,300,300,0.75,0.8,full,40,0,73,False,8,300.0,180.0,180.0,60.0,142935.55669334804,142350.43840187663,119504.61106665112,6,6,8,3,3,4,585.1182914714154,23430.94562669692,0.4110407372399787,19.606729328317563,40,81,success,6.480775770964101,,
11,Product-mix + seven-factor full factorial design,1750,1751,0,1,3,3,30,60,10,600,300,600,0.5,0.8,full,40,0,73,False,8,300.0,180.0,180.0,60.0,244472.01681646408,243886.8985249928,228090.8029881706,6,6,8,3,3,4,585.1182914712699,16381.21382829349,0.2399137858614035,7.181882659750672,40,81,success,6.435193004785106,,
11,Product-mix + seven-factor full factorial design,1751,1752,0,1,3,3,30,60,10,600,300,600,0.75,0.8,full,40,0,73,False,8,300.0,180.0,180.0,60.0,251491.8798865344,243886.8985249928,228090.8029881706,10,6,8,4,3,4,7604.981361541548,23401.076898363768,3.118241040226362,10.259544265613115,40,81,success,10.64999083802104,,
11,Product-mix + seven-factor full factorial design,1752,1753,0,1,3,3,30,60,10,300,600,300,0.5,0.8,full,40,0,73,False,8,300.0,180.0,180.0,60.0,219678.3780264259,219093.25973495468,187879.35403570376,6,6,8,3,3,4,585.1182914712117,31799.02399072214,0.2670635747439475,16.92523596002954,40,81,success,2.9879491878673434,,
11,Product-mix + seven-factor full factorial design,1753,1754,0,1,3,3,30,60,10,300,600,300,0.75,0.8,full,40,0,73,False,8,300.0,180.0,180.0,60.0,227984.5744486595,219093.25973495468,187879.35403570376,8,6,8,4,3,4,8891.314713704807,40105.220412955736,4.058232884234305,21.346262668826466,40,81,success,6.936169207794592,,
11,Product-mix + seven-factor full factorial design,1754,1755,0,1,3,3,30,60,10,300,600,600,0.5,0.8,full,40,0,73,False,8,300.0,180.0,180.0,60.0,328128.2572282836,308293.1196716947,296465.5459572241,10,6,8,4,3,4,19835.13755658892,31662.711271059467,6.433856706796314,10.680064413160494,40,81,success,6.592318946029991,,
11,Product-mix + seven-factor full factorial design,1755,1756,0,1,3,3,30,60,10,300,600,600,0.75,0.8,full,40,0,73,False,8,300.0,180.0,180.0,60.0,328382.3152880839,311858.00415752793,296465.5459572241,9,9,8,4,4,4,16524.311130555987,31916.769330859766,5.298665068801348,10.765760057482332,40,81,success,9.139274114975706,,
11,Product-mix + seven-factor full factorial design,1756,1757,0,1,3,3,30,60,10,600,600,300,0.5,0.8,full,40,0,73,False,8,300.0,180.0,180.0,60.0,219678.3780264259,219093.25973495468,187879.35403570376,6,6,8,3,3,4,585.1182914712117,31799.02399072214,0.2670635747439475,16.92523596002954,40,81,success,2.993835238972679,,
11,Product-mix + seven-factor full factorial design,1757,1758,0,1,3,3,30,60,10,600,600,300,0.75,0.8,full,40,0,73,False,8,300.0,180.0,180.0,60.0,227984.5744486595,219093.25973495468,187879.35403570376,8,6,8,4,3,4,8891.314713704807,40105.220412955736,4.058232884234305,21.346262668826466,40,81,success,6.795581785030663,,
11,Product-mix + seven-factor full factorial design,1758,1759,0,1,3,3,30,60,10,600,600,600,0.5,0.8,full,40,0,73,False,8,300.0,180.0,180.0,60.0,328128.2572282836,308293.1196716947,296465.5459572241,10,6,8,4,3,4,19835.13755658892,31662.711271059467,6.433856706796314,10.680064413160494,40,81,success,6.858413571957499,,
11,Product-mix + seven-factor full factorial design,1759,1760,0,1,3,3,30,60,10,600,600,600,0.75,0.8,full,40,0,73,False,8,300.0,180.0,180.0,60.0,328382.3152880839,311858.00415752793,296465.5459572241,9,9,8,4,4,4,16524.311130555987,31916.769330859766,5.298665068801348,10.765760057482332,40,81,success,9.350439147092402,,
11,Product-mix + seven-factor full factorial design,1760,1761,0,1,3,3,15,60,25,300,300,300,0.5,0.8,full,40,0,73,False,8,300.0,180.0,180.0,60.0,127089.1447041164,115303.64440291136,116040.87876766067,6,6,8,3,3,4,11785.50030120503,11048.265936455718,10.221273024139949,9.5210119518112,40,81,success,21.013217207044363,,
11,Product-mix + seven-factor full factorial design,1761,1762,0,1,3,3,15,60,25,300,300,300,0.75,0.8,full,40,0,73,False,8,300.0,180.0,180.0,60.0,144664.2785041203,115303.64440291136,116040.87876766067,8,6,8,4,3,4,29360.63410120894,28623.39973645963,25.46375203771755,24.666651994052856,40,81,success,16.72437473293394,,
11,Product-mix + seven-factor full factorial design,1762,1763,0,1,3,3,15,60,25,300,300,600,0.5,0.8,full,40,0,73,False,8,300.0,180.0,180.0,60.0,291484.078237984,242591.94765087985,244005.73697418545,10,6,8,4,3,4,48892.130587104126,47478.34126379853,20.15406160861778,19.45787908618784,40,81,success,32.54780811094679,,
11,Product-mix + seven-factor full factorial design,1763,1764,0,1,3,3,15,60,25,300,300,600,0.75,0.8,full,40,0,73,False,8,300.0,180.0,180.0,60.0,293063.9943800749,244422.37480382872,244005.73697418545,11,6,8,4,3,4,48641.61957624619,49058.25740588945,19.900641099361515,20.10537047785871,40,81,success,33.46327125187963,,
11,Product-mix + seven-factor full factorial design,1764,1765,0,1,3,3,15,60,25,600,300,300,0.5,0.8,full,40,0,73,False,8,300.0,180.0,180.0,60.0,127089.1447041164,115303.64440291136,116040.87876766067,6,6,8,3,3,4,11785.50030120503,11048.265936455718,10.221273024139949,9.5210119518112,40,81,success,21.32270372007042,,
11,Product-mix + seven-factor full factorial design,1765,1766,0,1,3,3,15,60,25,600,300,300,0.75,0.8,full,40,0,73,False,8,300.0,180.0,180.0,60.0,144664.2785041206,115303.64440291136,116040.87876766067,8,6,8,4,3,4,29360.63410120923,28623.39973645992,25.463752037717803,24.666651994053108,40,81,success,18.514968512114137,,
11,Product-mix + seven-factor full factorial design,1766,1767,0,1,3,3,15,60,25,600,300,600,0.5,0.8,full,40,0,73,False,8,300.0,180.0,180.0,60.0,291484.078237984,242591.94765088,244005.73697418545,10,6,8,4,3,4,48892.13058710401,47478.34126379853,20.154061608617724,19.45787908618784,40,81,success,32.62739125220105,,
11,Product-mix + seven-factor full factorial design,1767,1768,0,1,3,3,15,60,25,600,300,600,0.75,0.8,full,40,0,73,False,8,300.0,180.0,180.0,60.0,293063.9943800749,244422.37480382872,244005.73697418545,11,6,8,4,3,4,48641.61957624619,49058.25740588945,19.900641099361515,20.10537047785871,40,81,success,33.915817226981744,,
11,Product-mix + seven-factor full factorial design,1768,1769,0,1,3,3,15,60,25,300,600,300,0.5,0.8,full,40,0,73,False,8,300.0,180.0,180.0,60.0,238606.23488821232,192047.63829286653,184413.83985092788,9,6,8,4,3,4,46558.59659534579,54192.39503728444,24.243253918252,29.38629502053165,40,81,success,20.13481280184351,,
11,Product-mix + seven-factor full factorial design,1769,1770,0,1,3,3,15,60,25,300,600,300,0.75,0.8,full,40,0,73,False,8,300.0,180.0,180.0,60.0,241911.1565730698,192047.63829286653,184413.83985092788,9,6,8,4,3,4,49863.51828020328,57497.31672214193,25.964140316145414,31.178417394605663,40,81,success,11.565226431004705,,
11,Product-mix + seven-factor full factorial design,1770,1771,0,1,3,3,15,60,25,300,600,600,0.5,0.8,full,40,0,73,False,8,300.0,180.0,180.0,60.0,333317.3612104217,254199.53167376417,289538.08135924325,9,6,8,4,3,4,79117.82953665755,43779.279851178464,31.124301848909848,15.12038749640656,40,81,success,28.101813192944974,,
11,Product-mix + seven-factor full factorial design,1771,1772,0,1,3,3,15,60,25,300,600,600,0.75,0.8,full,40,0,73,False,8,300.0,180.0,180.0,60.0,338590.0838577093,290542.7770235593,289538.08135924325,8,7,8,4,4,4,48047.30683414999,49052.002498466056,16.537085287876202,16.9414683789401,40,81,success,18.71976258698851,,
11,Product-mix + seven-factor full factorial design,1772,1773,0,1,3,3,15,60,25,600,600,300,0.5,0.8,full,40,0,73,False,8,300.0,180.0,180.0,60.0,238606.23488821232,192047.63829286653,184413.83985092788,9,6,8,4,3,4,46558.59659534579,54192.39503728444,24.243253918252,29.38629502053165,40,81,success,20.467404939001423,,
11,Product-mix + seven-factor full factorial design,1773,1774,0,1,3,3,15,60,25,600,600,300,0.75,0.8,full,40,0,73,False,8,300.0,180.0,180.0,60.0,241911.1565730698,192047.63829286653,184413.83985092788,9,6,8,4,3,4,49863.51828020328,57497.31672214193,25.964140316145414,31.178417394605663,40,81,success,12.208348439075053,,
11,Product-mix + seven-factor full factorial design,1774,1775,0,1,3,3,15,60,25,600,600,600,0.5,0.8,full,40,0,73,False,8,300.0,180.0,180.0,60.0,333317.3612104217,254199.53167376417,289538.08135924325,9,6,8,4,3,4,79117.82953665755,43779.279851178464,31.124301848909848,15.12038749640656,40,81,success,28.024676172062755,,
11,Product-mix + seven-factor full factorial design,1775,1776,0,1,3,3,15,60,25,600,600,600,0.75,0.8,full,40,0,73,False,8,300.0,180.0,180.0,60.0,338590.0838577099,290542.7770235593,289538.08135924325,8,7,8,4,4,4,48047.30683415057,49052.00249846664,16.537085287876405,16.9414683789403,40,81,success,18.832458436954767,,
11,Product-mix + seven-factor full factorial design,1776,1777,0,1,3,3,30,60,25,300,300,300,0.5,0.8,full,40,0,73,False,8,300.0,180.0,180.0,60.0,143946.12838425214,143361.01009278095,151147.9762559337,6,6,8,3,3,4,585.1182914711826,-7201.847871681559,0.408143253938085,-4.764766323756076,40,81,success,9.494174148887396,,
11,Product-mix + seven-factor full factorial design,1777,1778,0,1,3,3,30,60,25,300,300,300,0.75,0.8,full,40,0,73,False,8,300.0,180.0,180.0,60.0,161573.10237540922,151150.5033748446,151147.9762559337,8,8,8,4,4,4,10422.599000564602,10425.12611947552,6.895510612172526,6.897297851889866,40,81,success,15.20387579407543,,
11,Product-mix + seven-factor full factorial design,1778,1779,0,1,3,3,30,60,25,300,300,600,0.5,0.8,full,40,0,73,False,8,300.0,180.0,180.0,60.0,330045.90962665493,298706.67903061886,314219.93195073266,9,6,8,4,3,4,31339.230596036068,15825.977675922271,10.49164039376021,5.03659254766934,40,81,success,15.620311828097329,,
11,Product-mix + seven-factor full factorial design,1779,1780,0,1,3,3,30,60,25,300,300,600,0.75,0.8,full,40,0,73,False,8,300.0,180.0,180.0,60.0,330527.1749345218,315295.90622057376,314219.93195073266,10,10,8,4,4,4,15231.268713948026,16307.242983789123,4.830785434712426,5.189754476283821,40,81,success,17.2761313340161,,
11,Product-mix + seven-factor full factorial design,1780,1781,0,1,3,3,30,60,25,600,300,300,0.5,0.8,full,40,0,73,False,8,300.0,180.0,180.0,60.0,143946.12838425214,143361.01009278095,151147.9762559337,6,6,8,3,3,4,585.1182914711826,-7201.847871681559,0.408143253938085,-4.764766323756076,40,81,success,9.72981971106492,,
11,Product-mix + seven-factor full factorial design,1781,1782,0,1,3,3,30,60,25,600,300,300,0.75,0.8,full,40,0,73,False,8,300.0,180.0,180.0,60.0,161573.1023754089,151150.5033748446,151147.9762559337,8,8,8,4,4,4,10422.599000564282,10425.1261194752,6.8955106121723135,6.897297851889656,40,81,success,15.192118195816876,,
11,Product-mix + seven-factor full factorial design,1782,1783,0,1,3,3,30,60,25,600,300,600,0.5,0.8,full,40,0,73,False,8,300.0,180.0,180.0,60.0,330045.9096266536,298706.67903061886,314219.93195073266,9,6,8,4,3,4,31339.23059603473,15825.977675920934,10.49164039375976,5.0365925476689135,40,81,success,14.340761305065826,,
11,Product-mix + seven-factor full factorial design,1783,1784,0,1,3,3,30,60,25,600,300,600,0.75,0.8,full,40,0,73,False,8,300.0,180.0,180.0,60.0,330527.1749345218,315295.90622057376,314219.93195073266,10,10,8,4,4,4,15231.268713948026,16307.242983789123,4.830785434712426,5.189754476283821,40,81,success,16.917822268093005,,
11,Product-mix + seven-factor full factorial design,1784,1785,0,1,3,3,30,60,25,300,600,300,0.5,0.8,full,40,0,73,False,8,300.0,180.0,180.0,60.0,247936.74970855095,220105.00398273463,219520.9373391984,9,6,8,4,3,4,27831.74572581632,28415.81236935261,12.644758284550168,12.944465668641527,40,81,success,6.320076486095786,,
11,Product-mix + seven-factor full factorial design,1785,1786,0,1,3,3,30,60,25,300,600,300,0.75,0.8,full,40,0,73,False,8,300.0,180.0,180.0,60.0,248666.76031559275,226894.014931404,219520.9373391984,8,9,8,4,4,4,21772.745384188776,29145.822976394385,9.595998109853737,13.27701281238562,40,81,success,7.2397614871151745,,
11,Product-mix + seven-factor full factorial design,1786,1787,0,1,3,3,30,60,25,300,600,600,0.5,0.8,full,40,0,73,False,8,300.0,180.0,180.0,60.0,368839.3053401455,359753.29385803826,359752.2763357893,8,8,8,4,4,4,9086.01148210722,9087.029004356184,2.5256228746838487,2.525912857845113,40,81,success,15.502050535054876,,
11,Product-mix + seven-factor full factorial design,1787,1788,0,1,3,3,30,60,25,300,600,600,0.75,0.8,full,40,0,73,False,8,300.0,180.0,180.0,60.0,373356.4191798002,359760.06079714274,359752.2763357893,8,8,8,4,4,4,13596.35838265746,13604.1428440109,3.7792851025572896,3.7815307195757466,40,81,success,14.394609912065787,,
11,Product-mix + seven-factor full factorial design,1788,1789,0,1,3,3,30,60,25,600,600,300,0.5,0.8,full,40,0,73,False,8,300.0,180.0,180.0,60.0,247936.74970855095,220105.00398273463,219520.9373391984,9,6,8,4,3,4,27831.74572581632,28415.81236935261,12.644758284550168,12.944465668641527,40,81,success,6.32790486398153,,
11,Product-mix + seven-factor full factorial design,1789,1790,0,1,3,3,30,60,25,600,600,300,0.75,0.8,full,40,0,73,False,8,300.0,180.0,180.0,60.0,248666.76031559275,226894.014931404,219520.9373391984,8,9,8,4,4,4,21772.745384188776,29145.822976394385,9.595998109853737,13.27701281238562,40,81,success,6.457657624967396,,
11,Product-mix + seven-factor full factorial design,1790,1791,0,1,3,3,30,60,25,600,600,600,0.5,0.8,full,40,0,73,False,8,300.0,180.0,180.0,60.0,368839.3053401455,359753.29385803826,359752.2763357893,8,8,8,4,4,4,9086.01148210722,9087.029004356184,2.5256228746838487,2.525912857845113,40,81,success,14.249736950034276,,
11,Product-mix + seven-factor full factorial design,1791,1792,0,1,3,3,30,60,25,600,600,600,0.75,0.8,full,40,0,73,False,8,300.0,180.0,180.0,60.0,373356.4191798002,359760.06079714274,359752.2763357893,8,8,8,4,4,4,13596.35838265746,13604.1428440109,3.7792851025572896,3.7815307195757466,40,81,success,13.25107302912511,,
11,Product-mix + seven-factor full factorial design,1792,1793,0,0,4,4,15,30,10,300,300,300,0.5,0.8,full,40,0,73,False,8,300.0,180.0,180.0,60.0,83792.38499695656,77179.41522300491,66515.80208707383,8,4,8,4,2,4,6612.969773951656,17276.582909882738,8.56830769557389,25.973651925998706,40,81,success,21.52159948903136,,
11,Product-mix + seven-factor full factorial design,1793,1794,0,0,4,4,15,30,10,300,300,300,0.75,0.8,full,40,0,73,False,8,300.0,180.0,180.0,60.0,83792.38499695656,77179.41522300491,66515.80208707383,8,4,8,4,2,4,6612.969773951656,17276.582909882738,8.56830769557389,25.973651925998706,40,81,success,22.38730149017647,,
11,Product-mix + seven-factor full factorial design,1794,1795,0,0,4,4,15,30,10,300,300,600,0.5,0.8,full,40,0,73,False,8,300.0,180.0,180.0,60.0,195090.18787795925,173352.00895405115,164487.92799806956,8,5,8,4,3,4,21738.178923908097,30602.25987988969,12.539905972286736,18.604562810377697,40,81,success,17.250921491067857,,
11,Product-mix + seven-factor full factorial design,1795,1796,0,0,4,4,15,30,10,300,300,600,0.75,0.8,full,40,0,73,False,8,300.0,180.0,180.0,60.0,195090.18787795925,173352.00895405115,164487.92799806956,8,5,8,4,3,4,21738.178923908097,30602.25987988969,12.539905972286736,18.604562810377697,40,81,success,16.049040290061384,,
11,Product-mix + seven-factor full factorial design,1796,1797,0,0,4,4,15,30,10,600,300,300,0.5,0.8,full,40,0,73,False,8,300.0,180.0,180.0,60.0,83792.38499695656,77179.41522300491,66515.80208707383,8,4,8,4,2,4,6612.969773951656,17276.582909882738,8.56830769557389,25.973651925998706,40,81,success,22.14843541989103,,
11,Product-mix + seven-factor full factorial design,1797,1798,0,0,4,4,15,30,10,600,300,300,0.75,0.8,full,40,0,73,False,8,300.0,180.0,180.0,60.0,83792.38499695656,77179.41522300491,66515.80208707383,8,4,8,4,2,4,6612.969773951656,17276.582909882738,8.56830769557389,25.973651925998706,40,81,success,20.541990066878498,,
11,Product-mix + seven-factor full factorial design,1798,1799,0,0,4,4,15,30,10,600,300,600,0.5,0.8,full,40,0,73,False,8,300.0,180.0,180.0,60.0,195090.18787795925,173352.00895405115,164487.92799806956,8,5,8,4,3,4,21738.178923908097,30602.25987988969,12.539905972286736,18.604562810377697,40,81,success,16.04117819503881,,
11,Product-mix + seven-factor full factorial design,1799,1800,0,0,4,4,15,30,10,600,300,600,0.75,0.8,full,40,0,73,False,8,300.0,180.0,180.0,60.0,195090.18787795925,173352.00895405115,164487.92799806956,8,5,8,4,3,4,21738.178923908097,30602.25987988969,12.539905972286736,18.604562810377697,40,81,success,15.80165695003234,,
11,Product-mix + seven-factor full factorial design,1800,1801,0,0,4,4,15,30,10,300,600,300,0.5,0.8,full,40,0,73,False,8,300.0,180.0,180.0,60.0,83792.38499695656,77179.41522300491,66515.80208707383,8,4,8,4,2,4,6612.969773951656,17276.582909882738,8.56830769557389,25.973651925998706,40,81,success,20.092078899033368,,
11,Product-mix + seven-factor full factorial design,1801,1802,0,0,4,4,15,30,10,300,600,300,0.75,0.8,full,40,0,73,False,8,300.0,180.0,180.0,60.0,83792.38499695656,77179.41522300491,66515.80208707383,8,4,8,4,2,4,6612.969773951656,17276.582909882738,8.56830769557389,25.973651925998706,40,81,success,22.3628404319752,,
11,Product-mix + seven-factor full factorial design,1802,1803,0,0,4,4,15,30,10,300,600,600,0.5,0.8,full,40,0,73,False,8,300.0,180.0,180.0,60.0,195090.18787795925,173352.00895405115,164487.92799806956,8,5,8,4,3,4,21738.178923908097,30602.25987988969,12.539905972286736,18.604562810377697,40,81,success,18.14701828011312,,
11,Product-mix + seven-factor full factorial design,1803,1804,0,0,4,4,15,30,10,300,600,600,0.75,0.8,full,40,0,73,False,8,300.0,180.0,180.0,60.0,195090.18787795925,173352.00895405115,164487.92799806956,8,5,8,4,3,4,21738.178923908097,30602.25987988969,12.539905972286736,18.604562810377697,40,81,success,18.36907808901742,,
11,Product-mix + seven-factor full factorial design,1804,1805,0,0,4,4,15,30,10,600,600,300,0.5,0.8,full,40,0,73,False,8,300.0,180.0,180.0,60.0,83792.38499695656,77179.41522300491,66515.80208707383,8,4,8,4,2,4,6612.969773951656,17276.582909882738,8.56830769557389,25.973651925998706,40,81,success,22.417571448953822,,
11,Product-mix + seven-factor full factorial design,1805,1806,0,0,4,4,15,30,10,600,600,300,0.75,0.8,full,40,0,73,False,8,300.0,180.0,180.0,60.0,83792.38499695656,77179.41522300491,66515.80208707383,8,4,8,4,2,4,6612.969773951656,17276.582909882738,8.56830769557389,25.973651925998706,40,81,success,22.03516754298471,,
11,Product-mix + seven-factor full factorial design,1806,1807,0,0,4,4,15,30,10,600,600,600,0.5,0.8,full,40,0,73,False,8,300.0,180.0,180.0,60.0,195090.18787795925,173352.00895405115,164487.92799806956,8,5,8,4,3,4,21738.178923908097,30602.25987988969,12.539905972286736,18.604562810377697,40,81,success,18.084878653055057,,
11,Product-mix + seven-factor full factorial design,1807,1808,0,0,4,4,15,30,10,600,600,600,0.75,0.8,full,40,0,73,False,8,300.0,180.0,180.0,60.0,195090.18787795925,173352.00895405115,164487.92799806956,8,5,8,4,3,4,21738.178923908097,30602.25987988969,12.539905972286736,18.604562810377697,40,81,success,16.527803160017356,,
11,Product-mix + seven-factor full factorial design,1808,1809,0,0,4,4,30,30,10,300,300,300,0.5,0.8,full,40,0,73,False,8,300.0,180.0,180.0,60.0,107988.713729805,107988.713729805,103988.71372980483,4,4,8,4,4,4,0.0,4000.0000000001455,0.0,3.846571283104237,40,81,success,2.2338046559598297,,
11,Product-mix + seven-factor full factorial design,1809,1810,0,0,4,4,30,30,10,300,300,300,0.75,0.8,full,40,0,73,False,8,300.0,180.0,180.0,60.0,107988.713729805,107988.713729805,103988.71372980483,4,4,8,4,4,4,0.0,4000.0000000001455,0.0,3.846571283104237,40,81,success,2.2134345041122288,,
11,Product-mix + seven-factor full factorial design,1810,1811,0,0,4,4,30,30,10,300,300,600,0.5,0.8,full,40,0,73,False,8,300.0,180.0,180.0,60.0,243433.7512835319,243433.7512835319,239433.7512835316,4,4,8,4,4,4,0.0,4000.000000000291,0.0,1.6706082490699437,40,81,success,2.854773505125195,,
11,Product-mix + seven-factor full factorial design,1811,1812,0,0,4,4,30,30,10,300,300,600,0.75,0.8,full,40,0,73,False,8,300.0,180.0,180.0,60.0,243433.7512835319,243433.7512835319,239433.7512835316,4,4,8,4,4,4,0.0,4000.000000000291,0.0,1.6706082490699437,40,81,success,2.873765785014257,,
11,Product-mix + seven-factor full factorial design,1812,1813,0,0,4,4,30,30,10,600,300,300,0.5,0.8,full,40,0,73,False,8,300.0,180.0,180.0,60.0,107988.713729805,107988.713729805,103988.71372980483,4,4,8,4,4,4,0.0,4000.0000000001455,0.0,3.846571283104237,40,81,success,2.2809058639686555,,
11,Product-mix + seven-factor full factorial design,1813,1814,0,0,4,4,30,30,10,600,300,300,0.75,0.8,full,40,0,73,False,8,300.0,180.0,180.0,60.0,107988.713729805,107988.713729805,103988.71372980483,4,4,8,4,4,4,0.0,4000.0000000001455,0.0,3.846571283104237,40,81,success,2.2110470850020647,,
11,Product-mix + seven-factor full factorial design,1814,1815,0,0,4,4,30,30,10,600,300,600,0.5,0.8,full,40,0,73,False,8,300.0,180.0,180.0,60.0,243433.7512835319,243433.7512835319,239433.7512835316,4,4,8,4,4,4,0.0,4000.000000000291,0.0,1.6706082490699437,40,81,success,2.857043403899297,,
11,Product-mix + seven-factor full factorial design,1815,1816,0,0,4,4,30,30,10,600,300,600,0.75,0.8,full,40,0,73,False,8,300.0,180.0,180.0,60.0,243433.7512835319,243433.7512835319,239433.7512835316,4,4,8,4,4,4,0.0,4000.000000000291,0.0,1.6706082490699437,40,81,success,2.8523119639139622,,
11,Product-mix + seven-factor full factorial design,1816,1817,0,0,4,4,30,30,10,300,600,300,0.5,0.8,full,40,0,73,False,8,300.0,180.0,180.0,60.0,107988.713729805,107988.713729805,103988.71372980483,4,4,8,4,4,4,0.0,4000.0000000001455,0.0,3.846571283104237,40,81,success,2.203717452008277,,
11,Product-mix + seven-factor full factorial design,1817,1818,0,0,4,4,30,30,10,300,600,300,0.75,0.8,full,40,0,73,False,8,300.0,180.0,180.0,60.0,107988.713729805,107988.713729805,103988.71372980483,4,4,8,4,4,4,0.0,4000.0000000001455,0.0,3.846571283104237,40,81,success,2.191480629146099,,
11,Product-mix + seven-factor full factorial design,1818,1819,0,0,4,4,30,30,10,300,600,600,0.5,0.8,full,40,0,73,False,8,300.0,180.0,180.0,60.0,243433.7512835319,243433.7512835319,239433.7512835316,4,4,8,4,4,4,0.0,4000.000000000291,0.0,1.6706082490699437,40,81,success,2.843022236134857,,
11,Product-mix + seven-factor full factorial design,1819,1820,0,0,4,4,30,30,10,300,600,600,0.75,0.8,full,40,0,73,False,8,300.0,180.0,180.0,60.0,243433.7512835319,243433.7512835319,239433.7512835316,4,4,8,4,4,4,0.0,4000.000000000291,0.0,1.6706082490699437,40,81,success,2.8386929088737816,,
11,Product-mix + seven-factor full factorial design,1820,1821,0,0,4,4,30,30,10,600,600,300,0.5,0.8,full,40,0,73,False,8,300.0,180.0,180.0,60.0,107988.713729805,107988.713729805,103988.71372980483,4,4,8,4,4,4,0.0,4000.0000000001455,0.0,3.846571283104237,40,81,success,2.1898489149753004,,
11,Product-mix + seven-factor full factorial design,1821,1822,0,0,4,4,30,30,10,600,600,300,0.75,0.8,full,40,0,73,False,8,300.0,180.0,180.0,60.0,107988.713729805,107988.713729805,103988.71372980483,4,4,8,4,4,4,0.0,4000.0000000001455,0.0,3.846571283104237,40,81,success,2.197263748152181,,
11,Product-mix + seven-factor full factorial design,1822,1823,0,0,4,4,30,30,10,600,600,600,0.5,0.8,full,40,0,73,False,8,300.0,180.0,180.0,60.0,243433.7512835319,243433.7512835319,239433.7512835316,4,4,8,4,4,4,0.0,4000.000000000291,0.0,1.6706082490699437,40,81,success,2.842308250023052,,
11,Product-mix + seven-factor full factorial design,1823,1824,0,0,4,4,30,30,10,600,600,600,0.75,0.8,full,40,0,73,False,8,300.0,180.0,180.0,60.0,243433.7512835319,243433.7512835319,239433.7512835316,4,4,8,4,4,4,0.0,4000.000000000291,0.0,1.6706082490699437,40,81,success,2.8400269800331444,,
11,Product-mix + seven-factor full factorial design,1824,1825,0,0,4,4,15,30,25,300,300,300,0.5,0.8,full,40,0,73,False,8,300.0,180.0,180.0,60.0,159847.0614470013,144653.91365619263,142374.5581963558,8,4,8,4,4,4,15193.147790808667,17472.503250645503,10.503101787428376,12.27220893395034,40,81,success,32.64703539386392,,
11,Product-mix + seven-factor full factorial design,1825,1826,0,0,4,4,15,30,25,300,300,300,0.75,0.8,full,40,0,73,False,8,300.0,180.0,180.0,60.0,159847.0614470013,144653.91365619263,142374.5581963558,8,4,8,4,4,4,15193.147790808667,17472.503250645503,10.503101787428376,12.27220893395034,40,81,success,31.196279331110414,,
11,Product-mix + seven-factor full factorial design,1826,1827,0,0,4,4,15,30,25,300,300,600,0.5,0.8,full,40,0,73,False,8,300.0,180.0,180.0,60.0,347970.5148964884,316764.1511363072,316205.4402166335,8,4,8,4,4,4,31206.36376018124,31765.074679854908,9.851608412200909,10.045707834151283,40,81,success,33.51585674798116,,
11,Product-mix + seven-factor full factorial design,1827,1828,0,0,4,4,15,30,25,300,300,600,0.75,0.8,full,40,0,73,False,8,300.0,180.0,180.0,60.0,347970.5148964884,316764.1511363072,316205.4402166335,8,4,8,4,4,4,31206.36376018124,31765.074679854908,9.851608412200909,10.045707834151283,40,81,success,32.74585818499327,,
11,Product-mix + seven-factor full factorial design,1828,1829,0,0,4,4,15,30,25,600,300,300,0.5,0.8,full,40,0,73,False,8,300.0,180.0,180.0,60.0,159847.0614470013,144653.91365619263,142374.5581963558,8,4,8,4,4,4,15193.147790808667,17472.503250645503,10.503101787428376,12.27220893395034,40,81,success,31.71812023990788,,
11,Product-mix + seven-factor full factorial design,1829,1830,0,0,4,4,15,30,25,600,300,300,0.75,0.8,full,40,0,73,False,8,300.0,180.0,180.0,60.0,159847.0614470013,144653.91365619263,142374.5581963558,8,4,8,4,4,4,15193.147790808667,17472.503250645503,10.503101787428376,12.27220893395034,40,81,success,30.535693775163963,,
11,Product-mix + seven-factor full factorial design,1830,1831,0,0,4,4,15,30,25,600,300,600,0.5,0.8,full,40,0,73,False,8,300.0,180.0,180.0,60.0,347970.5148964884,316764.1511363072,316205.4402166335,8,4,8,4,4,4,31206.36376018124,31765.074679854908,9.851608412200909,10.045707834151283,40,81,success,33.98806462320499,,
11,Product-mix + seven-factor full factorial design,1831,1832,0,0,4,4,15,30,25,600,300,600,0.75,0.8,full,40,0,73,False,8,300.0,180.0,180.0,60.0,347970.5148964884,316764.1511363072,316205.4402166335,8,4,8,4,4,4,31206.36376018124,31765.074679854908,9.851608412200909,10.045707834151283,40,81,success,34.16774970013648,,
11,Product-mix + seven-factor full factorial design,1832,1833,0,0,4,4,15,30,25,300,600,300,0.5,0.8,full,40,0,73,False,8,300.0,180.0,180.0,60.0,159847.0614470013,144653.91365619263,142374.5581963558,8,4,8,4,4,4,15193.147790808667,17472.503250645503,10.503101787428376,12.27220893395034,40,81,success,32.01958160987124,,
11,Product-mix + seven-factor full factorial design,1833,1834,0,0,4,4,15,30,25,300,600,300,0.75,0.8,full,40,0,73,False,8,300.0,180.0,180.0,60.0,159847.0614470013,144653.91365619263,142374.5581963558,8,4,8,4,4,4,15193.147790808667,17472.503250645503,10.503101787428376,12.27220893395034,40,81,success,31.955565548036247,,
11,Product-mix + seven-factor full factorial design,1834,1835,0,0,4,4,15,30,25,300,600,600,0.5,0.8,full,40,0,73,False,8,300.0,180.0,180.0,60.0,347970.5148964884,316764.1511363072,316205.4402166335,8,4,8,4,4,4,31206.36376018124,31765.074679854908,9.851608412200909,10.045707834151283,40,81,success,32.984756271820515,,
11,Product-mix + seven-factor full factorial design,1835,1836,0,0,4,4,15,30,25,300,600,600,0.75,0.8,full,40,0,73,False,8,300.0,180.0,180.0,60.0,347970.5148964884,316764.1511363072,316205.4402166335,8,4,8,4,4,4,31206.36376018124,31765.074679854908,9.851608412200909,10.045707834151283,40,81,success,30.98420306108892,,
11,Product-mix + seven-factor full factorial design,1836,1837,0,0,4,4,15,30,25,600,600,300,0.5,0.8,full,40,0,73,False,8,300.0,180.0,180.0,60.0,159847.0614470013,144653.91365619263,142374.5581963558,8,4,8,4,4,4,15193.147790808667,17472.503250645503,10.503101787428376,12.27220893395034,40,81,success,29.97181091178209,,
11,Product-mix + seven-factor full factorial design,1837,1838,0,0,4,4,15,30,25,600,600,300,0.75,0.8,full,40,0,73,False,8,300.0,180.0,180.0,60.0,159847.0614470013,144653.91365619263,142374.5581963558,8,4,8,4,4,4,15193.147790808667,17472.503250645503,10.503101787428376,12.27220893395034,40,81,success,31.68008711002767,,
11,Product-mix + seven-factor full factorial design,1838,1839,0,0,4,4,15,30,25,600,600,600,0.5,0.8,full,40,0,73,False,8,300.0,180.0,180.0,60.0,347970.5148964884,316764.1511363072,316205.4402166335,8,4,8,4,4,4,31206.36376018124,31765.074679854908,9.851608412200909,10.045707834151283,40,81,success,33.97626825096086,,
11,Product-mix + seven-factor full factorial design,1839,1840,0,0,4,4,15,30,25,600,600,600,0.75,0.8,full,40,0,73,False,8,300.0,180.0,180.0,60.0,347970.5148964884,316764.1511363072,316205.4402166335,8,4,8,4,4,4,31206.36376018124,31765.074679854908,9.851608412200909,10.045707834151283,40,81,success,33.27352624991909,,
11,Product-mix + seven-factor full factorial design,1840,1841,0,0,4,4,30,30,25,300,300,300,0.5,0.8,full,40,0,73,False,8,300.0,180.0,180.0,60.0,182126.8252989245,182126.8252989245,179847.4698390862,4,4,8,4,4,4,0.0,2279.3554598382907,0.0,1.2673825558278269,40,81,success,6.483769790036604,,
11,Product-mix + seven-factor full factorial design,1841,1842,0,0,4,4,30,30,25,300,300,300,0.75,0.8,full,40,0,73,False,8,300.0,180.0,180.0,60.0,182126.8252989245,182126.8252989245,179847.4698390862,4,4,8,4,4,4,0.0,2279.3554598382907,0.0,1.2673825558278269,40,81,success,6.191475067986175,,
11,Product-mix + seven-factor full factorial design,1842,1843,0,0,4,4,30,30,25,300,300,600,0.5,0.8,full,40,0,73,False,8,300.0,180.0,180.0,60.0,392077.7842676991,391709.9744217709,391151.2635020943,8,4,8,4,4,4,367.8098459282192,926.5207656048004,0.093898514193101,0.236870196278898,40,81,success,9.331405870849268,,
11,Product-mix + seven-factor full factorial design,1843,1844,0,0,4,4,30,30,25,300,300,600,0.75,0.8,full,40,0,73,False,8,300.0,180.0,180.0,60.0,392077.7842676991,391709.9744217709,391151.2635020943,8,4,8,4,4,4,367.8098459282192,926.5207656048004,0.093898514193101,0.236870196278898,40,81,success,9.44841945101507,,
11,Product-mix + seven-factor full factorial design,1844,1845,0,0,4,4,30,30,25,600,300,300,0.5,0.8,full,40,0,73,False,8,300.0,180.0,180.0,60.0,182126.8252989245,182126.8252989245,179847.4698390862,4,4,8,4,4,4,0.0,2279.3554598382907,0.0,1.2673825558278269,40,81,success,6.042533248895779,,
11,Product-mix + seven-factor full factorial design,1845,1846,0,0,4,4,30,30,25,600,300,300,0.75,0.8,full,40,0,73,False,8,300.0,180.0,180.0,60.0,182126.8252989245,182126.8252989245,179847.4698390862,4,4,8,4,4,4,0.0,2279.3554598382907,0.0,1.2673825558278269,40,81,success,6.101832985877991,,
11,Product-mix + seven-factor full factorial design,1846,1847,0,0,4,4,30,30,25,600,300,600,0.5,0.8,full,40,0,73,False,8,300.0,180.0,180.0,60.0,392077.7842676991,391709.9744217709,391151.2635020943,8,4,8,4,4,4,367.8098459282192,926.5207656048004,0.093898514193101,0.236870196278898,40,81,success,9.126336514018476,,
11,Product-mix + seven-factor full factorial design,1847,1848,0,0,4,4,30,30,25,600,300,600,0.75,0.8,full,40,0,73,False,8,300.0,180.0,180.0,60.0,392077.7842676991,391709.9744217709,391151.2635020943,8,4,8,4,4,4,367.8098459282192,926.5207656048004,0.093898514193101,0.236870196278898,40,81,success,9.718321633059531,,
11,Product-mix + seven-factor full factorial design,1848,1849,0,0,4,4,30,30,25,300,600,300,0.5,0.8,full,40,0,73,False,8,300.0,180.0,180.0,60.0,182126.8252989245,182126.8252989245,179847.4698390862,4,4,8,4,4,4,0.0,2279.3554598382907,0.0,1.2673825558278269,40,81,success,6.25775507488288,,
11,Product-mix + seven-factor full factorial design,1849,1850,0,0,4,4,30,30,25,300,600,300,0.75,0.8,full,40,0,73,False,8,300.0,180.0,180.0,60.0,182126.8252989245,182126.8252989245,179847.4698390862,4,4,8,4,4,4,0.0,2279.3554598382907,0.0,1.2673825558278269,40,81,success,6.163041142048314,,
11,Product-mix + seven-factor full factorial design,1850,1851,0,0,4,4,30,30,25,300,600,600,0.5,0.8,full,40,0,73,False,8,300.0,180.0,180.0,60.0,392077.7842676991,391709.9744217709,391151.2635020943,8,4,8,4,4,4,367.8098459282192,926.5207656048004,0.093898514193101,0.236870196278898,40,81,success,9.298776095965875,,
11,Product-mix + seven-factor full factorial design,1851,1852,0,0,4,4,30,30,25,300,600,600,0.75,0.8,full,40,0,73,False,8,300.0,180.0,180.0,60.0,392077.7842676991,391709.9744217709,391151.2635020943,8,4,8,4,4,4,367.8098459282192,926.5207656048004,0.093898514193101,0.236870196278898,40,81,success,9.644772856030611,,
11,Product-mix + seven-factor full factorial design,1852,1853,0,0,4,4,30,30,25,600,600,300,0.5,0.8,full,40,0,73,False,8,300.0,180.0,180.0,60.0,182126.8252989245,182126.8252989245,179847.4698390862,4,4,8,4,4,4,0.0,2279.3554598382907,0.0,1.2673825558278269,40,81,success,6.086822995916009,,
11,Product-mix + seven-factor full factorial design,1853,1854,0,0,4,4,30,30,25,600,600,300,0.75,0.8,full,40,0,73,False,8,300.0,180.0,180.0,60.0,182126.8252989245,182126.8252989245,179847.4698390862,4,4,8,4,4,4,0.0,2279.3554598382907,0.0,1.2673825558278269,40,81,success,5.976824383018538,,
11,Product-mix + seven-factor full factorial design,1854,1855,0,0,4,4,30,30,25,600,600,600,0.5,0.8,full,40,0,73,False,8,300.0,180.0,180.0,60.0,392077.7842676991,391709.9744217709,391151.2635020943,8,4,8,4,4,4,367.8098459282192,926.5207656048004,0.093898514193101,0.236870196278898,40,81,success,9.359561348101124,,
11,Product-mix + seven-factor full factorial design,1855,1856,0,0,4,4,30,30,25,600,600,600,0.75,0.8,full,40,0,73,False,8,300.0,180.0,180.0,60.0,392077.7842676991,391709.9744217709,391151.2635020943,8,4,8,4,4,4,367.8098459282192,926.5207656048004,0.093898514193101,0.236870196278898,40,81,success,9.50109138386324,,
11,Product-mix + seven-factor full factorial design,1856,1857,0,0,4,4,15,60,10,300,300,300,0.5,0.8,full,40,0,73,False,8,300.0,180.0,180.0,60.0,83792.38499695656,77179.41522300491,66515.80208707383,8,4,8,4,2,4,6612.969773951656,17276.582909882738,8.56830769557389,25.973651925998706,40,81,success,22.60114352707751,,
11,Product-mix + seven-factor full factorial design,1857,1858,0,0,4,4,15,60,10,300,300,300,0.75,0.8,full,40,0,73,False,8,300.0,180.0,180.0,60.0,83792.38499695656,77179.41522300491,66515.80208707383,8,4,8,4,2,4,6612.969773951656,17276.582909882738,8.56830769557389,25.973651925998706,40,81,success,22.686678091995415,,
11,Product-mix + seven-factor full factorial design,1858,1859,0,0,4,4,15,60,10,300,300,600,0.5,0.8,full,40,0,73,False,8,300.0,180.0,180.0,60.0,195090.18787795925,173352.00895405115,164487.92799806956,8,5,8,4,3,4,21738.178923908097,30602.25987988969,12.539905972286736,18.604562810377697,40,81,success,18.464903864078224,,
11,Product-mix + seven-factor full factorial design,1859,1860,0,0,4,4,15,60,10,300,300,600,0.75,0.8,full,40,0,73,False,8,300.0,180.0,180.0,60.0,195090.18787795925,173352.00895405115,164487.92799806956,8,5,8,4,3,4,21738.178923908097,30602.25987988969,12.539905972286736,18.604562810377697,40,81,success,18.253862211015075,,
11,Product-mix + seven-factor full factorial design,1860,1861,0,0,4,4,15,60,10,600,300,300,0.5,0.8,full,40,0,73,False,8,300.0,180.0,180.0,60.0,83792.38499695656,77179.41522300491,66515.80208707383,8,4,8,4,2,4,6612.969773951656,17276.582909882738,8.56830769557389,25.973651925998706,40,81,success,22.047034648014236,,
11,Product-mix + seven-factor full factorial design,1861,1862,0,0,4,4,15,60,10,600,300,300,0.75,0.8,full,40,0,73,False,8,300.0,180.0,180.0,60.0,83792.38499695656,77179.41522300491,66515.80208707383,8,4,8,4,2,4,6612.969773951656,17276.582909882738,8.56830769557389,25.973651925998706,40,81,success,22.44090173300356,,
11,Product-mix + seven-factor full factorial design,1862,1863,0,0,4,4,15,60,10,600,300,600,0.5,0.8,full,40,0,73,False,8,300.0,180.0,180.0,60.0,195090.18787795925,173352.00895405115,164487.92799806956,8,5,8,4,3,4,21738.178923908097,30602.25987988969,12.539905972286736,18.604562810377697,40,81,success,18.140307454159483,,
11,Product-mix + seven-factor full factorial design,1863,1864,0,0,4,4,15,60,10,600,300,600,0.75,0.8,full,40,0,73,False,8,300.0,180.0,180.0,60.0,195090.18787795925,173352.00895405115,164487.92799806956,8,5,8,4,3,4,21738.178923908097,30602.25987988969,12.539905972286736,18.604562810377697,40,81,success,18.8066251820419,,
11,Product-mix + seven-factor full factorial design,1864,1865,0,0,4,4,15,60,10,300,600,300,0.5,0.8,full,40,0,73,False,8,300.0,180.0,180.0,60.0,83792.38499695656,77179.41522300491,66515.80208707383,8,4,8,4,2,4,6612.969773951656,17276.582909882738,8.56830769557389,25.973651925998706,40,81,success,22.04608038114384,,
11,Product-mix + seven-factor full factorial design,1865,1866,0,0,4,4,15,60,10,300,600,300,0.75,0.8,full,40,0,73,False,8,300.0,180.0,180.0,60.0,83792.38499695656,77179.41522300491,66515.80208707383,8,4,8,4,2,4,6612.969773951656,17276.582909882738,8.56830769557389,25.973651925998706,40,81,success,22.385887896176428,,
11,Product-mix + seven-factor full factorial design,1866,1867,0,0,4,4,15,60,10,300,600,600,0.5,0.8,full,40,0,73,False,8,300.0,180.0,180.0,60.0,195090.18787795925,173352.00895405115,164487.92799806956,8,5,8,4,3,4,21738.178923908097,30602.25987988969,12.539905972286736,18.604562810377697,40,81,success,18.38055610493757,,
11,Product-mix + seven-factor full factorial design,1867,1868,0,0,4,4,15,60,10,300,600,600,0.75,0.8,full,40,0,73,False,8,300.0,180.0,180.0,60.0,195090.18787795925,173352.00895405115,164487.92799806956,8,5,8,4,3,4,21738.178923908097,30602.25987988969,12.539905972286736,18.604562810377697,40,81,success,18.26133867795579,,
11,Product-mix + seven-factor full factorial design,1868,1869,0,0,4,4,15,60,10,600,600,300,0.5,0.8,full,40,0,73,False,8,300.0,180.0,180.0,60.0,83792.38499695656,77179.41522300491,66515.80208707383,8,4,8,4,2,4,6612.969773951656,17276.582909882738,8.56830769557389,25.973651925998706,40,81,success,22.64338699099608,,
11,Product-mix + seven-factor full factorial design,1869,1870,0,0,4,4,15,60,10,600,600,300,0.75,0.8,full,40,0,73,False,8,300.0,180.0,180.0,60.0,83792.38499695656,77179.41522300491,66515.80208707383,8,4,8,4,2,4,6612.969773951656,17276.582909882738,8.56830769557389,25.973651925998706,40,81,success,22.64541717292741,,
11,Product-mix + seven-factor full factorial design,1870,1871,0,0,4,4,15,60,10,600,600,600,0.5,0.8,full,40,0,73,False,8,300.0,180.0,180.0,60.0,195090.18787795925,173352.00895405115,164487.92799806956,8,5,8,4,3,4,21738.178923908097,30602.25987988969,12.539905972286736,18.604562810377697,40,81,success,17.726083535933867,,
11,Product-mix + seven-factor full factorial design,1871,1872,0,0,4,4,15,60,10,600,600,600,0.75,0.8,full,40,0,73,False,8,300.0,180.0,180.0,60.0,195090.18787795925,173352.00895405115,164487.92799806956,8,5,8,4,3,4,21738.178923908097,30602.25987988969,12.539905972286736,18.604562810377697,40,81,success,16.454171231016517,,
11,Product-mix + seven-factor full factorial design,1872,1873,0,0,4,4,30,60,10,300,300,300,0.5,0.8,full,40,0,73,False,8,300.0,180.0,180.0,60.0,107988.713729805,107988.713729805,103988.71372980483,4,4,8,4,4,4,0.0,4000.0000000001455,0.0,3.846571283104237,40,81,success,2.2355921228881925,,
11,Product-mix + seven-factor full factorial design,1873,1874,0,0,4,4,30,60,10,300,300,300,0.75,0.8,full,40,0,73,False,8,300.0,180.0,180.0,60.0,107988.713729805,107988.713729805,103988.71372980483,4,4,8,4,4,4,0.0,4000.0000000001455,0.0,3.846571283104237,40,81,success,2.2522494168952107,,
11,Product-mix + seven-factor full factorial design,1874,1875,0,0,4,4,30,60,10,300,300,600,0.5,0.8,full,40,0,73,False,8,300.0,180.0,180.0,60.0,243433.7512835319,243433.7512835319,239433.7512835316,4,4,8,4,4,4,0.0,4000.000000000291,0.0,1.6706082490699437,40,81,success,2.870925860945136,,
11,Product-mix + seven-factor full factorial design,1875,1876,0,0,4,4,30,60,10,300,300,600,0.75,0.8,full,40,0,73,False,8,300.0,180.0,180.0,60.0,243433.7512835319,243433.7512835319,239433.7512835316,4,4,8,4,4,4,0.0,4000.000000000291,0.0,1.6706082490699437,40,81,success,2.905585684813559,,
11,Product-mix + seven-factor full factorial design,1876,1877,0,0,4,4,30,60,10,600,300,300,0.5,0.8,full,40,0,73,False,8,300.0,180.0,180.0,60.0,107988.713729805,107988.713729805,103988.71372980483,4,4,8,4,4,4,0.0,4000.0000000001455,0.0,3.846571283104237,40,81,success,2.231427423888817,,
11,Product-mix + seven-factor full factorial design,1877,1878,0,0,4,4,30,60,10,600,300,300,0.75,0.8,full,40,0,73,False,8,300.0,180.0,180.0,60.0,107988.713729805,107988.713729805,103988.71372980483,4,4,8,4,4,4,0.0,4000.0000000001455,0.0,3.846571283104237,40,81,success,2.212000825908035,,
11,Product-mix + seven-factor full factorial design,1878,1879,0,0,4,4,30,60,10,600,300,600,0.5,0.8,full,40,0,73,False,8,300.0,180.0,180.0,60.0,243433.7512835319,243433.7512835319,239433.7512835316,4,4,8,4,4,4,0.0,4000.000000000291,0.0,1.6706082490699437,40,81,success,2.86522834491916,,
11,Product-mix + seven-factor full factorial design,1879,1880,0,0,4,4,30,60,10,600,300,600,0.75,0.8,full,40,0,73,False,8,300.0,180.0,180.0,60.0,243433.7512835319,243433.7512835319,239433.7512835316,4,4,8,4,4,4,0.0,4000.000000000291,0.0,1.6706082490699437,40,81,success,2.874678175896406,,
11,Product-mix + seven-factor full factorial design,1880,1881,0,0,4,4,30,60,10,300,600,300,0.5,0.8,full,40,0,73,False,8,300.0,180.0,180.0,60.0,107988.713729805,107988.713729805,103988.71372980483,4,4,8,4,4,4,0.0,4000.0000000001455,0.0,3.846571283104237,40,81,success,2.245313912862912,,
11,Product-mix + seven-factor full factorial design,1881,1882,0,0,4,4,30,60,10,300,600,300,0.75,0.8,full,40,0,73,False,8,300.0,180.0,180.0,60.0,107988.713729805,107988.713729805,103988.71372980483,4,4,8,4,4,4,0.0,4000.0000000001455,0.0,3.846571283104237,40,81,success,2.2528196070343256,,
11,Product-mix + seven-factor full factorial design,1882,1883,0,0,4,4,30,60,10,300,600,600,0.5,0.8,full,40,0,73,False,8,300.0,180.0,180.0,60.0,243433.7512835319,243433.7512835319,239433.7512835316,4,4,8,4,4,4,0.0,4000.000000000291,0.0,1.6706082490699437,40,81,success,2.8991994969546795,,
11,Product-mix + seven-factor full factorial design,1883,1884,0,0,4,4,30,60,10,300,600,600,0.75,0.8,full,40,0,73,False,8,300.0,180.0,180.0,60.0,243433.7512835319,243433.7512835319,239433.7512835316,4,4,8,4,4,4,0.0,4000.000000000291,0.0,1.6706082490699437,40,81,success,2.8923079390078783,,
11,Product-mix + seven-factor full factorial design,1884,1885,0,0,4,4,30,60,10,600,600,300,0.5,0.8,full,40,0,73,False,8,300.0,180.0,180.0,60.0,107988.713729805,107988.713729805,103988.71372980483,4,4,8,4,4,4,0.0,4000.0000000001455,0.0,3.846571283104237,40,81,success,2.2556261620484293,,
11,Product-mix + seven-factor full factorial design,1885,1886,0,0,4,4,30,60,10,600,600,300,0.75,0.8,full,40,0,73,False,8,300.0,180.0,180.0,60.0,107988.713729805,107988.713729805,103988.71372980514,4,4,8,4,4,4,0.0,3999.9999999998554,0.0,3.846571283103946,40,81,success,2.264953372068703,,
11,Product-mix + seven-factor full factorial design,1886,1887,0,0,4,4,30,60,10,600,600,600,0.5,0.8,full,40,0,73,False,8,300.0,180.0,180.0,60.0,243433.7512835319,243433.7512835319,239433.7512835316,4,4,8,4,4,4,0.0,4000.000000000291,0.0,1.6706082490699437,40,81,success,2.8663506349548697,,
11,Product-mix + seven-factor full factorial design,1887,1888,0,0,4,4,30,60,10,600,600,600,0.75,0.8,full,40,0,73,False,8,300.0,180.0,180.0,60.0,243433.7512835319,243433.7512835319,239433.7512835316,4,4,8,4,4,4,0.0,4000.000000000291,0.0,1.6706082490699437,40,81,success,2.935908372979611,,
11,Product-mix + seven-factor full factorial design,1888,1889,0,0,4,4,15,60,25,300,300,300,0.5,0.8,full,40,0,73,False,8,300.0,180.0,180.0,60.0,159847.0614470013,144653.91365619263,142374.5581963558,8,4,8,4,4,4,15193.147790808667,17472.503250645503,10.503101787428376,12.27220893395034,40,81,success,31.256038758903745,,
11,Product-mix + seven-factor full factorial design,1889,1890,0,0,4,4,15,60,25,300,300,300,0.75,0.8,full,40,0,73,False,8,300.0,180.0,180.0,60.0,159847.0614470013,144653.91365619263,142374.55819635434,8,4,8,4,4,4,15193.147790808667,17472.503250646958,10.503101787428376,12.272208933951488,40,81,success,31.803903828840703,,
11,Product-mix + seven-factor full factorial design,1890,1891,0,0,4,4,15,60,25,300,300,600,0.5,0.8,full,40,0,73,False,8,300.0,180.0,180.0,60.0,347970.5148964884,316764.1511363072,316205.4402166335,8,4,8,4,4,4,31206.36376018124,31765.074679854908,9.851608412200909,10.045707834151283,40,81,success,30.86189933703281,,
11,Product-mix + seven-factor full factorial design,1891,1892,0,0,4,4,15,60,25,300,300,600,0.75,0.8,full,40,0,73,False,8,300.0,180.0,180.0,60.0,347970.5148964884,316764.1511363072,316205.4402166306,8,4,8,4,4,4,31206.36376018124,31765.07467985782,9.851608412200909,10.045707834152298,40,81,success,33.007359112845734,,
11,Product-mix + seven-factor full factorial design,1892,1893,0,0,4,4,15,60,25,600,300,300,0.5,0.8,full,40,0,73,False,8,300.0,180.0,180.0,60.0,159847.0614470013,144653.91365619263,142374.5581963558,8,4,8,4,4,4,15193.147790808667,17472.503250645503,10.503101787428376,12.27220893395034,40,81,success,30.515128358034417,,
11,Product-mix + seven-factor full factorial design,1893,1894,0,0,4,4,15,60,25,600,300,300,0.75,0.8,full,40,0,73,False,8,300.0,180.0,180.0,60.0,159847.0614470013,144653.91365619263,142374.5581963558,8,4,8,4,4,4,15193.147790808667,17472.503250645503,10.503101787428376,12.27220893395034,40,81,success,31.6614637109451,,
11,Product-mix + seven-factor full factorial design,1894,1895,0,0,4,4,15,60,25,600,300,600,0.5,0.8,full,40,0,73,False,8,300.0,180.0,180.0,60.0,347970.5148964884,316764.1511363072,316205.4402166335,8,4,8,4,4,4,31206.36376018124,31765.074679854908,9.851608412200909,10.045707834151283,40,81,success,32.80543299089186,,
11,Product-mix + seven-factor full factorial design,1895,1896,0,0,4,4,15,60,25,600,300,600,0.75,0.8,full,40,0,73,False,8,300.0,180.0,180.0,60.0,347970.5148964884,316764.1511363072,316205.4402166306,8,4,8,4,4,4,31206.36376018124,31765.07467985782,9.851608412200909,10.045707834152298,40,81,success,32.529686831869185,,
11,Product-mix + seven-factor full factorial design,1896,1897,0,0,4,4,15,60,25,300,600,300,0.5,0.8,full,40,0,73,False,8,300.0,180.0,180.0,60.0,159847.0614470013,144653.91365619263,142374.5581963558,8,4,8,4,4,4,15193.147790808667,17472.503250645503,10.503101787428376,12.27220893395034,40,81,success,31.341593808028847,,
11,Product-mix + seven-factor full factorial design,1897,1898,0,0,4,4,15,60,25,300,600,300,0.75,0.8,full,40,0,73,False,8,300.0,180.0,180.0,60.0,159847.0614470013,144653.91365619263,142374.55819635434,8,4,8,4,4,4,15193.147790808667,17472.503250646958,10.503101787428376,12.272208933951488,40,81,success,31.323846567887813,,
11,Product-mix + seven-factor full factorial design,1898,1899,0,0,4,4,15,60,25,300,600,600,0.5,0.8,full,40,0,73,False,8,300.0,180.0,180.0,60.0,347970.5148964884,316764.1511363072,316205.4402166335,8,4,8,4,4,4,31206.36376018124,31765.074679854908,9.851608412200909,10.045707834151283,40,81,success,32.93543485482223,,
11,Product-mix + seven-factor full factorial design,1899,1900,0,0,4,4,15,60,25,300,600,600,0.75,0.8,full,40,0,73,False,8,300.0,180.0,180.0,60.0,347970.5148964884,316764.1511363072,316205.4402166306,8,4,8,4,4,4,31206.36376018124,31765.07467985782,9.851608412200909,10.045707834152298,40,81,success,33.66262330394238,,
11,Product-mix + seven-factor full factorial design,1900,1901,0,0,4,4,15,60,25,600,600,300,0.5,0.8,full,40,0,73,False,8,300.0,180.0,180.0,60.0,159847.0614470013,144653.91365619263,142374.55819635434,8,4,8,4,4,4,15193.147790808667,17472.503250646958,10.503101787428376,12.272208933951488,40,81,success,31.50966663495637,,
11,Product-mix + seven-factor full factorial design,1901,1902,0,0,4,4,15,60,25,600,600,300,0.75,0.8,full,40,0,73,False,8,300.0,180.0,180.0,60.0,159847.0614470013,144653.91365619263,142374.5581963558,8,4,8,4,4,4,15193.147790808667,17472.503250645503,10.503101787428376,12.27220893395034,40,81,success,31.816921233199537,,
11,Product-mix + seven-factor full factorial design,1902,1903,0,0,4,4,15,60,25,600,600,600,0.5,0.8,full,40,0,73,False,8,300.0,180.0,180.0,60.0,347970.5148964884,316764.1511363072,316205.4402166335,8,4,8,4,4,4,31206.36376018124,31765.074679854908,9.851608412200909,10.045707834151283,40,81,success,33.48254651599564,,
11,Product-mix + seven-factor full factorial design,1903,1904,0,0,4,4,15,60,25,600,600,600,0.75,0.8,full,40,0,73,False,8,300.0,180.0,180.0,60.0,347970.5148964884,316764.1511363072,316205.4402166306,8,4,8,4,4,4,31206.36376018124,31765.07467985782,9.851608412200909,10.045707834152298,40,81,success,35.25613535800949,,
11,Product-mix + seven-factor full factorial design,1904,1905,0,0,4,4,30,60,25,300,300,300,0.5,0.8,full,40,0,73,False,8,300.0,180.0,180.0,60.0,182126.8252989245,182126.8252989245,179847.4698390862,4,4,8,4,4,4,0.0,2279.3554598382907,0.0,1.2673825558278269,40,81,success,6.52171556907706,,
11,Product-mix + seven-factor full factorial design,1905,1906,0,0,4,4,30,60,25,300,300,300,0.75,0.8,full,40,0,73,False,8,300.0,180.0,180.0,60.0,182126.8252989245,182126.8252989245,179847.4698390862,4,4,8,4,4,4,0.0,2279.3554598382907,0.0,1.2673825558278269,40,81,success,6.2467529599089175,,
11,Product-mix + seven-factor full factorial design,1906,1907,0,0,4,4,30,60,25,300,300,600,0.5,0.8,full,40,0,73,False,8,300.0,180.0,180.0,60.0,392077.7842676991,391709.9744217709,391151.2635020943,8,4,8,4,4,4,367.8098459282192,926.5207656048004,0.093898514193101,0.236870196278898,40,81,success,9.890816532075403,,
11,Product-mix + seven-factor full factorial design,1907,1908,0,0,4,4,30,60,25,300,300,600,0.75,0.8,full,40,0,73,False,8,300.0,180.0,180.0,60.0,392077.7842676991,391709.9744217709,391151.2635020943,8,4,8,4,4,4,367.8098459282192,926.5207656048004,0.093898514193101,0.236870196278898,40,81,success,8.992708405014127,,
11,Product-mix + seven-factor full factorial design,1908,1909,0,0,4,4,30,60,25,600,300,300,0.5,0.8,full,40,0,73,False,8,300.0,180.0,180.0,60.0,182126.8252989245,182126.8252989245,179847.4698390862,4,4,8,4,4,4,0.0,2279.3554598382907,0.0,1.2673825558278269,40,81,success,6.033282458782196,,
11,Product-mix + seven-factor full factorial design,1909,1910,0,0,4,4,30,60,25,600,300,300,0.75,0.8,full,40,0,73,False,8,300.0,180.0,180.0,60.0,182126.8252989245,182126.8252989245,179847.4698390862,4,4,8,4,4,4,0.0,2279.3554598382907,0.0,1.2673825558278269,40,81,success,6.145800139056519,,
11,Product-mix + seven-factor full factorial design,1910,1911,0,0,4,4,30,60,25,600,300,600,0.5,0.8,full,40,0,73,False,8,300.0,180.0,180.0,60.0,392077.7842676991,391709.9744217709,391151.2635020943,8,4,8,4,4,4,367.8098459282192,926.5207656048004,0.093898514193101,0.236870196278898,40,81,success,9.710544707952067,,
11,Product-mix + seven-factor full factorial design,1911,1912,0,0,4,4,30,60,25,600,300,600,0.75,0.8,full,40,0,73,False,8,300.0,180.0,180.0,60.0,392077.7842676991,391709.9744217709,391151.2635020943,8,4,8,4,4,4,367.8098459282192,926.5207656048004,0.093898514193101,0.236870196278898,40,81,success,9.307148579973727,,
11,Product-mix + seven-factor full factorial design,1912,1913,0,0,4,4,30,60,25,300,600,300,0.5,0.8,full,40,0,73,False,8,300.0,180.0,180.0,60.0,182126.8252989245,182126.8252989245,179847.4698390862,4,4,8,4,4,4,0.0,2279.3554598382907,0.0,1.2673825558278269,40,81,success,6.484757540049031,,
11,Product-mix + seven-factor full factorial design,1913,1914,0,0,4,4,30,60,25,300,600,300,0.75,0.8,full,40,0,73,False,8,300.0,180.0,180.0,60.0,182126.8252989245,182126.8252989245,179847.4698390862,4,4,8,4,4,4,0.0,2279.3554598382907,0.0,1.2673825558278269,40,81,success,5.981296669924632,,
11,Product-mix + seven-factor full factorial design,1914,1915,0,0,4,4,30,60,25,300,600,600,0.5,0.8,full,40,0,73,False,8,300.0,180.0,180.0,60.0,392077.7842676991,391709.9744217709,391151.2635020943,8,4,8,4,4,4,367.8098459282192,926.5207656048004,0.093898514193101,0.236870196278898,40,81,success,9.350302868988363,,
11,Product-mix + seven-factor full factorial design,1915,1916,0,0,4,4,30,60,25,300,600,600,0.75,0.8,full,40,0,73,False,8,300.0,180.0,180.0,60.0,392077.7842676991,391709.9744217709,391151.2635020943,8,4,8,4,4,4,367.8098459282192,926.5207656048004,0.093898514193101,0.236870196278898,40,81,success,9.695755993947389,,
11,Product-mix + seven-factor full factorial design,1916,1917,0,0,4,4,30,60,25,600,600,300,0.5,0.8,full,40,0,73,False,8,300.0,180.0,180.0,60.0,182126.8252989245,182126.8252989245,179847.4698390862,4,4,8,4,4,4,0.0,2279.3554598382907,0.0,1.2673825558278269,40,81,success,6.22215777495876,,
11,Product-mix + seven-factor full factorial design,1917,1918,0,0,4,4,30,60,25,600,600,300,0.75,0.8,full,40,0,73,False,8,300.0,180.0,180.0,60.0,182126.8252989245,182126.8252989245,179847.4698390862,4,4,8,4,4,4,0.0,2279.3554598382907,0.0,1.2673825558278269,40,81,success,6.025861441157758,,
11,Product-mix + seven-factor full factorial design,1918,1919,0,0,4,4,30,60,25,600,600,600,0.5,0.8,full,40,0,73,False,8,300.0,180.0,180.0,60.0,392077.7842676991,391709.9744217709,391151.2635020943,8,4,8,4,4,4,367.8098459282192,926.5207656048004,0.093898514193101,0.236870196278898,40,81,success,9.371824539033696,,
11,Product-mix + seven-factor full factorial design,1919,1920,0,0,4,4,30,60,25,600,600,600,0.75,0.8,full,40,0,73,False,8,300.0,180.0,180.0,60.0,392077.7842676991,391709.9744217709,391151.2635020943,8,4,8,4,4,4,367.8098459282192,926.5207656048004,0.093898514193101,0.236870196278898,40,81,success,10.009024851955472,,
